,log_3_utr_length,log_5_utr_length,log_cds_length,gc_content_5_utr,gc_content_cds,gc_content_3_utr,AAA,AAC,AAG,AAT,ACA,ACC,ACG,ACT,AGA,AGC,AGG,AGT,ATA,ATC,ATG,ATT,CAA,CAC,CAG,CAT,CCA,CCC,CCG,CCT,CGA,CGC,CGG,CGT,CTA,CTC,CTG,CTT,GAA,GAC,GAG,GAT,GCA,GCC,GCG,GCT,GGA,GGC,GGG,GGT,GTA,GTC,GTG,GTT,TAC,TAT,TCA,TCC,TCG,TCT,TGC,TGG,TGT,TTA,TTC,TTG,TTT,energy,msqe,xvar,test_y,pred_y
Adipose_Subcutaneous,-0.010022647105822,9.737652354356169e-05,-0.003989529081007881,-0.025626759315133776,0.059528758974807215,-0.030188080420361006,0.03443248216020469,0.5426498322967546,-0.4693780010237841,-0.17104007643238106,-0.15094497744601007,0.9106049687114747,-1.3209077326124612,0.36998321694216274,0.029866901162044338,0.07319293803185639,-0.4598898059976932,-0.21473038916207426,-0.7923163306159957,-0.12057953483504147,-0.5637599274804399,-0.41641647784594316,0.46310500649612363,0.7864535995574539,0.19077311847367073,-0.07624918708254524,0.2441474661285485,0.4434700332511224,0.1287056878348407,-0.13750538163352014,-0.45640572829431714,0.5307207919942674,0.1844774803607975,0.7947211003169815,0.274146006344824,0.7606126415411485,0.40651003066905117,0.4414254623147025,-0.38892715556825985,-0.10840885675543999,-0.1342810999570237,-1.0713962646919641,-1.0442566883548816,0.40097274242961883,-0.23015811986534987,-0.6650949918841548,-0.5926925035746282,0.17033718331432168,0.5255333875932575,-0.3337542597298432,-1.0047764647947244,-0.08117976082316747,-0.1177639596098522,-0.3972579774570609,0.3437379841324391,-0.7775140340920431,0.07062761859582319,0.5172287228625956,0.6102050214690544,0.03867052363434905,0.1567434819768581,0.3605198072035866,0.37333693922023853,-0.6154755609583791,0.6544231531078507,-0.2156774747912907,-0.4218514110091149,-3.281713581994899e-05,6.282437026523689,0.039211822337685054,"[-0.98743708  1.40094564  1.05226362 ...  0.54917021  0.34243487
  0.77937231]","[-0.06880972 -0.15775583 -0.03059967 ... -0.23615758  0.03616747
  0.03798067]"
Adipose_Visceral_Omentum,-0.008010563210784284,-0.0007321609952242227,-0.0034753198876888197,-0.01004583210108575,0.019940151262007405,-0.03253108564614233,-0.034476830583599745,0.35516619524287796,-0.40923050895432045,0.040067375240856205,0.23789283324328456,0.5750803218393754,-0.8381410960396437,0.280862936697659,-0.16844339078716725,0.19620358841448576,-0.29035338000462213,-0.2106170347257682,0.20774229385184056,-0.2928241599381825,-0.3158387314501542,-0.013958669211154694,0.6814621680744061,0.16615529782908106,-0.0825956010406566,-0.19631178074733485,0.19455751440561897,0.3130787861496968,0.08727894227122665,-0.11363729684980196,-0.7716151367146352,0.0509575354876236,-0.33106517782583844,-0.017498657400675036,0.3171929318278228,0.6676182926211804,0.649559192954365,0.14413803204647854,-0.2405664657499019,-0.28616780516403595,-0.5686861754522865,-1.0588972935533854,-0.44952902468196276,0.11659267946749084,-0.04635517299250065,-0.5740673334405241,0.20911480445139952,-0.2283653705176404,0.3026921806391197,-0.017152416328702267,-0.5909679467774874,0.1999573041201784,0.3001378041725575,-0.30490338342205314,0.4873218250370095,-0.4584751802077961,-0.5771274213187555,-0.022386673671880766,0.09709729309858363,-0.38129111943365807,0.126799358112982,1.4192626758997249,0.6101891705350039,-0.18567460484337656,0.7765790121696968,-0.11201983835722139,0.10810118344200502,-9.150883116792117e-06,5.672709664263497,0.019818085790181295,"[-0.43228432  1.32193636  0.65543601 ...  0.33994225  0.10364801
  0.29270542]",[0.11218358 0.01513921 0.07284024 ... 0.01011364 0.14324061 0.08654965]
Adrenal_Gland,-0.004646594613323034,-0.006638711004859361,0.005459260012897949,0.03743898688150119,-0.04859563048352933,-0.10089101541576187,0.0411107687761907,-0.47299572868623957,-0.36524142321610403,0.25772546038356303,0.060614519236013555,0.010308549998909514,0.6723864930713804,-0.012346495240625427,-0.3861381173168398,-0.6165562014428322,-0.9478032732465018,-0.8461137443420705,0.4480198898745448,0.06171452391531321,0.9884035913747737,0.7342988848649897,-0.7241480840520541,-0.7719186407741878,-0.46460630755785287,-0.4659955089371901,-0.2698525776111665,-0.9772514694481602,0.14474090531821132,-0.10986315471528786,0.7079173127639219,-0.4615025760446053,-0.765880973340597,-0.5971478870452017,0.09787425026904553,0.5731599677450315,0.14536613985719365,0.8624589800356341,0.183192686500561,-0.5061469947733496,-0.42353184280270706,0.12190169523610356,0.39512374489987345,0.1106908302655245,0.5162639362014294,0.659106179529309,0.9150775438793998,0.009865859472203245,-0.7268257963853343,0.2340348592272622,0.39148764461638375,0.6018859994401076,0.39925342139051184,1.102823502294499,0.47400487132450236,0.8776650341661927,-0.717997001325901,-0.6849535786584561,-0.08852066459857245,-0.23736206105895974,-0.12504783447976353,1.4873028798514918,-0.9875446742379195,0.5497581908541264,0.5765494359640365,1.4766438037352494,0.3048948077472677,-8.260361502066504e-07,7.557141372359747,0.041605330873323854,"[ 0.22415138  0.25798317 -0.64870778 ...  0.58830433  0.25905308
  0.74568919]",[0.26442661 0.30347521 0.08102157 ... 0.32907367 0.18248339 0.18169334]
Artery_Aorta,-0.0059881837968768226,0.0008842766267984971,-0.0005468422347766679,0.010701286015822771,0.03246275217877264,-0.015943993774451378,-0.10636665677291361,0.8864944802827318,-0.05684346736447849,0.056755025427593565,0.2607735034259766,0.5825687928794365,-0.8746999205453596,-0.09089233126203303,-0.22751092314869384,-0.38435900068136614,-0.78804244143303,-0.7066244731214387,-1.0787523915269848,0.20842997562270205,-0.13350114670607285,-0.2703981236914644,-0.16155207764314344,0.4025309201199645,0.11534267157931453,-0.923804146556255,0.6394814471814478,0.2966072059258674,0.11942554490375959,0.7829559254656611,0.6708711747060814,-0.20174829365127617,-0.02575862077414334,0.47411473681735883,-0.4349931023351861,0.08654067297711099,-0.052677059356319604,-0.43444566051037053,-0.06604914016513548,0.43371038754256297,0.20205105217473968,0.5656232494795768,-0.47838854792745167,-0.05568477604569035,-0.05991175119085117,-0.8295897587020945,-0.033352428687513196,0.23606032906296462,0.2071935762045928,-0.17353103715710777,-0.9730875954991933,0.12333034624706228,0.40176873796337415,-0.3408718758471843,0.2615842902274893,0.04563837886903373,-0.4133110600967824,-0.5653866811258669,-0.2385103740390862,-0.11065378617485791,-0.29790924604132485,0.47759931694791596,0.5486017564405355,-1.3000259723801968,0.509488046095233,-0.5082973948363482,-0.6597253048280967,-1.0927888611077606e-05,6.255405529639435,0.012879270604188364,"[-0.4225784   0.59174189  0.8255074  ...  0.21819698  0.08605395
  0.86029231]","[ 0.11691813  0.16206417  0.08766348 ... -0.01859703  0.20173835
  0.21795507]"
Artery_Coronary,0.001586860343216469,0.001295831461230737,0.005868615428586993,0.01497519570938143,-0.00685123866103094,-0.08263196236706916,0.15923793181319462,1.0559775340976136,-0.06909883810082097,0.16398540847804963,0.5447961876741825,0.8385274228563792,-0.17257298711769783,0.1627741023991103,-0.25665063385070747,-0.21759735721832518,-0.8977712482285921,-0.5371958502076173,-0.24897413545042082,0.09539693116423013,-0.08041983876043812,0.005523905496899308,-0.12560686860276743,0.2589560250578223,0.18458589879420798,-0.9281834080983927,0.5398928215954838,0.25337205246945343,0.25085633052770767,0.7224836830780671,0.4302469811583063,-0.21444323722099218,-0.2285497699664991,-0.04603507067756133,-0.6821134670455831,0.15913296327557638,-0.22541427849530993,-0.07173571250608746,0.04728185237561281,0.5049790768414869,-0.15487752638798144,0.3996785341830047,-0.41690625663914244,-0.10391561608797382,-0.1618133639952148,-0.6058671919205942,0.03924224642686132,-0.024940281194840035,-0.2626913360651477,-0.5360921925681351,-0.7428710368484444,-0.018728811978407842,0.06034450565455795,0.028195604739139898,0.3737904939609331,-0.013510101461674489,-0.14255625871337607,-0.5558820540945959,-0.005333541397949283,-0.29644356310131,-0.04537442124386181,0.32690742544868884,0.014252779043432492,-0.6534119404574803,0.6038516005302803,-0.296127050793038,-0.26459415217045545,-6.253817555638144e-09,6.1853326309313035,0.005853928461756919,"[-0.23961475  0.58925465  0.44860503 ...  0.51262536  0.06991914
  0.87334846]",[0.22312826 0.25048852 0.20462025 ... 0.17926197 0.20461771 0.21592209]
Artery_Tibial,0.0007241758126048719,-0.0005491952437417517,0.0018857379417492393,0.08593619720708895,0.013124621763666402,-0.07735346845424272,0.2320453725711499,1.0685334863738227,0.4808691005069077,-0.038623663569131036,0.357147747189219,0.06791144867133514,-1.4683251989146737,-0.27830923453480244,-0.144511409564054,-0.3823387444675266,-1.526672427454881,-0.4794940601810791,-1.134372200594327,0.01644176528149269,0.10106635608117394,-0.33790209630695334,-0.5698630128898189,0.7416145742499742,0.6798041349881652,-0.7876806488627944,0.3420793646238233,0.47359504574639405,0.43061739270306687,0.7053211271847264,2.257218039468982,-0.14663900042530947,0.8006856059889299,0.9988389034619856,-1.3054895484307671,-0.2674251489647434,-0.6882854468223268,-0.11381157934095656,0.13759332367849766,0.7529171786557641,0.21859733318064456,0.879195046917274,-0.23472961012635382,0.032877656593768845,0.01584615750258188,-0.49549472032253866,-0.49873786509050894,0.07388642885346139,-0.23756463793522659,-0.29440890687615906,-0.3725261198887043,-0.667021451013516,0.11992184974728634,-0.3874295834668274,-0.28645554208803375,-0.10929760689049299,0.5624506889708901,-0.6511446831403028,1.1443063157850777,0.185066273733076,-0.6723573270344722,-1.0275878311764308,0.19228776021825172,-1.1876747747700547,0.14597000336165689,0.21691852919968863,-0.7322846084475161,2.0454883240082226e-05,8.555461414932127,0.011426050317061898,"[-0.34611162  0.37433491  1.07207772 ...  0.11473445  0.24611062
  1.38636112]",[0.27353278 0.45491297 0.33427661 ... 0.26274221 0.35051584 0.39426313]
Brain_Amygdala,0.0344310385674861,0.0037321676429205716,-0.020881644057617745,0.08284118215021927,-0.08305599501672228,-0.08630726151858102,-0.046280215073975776,-0.004082650530403303,0.8272704952943609,0.4354887070026518,0.004159482477890136,-0.9792739353697109,1.2082247860809494,-0.7246692155759982,-0.0717391446466337,-0.945509675300239,-0.08562053225738352,0.6703530052708618,0.6831341653574629,1.2801723417424726,0.7662323703008652,0.9199062200041284,-1.2493633378906401,-2.0056902903633245,-0.7079278881723826,0.04687609419915378,-0.32422318289515717,-0.6136154757894794,1.1500968485237661,-0.8696797401675297,-0.6239952228477892,0.20520114701567418,-0.02543214656417815,-1.7479772812297347,-1.8805631533493912,-1.7458459380038238,-0.8142473738679518,-0.6648518564129912,0.6764623704030868,0.8136777912803456,0.36371392571477756,1.3436725718211289,2.0335060340185263,-0.41549223518794054,1.0341134335260775,0.6152115327442982,0.4218252761275074,-0.5763197960590831,-0.17533963711206385,-0.17689171379188914,1.664730827625184,-0.27461234025195225,-0.16988379520495542,0.2486634934264162,0.19533036496200554,1.3464581492926113,0.008015336662233722,-0.09607967390089016,0.5238102123337016,0.06039509326005428,-0.19003903366321012,-0.5792417851217929,-1.56201340094101,1.024033459599676,-0.6298517575138224,-0.8979978637620661,0.7636591394489639,0.00010260135684350567,9.797673435237147,0.059712907105418656,"[ 2.47432084 -2.03094914 -0.61195722 ...  0.88233232 -0.55552717
 -0.29400741]",[0.5487666  0.4818307  0.44173509 ... 0.58266241 0.65046308 0.21481657]
Brain_Anterior_cingulate_cortex_BA24,0.03666051515576467,0.004867826247701441,-0.018909574119795408,0.10365294995277409,-0.09347398777168235,-0.0724071937304051,-0.06200259360628166,0.4194656143447683,0.838329433146774,0.7502888283883304,-0.19449659091779462,-1.0929009114534864,1.3866917998008512,-1.1412922550327156,-0.6563177050696699,-0.8704948611551171,-0.27506992276042125,0.34608746469627216,1.0673887073056967,1.3971795198513626,0.9057134611475479,0.9875749917727207,-1.364479387820902,-1.83664773969464,-0.6102566189206459,0.12801426046358536,-0.9099341811462457,-0.6172330225903953,1.070121860912753,-0.903081716985221,0.16026058150938458,-0.16929351006970492,-0.267868855940122,-1.577574632411444,-1.6549942971878844,-2.1346755727597317,-1.123802372892072,-0.49254943615832675,0.5766565831152893,0.9950834965127365,0.3713260897314491,1.4878422528493547,2.1186398572498835,-0.17095648306291217,1.2397958114718632,0.5938397660551824,0.6803729203095009,-0.40236708937600535,-0.4932190485442247,0.010764600621266543,1.7861273225508494,-0.6325761021535916,-0.17721532007064733,0.23586291045395272,-0.11156398879103151,1.68253919734557,-0.0874402125318547,0.07480643430169277,1.4055802487143383,0.48214032813997537,-0.011673432404096601,-0.9591734362133926,-1.6755853859197942,1.5413869543139929,-0.7086367955310406,-0.38406589000399904,0.9310622028146491,0.0001008788852870223,10.29768306097237,0.06361108084183731,"[ 2.65638117 -2.31951906 -0.48999443 ...  1.05772433 -0.75483598
 -0.50378477]",[0.60238781 0.52572133 0.48782137 ... 0.62649783 0.74575104 0.19755961]
Brain_Caudate_basal_ganglia,0.029946754368429314,0.0024395883945575055,-0.012556637032402014,0.06283077915508932,-0.08165643985379026,-0.08629115269394534,-0.07583227101356595,0.21916580571854458,0.19274625970272752,0.6328622144436934,0.08808818941453989,-0.7853996693607619,0.8570887613819587,-0.37327795633848776,0.29784263183942244,-0.7326261510649292,0.33649169695384656,0.52254534158042,1.139582192424509,0.79720249652713,0.5224154829382675,0.8880701129252436,-1.0096339651230268,-1.5320718378743012,-0.5373854111108719,-0.0755010890470173,-0.6345058904935049,-0.7042764804463252,0.7004845632389237,-0.8506280686756805,0.12140748280114257,-0.26854036856006075,0.005990059653500052,-2.1420445195359012,-0.7788378943274988,-1.690037973864183,-0.69937789964124,-0.4715517493089864,0.43767934370255934,0.4504557164878143,0.3378419121255076,0.8525927932101184,1.7177665715049795,-0.39417743456315485,1.1121835708975425,0.8965796978511215,0.7548482046093541,-0.5253684082254089,-0.23042552505325806,-0.24343079760462707,1.8887666205664215,-0.6325073984115113,-0.06462182421194043,0.39547340896629823,0.19971303141551117,1.6806087411448285,-0.05920467000901674,0.1713987270974142,0.7638791574380263,0.15371855167619256,0.27558331201033676,-0.5425166166888298,-0.9385217625754347,0.6739351466848497,-0.5496172226717211,-0.5375968287864274,0.9431797582023039,9.563951524564325e-05,7.243871261600757,0.06287194857301237,"[ 2.1721437  -2.14884113 -0.81192252 ...  0.72042767 -0.70236856
 -0.70043178]",[0.33508384 0.29947284 0.27118428 ... 0.37799048 0.49501051 0.04018139]
Brain_Cerebellar_Hemisphere,0.04448465775403325,0.007949370413125689,0.030900240341179386,-0.12860672030583536,-0.06449388134074284,-0.1646565577674196,-0.08062909261626863,0.4308592588151605,-0.2245585534065804,0.59604422081447,0.6027170598916115,-0.8252803134912244,0.21062435655017647,-0.8235391083102674,0.34351577362851415,1.1445770590188606,1.6467067396130324,1.7069442061357825,0.7763473504250867,-0.25445575412581173,-0.8289155477421198,-0.1072944870325409,0.3852950949501935,0.9435735428480045,-0.06926133975529139,2.0255754883998853,-0.5809991556607325,-0.6977382612643592,0.07441320548712119,-0.11298640720504786,0.09198035605584245,-0.7931878193194224,-0.1427044422736396,-0.8712994791568588,0.3726793043983467,-0.6670796946274732,-0.5603503722980765,-0.8241400475339948,0.40270309027269513,0.13423557115089357,0.4840230098714888,-0.10089671637775223,0.9501564636522231,-0.40431052401633505,-0.31818279214880013,-0.001519688761999763,1.0607365246097518,-0.6742568440720071,-0.6886898312746735,-0.04944143062085501,0.7267667634317816,-0.3604629902437921,-0.5275427360995054,-0.21773072525547243,-0.2081875877837678,0.22146243137276284,1.0825130645143681,0.9820166638338209,1.1479626047540294,1.9301431846986667,-0.1811082199077232,-1.5714779937826375,0.7033019028101799,0.39529164011565743,-1.4594537767192914,0.2674948038167962,0.2957375695760893,6.516300554889277e-05,12.388547598971195,0.08201311301047431,"[ 0.28222655 -2.74052188 -0.68076322 ...  0.42351711 -0.94493886
 -1.47461461]","[-0.31039891 -0.41967717 -0.14092332 ... -0.12259005 -0.0721037
 -0.71447887]"
Brain_Cerebellum,0.021909838817061118,0.005683045030429869,0.023386579968847798,-0.1377875678906326,0.03148736951010126,0.06778904847886548,-0.24815981284482205,0.7565679667540547,-0.20381250982053897,-0.18969335801715706,0.10280197966246592,-0.1342250589899295,0.30568457339156824,-0.5579671447520992,0.28758242684981866,1.027969618754679,1.7854508525711765,0.6203260854809237,-0.10742038419059222,-0.29125242312828603,-1.2195774062914102,-0.7369754734672944,0.40660282749771887,1.1799161630821067,0.12676548271198718,1.5368189767768976,-0.24700245879682295,-0.014877766302883904,-0.05494758181448051,-0.01976621176237645,-0.47278380526226493,-0.46395299591643024,0.12150824973060531,-0.39491571722988583,0.595544168533689,-0.02555229493097276,-0.06210355159135836,-0.9611651011771699,0.05108883730944508,0.23056183888059237,0.5316944299790335,-0.8714187748214488,0.5990666279358112,0.10033407585071846,-0.8612759515054592,0.4268381103908416,0.7364851410380915,-0.19197912743405582,-0.49193687358550187,-0.21687139522798768,-0.4336154845211404,0.46419829617780967,-0.318900082421295,-0.6757094420166779,-0.5098948090746233,-0.7866750099631715,0.3971419687140567,1.2355259917907349,0.49556666598663857,1.469236679781593,-0.1258631280699686,-1.491155001585755,0.6781376885310428,-1.126308136890004,-0.6484338546225525,0.1826911411423513,-0.17641939757479827,4.544246447017964e-05,11.071785325654163,0.02791982553148864,"[-0.20812725 -2.72918533 -0.72445968 ... -0.0730279  -1.07231817
 -1.35975617]","[-0.55740366 -0.71250545 -0.45356048 ... -0.53023406 -0.61693959
 -0.74532282]"
Brain_Cortex,0.03154281623409399,0.004900136831489952,-0.004225895254257627,0.08184588668898475,-0.026151611172276552,0.11440513821726882,-0.07453958706240911,0.8043983873579926,0.5949040728350041,-0.0054026376875070115,-0.3662327333585017,-0.6166972371507702,2.44804147725425,-0.960955167189831,-0.693830741776249,-0.44483857392838483,0.21924172542887918,0.00886574190057571,0.1393210048843197,1.4726036552198902,0.7825752040565006,0.09085498078984647,-1.5430069213673525,-0.9244740339680989,-0.13325817979715193,0.4224449601644556,-0.6609378003074633,-0.04022399804548279,1.0019108944846846,-0.21444771086035974,0.5459898838130405,-0.2979087678010158,0.11732942564489961,-2.018890899815136,-0.685100232020382,-1.6804821774282799,-0.8635916055708025,-0.795960670036603,0.48840057523173225,1.1341558018372724,0.6223997920322045,0.9652093762508466,1.9407203612207635,-0.05457530658894762,0.40672852274432025,0.7032127228378642,0.10667533105240458,-0.2790381070161494,-0.4494793733694519,-0.4197346967175784,1.0636891940024005,-0.12111108548164604,0.015400089199974501,-0.3576361944545666,0.0025107070939990516,0.4679098712153592,0.1390467505721824,0.5876136987535517,1.5076277336357717,-0.2573826665407873,-0.7878301078727348,-1.4314295493673892,-1.6614721496222098,0.5769508261509455,-0.5703696496614712,-0.09636303039923448,0.11054246531401735,0.00010810078640283876,10.951559097922145,0.035999392176851774,"[ 2.20507461 -2.43006218 -0.3524909  ... -1.00722314 -0.66169939
 -0.43416437]",[0.36071442 0.21817101 0.21749744 ... 0.2967245  0.08807225 0.15118023]
Brain_Frontal_Cortex_BA9,0.04816157455126503,0.006873032576697622,-0.008637861718502024,0.13352560932577232,-0.11092243983528398,-0.0933573353908881,0.07210243911244324,0.7319517429596747,0.7949357207338222,0.8805535988829897,0.09080010742223572,-0.9914009285502666,1.6517991954269817,-1.103345677318424,-0.9267809439122544,-0.6349860679617081,-0.38292086336408937,0.6178660507319623,0.6297521657068013,1.409443386292379,1.3068277222235218,0.7593414195717082,-1.5993796400782845,-1.8042321332533642,-0.5722924078830799,0.1368386310299763,-0.9223618738730924,-0.9117485105176456,1.0754435557652884,-0.8031402357295044,0.9415779836114052,-0.34874844585378295,-0.26808635284664756,-1.9478309193550245,-1.4906587862787934,-2.121445063584589,-1.2240638835335522,-0.5477226272498559,0.6846519141351192,1.1689216779615725,0.5308096266057263,1.782573704716337,2.1050432442575753,-0.2815946136196422,1.2626360348397743,0.6314201976189269,0.6271317139568894,-0.4557280841271118,-1.1123490659663404,-0.04414805467310501,2.3974514001964224,-0.49574532871517896,-0.1897892242938586,0.2858619709940622,0.018713813006555172,1.548327459968017,0.2623869495423338,0.06186103380328844,1.8402267668506946,0.16599650878019714,-0.4885345248011421,-1.3927606301570319,-1.979106723185952,1.4643671381965784,-0.8474136832242366,-0.007431200061498898,0.8678868231613933,0.00013173946248354681,11.39755867297997,0.08158494912841474,"[ 2.75095059 -2.49232002 -0.18743166 ... -0.70236856 -0.3378617
 -0.54995948]",[0.67722531 0.57998594 0.52523357 ... 0.83356719 0.20128455 0.35840272]
Brain_Hippocampus,0.03473042812995216,0.003275524365268344,-0.017668497961185126,0.08343235844470064,-0.07405172253393447,-0.07741228772200585,0.008968329243776172,-0.05544862075328751,0.33275252472490413,0.28833695446329133,0.0684456724673358,-0.6894824405859669,1.4281671384836667,-0.6702237792992717,-0.3724636616824245,-0.7923591347210501,0.2029935661338996,0.8545163938418988,1.1415756164067596,1.2946941230320586,0.47400758366834583,0.5584797426741458,-1.1507812764583376,-1.5098046427096445,-0.7833323580091801,-0.18371000908585935,-0.2189116303775878,-0.37574154229982476,1.0872337929715306,-0.632200838580635,-0.6146231795444235,0.12530237057809432,-0.1259861168709712,-1.7086116005622842,-1.4013551855051523,-1.7032175390694908,-0.8486518443764065,-0.6473365452457065,0.5441178078668873,0.908107550298423,0.37668162501807856,1.396585321475996,2.000843378273995,-0.35614518645338544,0.9948107448641034,0.3489251034182414,0.39595596618762813,-0.5254159328517105,-0.5145003450561313,-0.21971647408496017,2.101368926551068,-0.7485591357285174,-0.07268269406590923,-0.0930193988642474,0.16047239495746488,1.1970834459705388,-0.14067392241156154,0.20224165244854503,0.4625299696087115,0.35351232981214026,0.03995320999758104,-0.6114760193052703,-1.4407903061090697,1.1708461372928336,-0.42708276946380697,-0.6322032623041893,0.9390743507279466,7.682501028587748e-05,8.42242317779044,0.06140560454794275,"[ 2.36099427 -2.19859132 -0.14895751 ...  0.98995196 -0.58689134
 -0.43824577]",[0.48409137 0.40055963 0.4044599  ... 0.53338722 0.60225889 0.16292613]
Brain_Hypothalamus,0.032187919899322806,0.0036311649039344274,-0.024011441020597428,0.0656711780514679,-0.09051716028923382,-0.13310819759738338,-0.015421236572690279,0.10065975276824557,0.2805065465267362,0.609883515456654,-0.17767011261528376,-0.94078887199517,-0.07596760489085977,-1.1641325704817957,-0.18320004890730315,-1.0479354019929388,0.022633602759260487,0.7305091318556584,1.0560644705902678,0.4373853067188138,0.946011861132376,0.4404327848558212,-1.0873542483983696,-2.058118920316205,-0.7135859089755854,-0.3762115500079632,-0.6724084212094914,-0.7189978613950102,0.7830410921402099,-1.0530817624924738,-0.25611955980787743,-0.059513073792264996,-0.8133264179440923,-1.397326551112871,-1.3135488778246738,-1.6904236895541305,-0.6862726278873023,-0.42766272118983234,0.6603022758590397,0.35569831633870946,0.4322391022938026,1.290074909998033,1.886764151797031,-0.2984193009049855,1.0811600846365081,0.750940302242699,0.5738812554933941,-0.31747350125804696,-0.4603752699822675,-0.06516969906442817,2.4513407797737643,-0.600810728971656,0.023505031401718703,0.5158100694097981,-0.06380760645548195,1.546470174422659,-0.34502964923211377,-0.08109401494664319,0.1329942897416791,0.46846222412706356,0.6905319912911386,-0.27599847055758286,-1.1392946398932882,1.3968725894598892,-0.32499869421536853,-0.14696336663338674,1.3546257114765958,8.308630886830319e-05,9.217990569781264,0.07678555626647454,"[ 2.11319968 -2.15017271 -0.87468796 ...  0.81703071 -0.36676552
 -0.42437069]",[0.48107369 0.38797052 0.36932195 ... 0.51247653 0.64679828 0.11729593]
Brain_Nucleus_accumbens_basal_ganglia,0.03246710959182064,0.0025550363463618607,-0.016292659148227383,0.05313884622899434,-0.0884842373473312,-0.10783158545865168,0.08741651613520635,0.24947551298833978,0.5541756371852802,0.7436717963594187,-0.3081701023545321,-0.7437991750406281,0.9026664794403503,-0.29343431281706944,-0.08071424716213693,-0.8731196750214895,0.3037490364170793,0.53249758668049,1.1209624349763279,1.06636252611075,0.7386091312825164,1.0260555432211407,-1.0777574615905186,-1.8425108900372063,-0.45838893077031445,-0.10162384971347958,-0.5108668988626281,-0.6358949404872645,0.9365197262078362,-0.9416234298738161,0.4535980099737795,-0.11848655888030117,-0.014268116544778801,-1.3677840661375438,-1.5459735671930521,-1.89008005382225,-0.8492965506739695,-0.37231115887779387,0.4996006161571464,0.33970403396823773,0.29883159553374333,1.037120748244708,1.7531481060708585,-0.2827794073797811,1.0819045842824082,0.7111316784210668,0.4631094139098024,-0.4704058974067791,-0.33420341483333726,-0.12913839125419527,1.8964909298380745,-0.45360913319113316,-0.05401431488919045,0.3907072174221555,-0.05411544674975806,1.3347404030190981,0.04239367382415237,0.40430186658236317,0.6166133903425064,0.2375744263925732,-0.18730778277100865,-0.7096052586885394,-1.1980878998538935,0.8496410381246853,-0.8295219362356004,-0.622100664934237,0.9271571149584507,0.0001247022303155388,9.189095025065726,0.058802959383785436,"[ 2.17111089 -1.99591228 -0.81192252 ... -0.73713397 -0.49071319
 -0.488108  ]",[0.40449809 0.39243441 0.31807316 ... 0.54438948 0.0707188  0.19996694]
Brain_Putamen_basal_ganglia,0.028515000633098583,0.003859781792386294,-0.016635510619273566,0.0948905171566051,-0.08249450556187755,-0.05110452594368763,-0.17619687365706993,0.4859599611567736,0.5556098942564058,0.5186118979250068,-0.10626950869093826,-0.9703713564468394,1.2795757311678322,-0.8922105388322505,-0.04323265801081679,-1.1426935662237923,0.17510020266115295,0.6680016180953533,1.0144819341396134,0.9232586323552827,0.7770358373329519,1.2087194911353973,-1.2640558450219064,-1.7942248030220536,-0.5889545584752246,-0.508344280601527,-0.37284963411861133,-0.7259452597153561,0.7313259050986051,-0.8717185932014728,-0.04705691073017421,-0.29871746932909204,0.06137519065048637,-1.9248628918874706,-1.1526035038328992,-1.8073873342247775,-0.8820578585762603,-0.33543427403581083,0.4714478282764214,0.38749076870813537,0.39401579308785317,1.042202778790094,1.7576115570275954,-0.23928303488502173,1.17018222356381,0.863366481877418,0.673782608173757,-0.5036352220936727,-0.17594681241060145,-0.11991472065521949,1.6213751110293957,-0.5705380215213925,0.1113451237927445,0.371627623594615,0.49086519834992853,1.6093219869075657,-0.24159730667017956,-0.08770566373834233,0.3957888761461765,0.09034898868641977,0.2811816848364234,-0.290701808399871,-1.354756273402807,0.8923519766799057,-0.2508130524748998,-0.8516914450358877,1.000729870086152,0.00010459769777389415,8.449906492800555,0.046047086888568955,"[ 2.59429685 -1.98398502 -0.14895751 ...  0.81742853 -0.71964655
 -0.34679483]",[0.53257641 0.44754705 0.39051672 ... 0.52165344 0.62121722 0.19348385]
Brain_Spinal_cord_cervical_c_1,0.020522338222025947,0.004110899260577281,-0.03674216007766619,0.04995598653335011,-0.062032310307483664,-0.09619805713062539,-0.10160814823952528,-0.6231012487640197,0.20507731737512772,-0.11717901385997867,0.7422263446720434,-0.18552563314281487,-0.09682563132651337,-0.9198205528657599,0.0582280335096585,-0.8484807198245274,-0.38134872572628764,0.5738094288787923,0.9289785514180691,0.5659637755120283,0.539861131921101,0.6798405206868646,-0.022022330260687808,-1.5683293079302367,-0.5109824910157204,-0.5716765897198111,-0.1758610790401648,-0.9420244092783862,0.0589426949019751,-1.1831080251409671,-0.8893097910469325,0.03643364933369074,-0.07401358167755795,-1.0195543107432845,-1.088475734199174,-1.139302888844205,-0.2186629977916769,-0.2386369142839073,0.712829311202757,0.07649703885395372,0.49004798487768136,0.8377020018104134,1.6206326626710414,-0.1533198257728309,0.40810794470330397,0.8230062119605144,0.6841360352944529,-0.5271649379905602,-0.0333687597491763,-0.598247464198367,1.320098740078164,-0.5529580578317365,-0.0006035434669903459,-0.38892253805446025,0.16861763588737527,0.870830238247425,-0.749338773204354,0.1301572927751294,-0.44619708551049975,-0.06981998791195436,-0.10923203651957213,0.8747204218148356,-0.7977476268995594,0.4894990436337508,0.12358533813477736,-0.7986983467448691,0.852326496959153,7.184184014638763e-05,8.350263471323663,0.04226633914468414,"[ 2.56059883 -1.92263751  0.60311498 ... -0.08345872  0.2648028
 -1.0414007 ]",[0.33538178 0.29216105 0.21728803 ... 0.37985291 0.12990651 0.22298142]
Brain_Substantia_nigra,0.030957026575491205,0.0020079773108731894,-0.02141364405225407,0.06281110624578877,-0.09307652389388896,-0.13284256192206054,-0.12203565908500538,-0.1806931848386045,0.5903414659213586,0.27962714840427766,0.43231072895902617,-0.4542951719771823,1.2134311338132053,-0.7489196616699537,-0.22073841229749408,-1.0052887967763193,-0.037619385929881476,0.7942723510028327,0.9703637110674376,1.0007362620182507,1.0425341209663062,0.8249687078364683,-0.7858039440897492,-1.5160596978529204,-0.7679647829160622,-0.6558437545029485,-0.5986530494712503,-0.959269010766255,0.9295600010712525,-0.9345718890663853,-1.0309565647868355,-0.06466117906525039,-0.26398245710103757,-1.6500973860806727,-1.8946218941783948,-1.6064642973947876,-0.687788478083548,-0.54619670858091,0.7226348656529336,0.4193525363843492,0.346109406829397,1.3847552976935225,1.537142445068117,-0.35408955069854303,0.7372130010443381,0.4897062770359087,0.5590897558729051,-0.5142219245759574,-0.22976311250775422,-0.7068976111412575,1.9115837969455294,-0.049096219523331736,-0.11618478279611173,0.10826811284828196,0.38551491244486896,1.2947444002560413,-0.2054686066366913,0.08112800689228536,-0.33397605062221974,-0.054843785861221316,0.22333022923252607,0.12209180335066705,-1.3194375548266897,1.4159351135404412,-0.29176442531538394,-0.6238459869990552,1.080534892018235,6.965295472731698e-05,7.559576208547446,0.060164648580120605,"[ 2.81771072 -1.76300878 -0.39688502 ...  0.57987592 -0.5249103
 -0.14894144]",[0.59347641 0.49408284 0.46240735 ... 0.63056111 0.69607869 0.25649181]
Breast_Mammary_Tissue,-0.015110779982744871,0.0021988061013878206,-0.012674256623774081,-0.038137177876498306,0.07029423909032045,0.03307073228961821,0.05366991753565397,-0.010461762733677943,-0.3327175518394104,-0.3207434113922202,-0.192038451085895,0.863655360356977,-1.3932752173118417,0.5286637780886344,0.30874182178750426,0.41608384281240585,-0.3395058930981359,-0.06819591249256252,-0.8106568317115809,-0.6338819884295973,-0.2660266041815395,-0.5745328189029186,0.5785617588492916,0.5848913490806615,0.26353897929309805,0.17808492816136523,0.40100871829106766,0.46523950502325523,-0.08286020437470465,-0.14285323754757273,-1.0506418010276504,0.4817312557849977,-0.12116801712488401,0.3318293739026675,0.2956085717841112,0.7389447877446184,0.5218519842264023,0.21684286676055017,-0.4872109501608618,-0.23548529559857156,-0.3487997440723095,-1.160125108213455,-1.0859961987272462,0.37602281374162516,-0.1157405639981347,-0.6442458628015356,-0.49032449613760215,0.21117240372139284,0.7755426109750744,-0.11852667871183983,-1.3975314183442693,0.2159961145009899,0.23954665318086185,-0.3376553901376116,0.3122391148996326,-0.9003700655744983,-0.0728154851132627,0.5583359657042939,0.3930433779826574,-0.23376076503775745,0.5531255954969632,0.4048755884546711,0.9549236088382175,-0.9525379124880715,0.5434767107747472,-0.32671565753598214,-0.5664231974038275,-5.2170526686852596e-05,7.464323316039704,0.0660953019508107,"[-1.46733127  1.20880129  0.8255074  ...  0.52002386  0.25302563
  0.61911931]","[-0.17314906 -0.25536442 -0.12291562 ... -0.38200204 -0.06185247
 -0.04629591]"
Cells_EBV_transformed_lymphocytes,-0.02174904457904992,-0.007310496238533062,0.025768909028151713,-0.008792904314234849,-0.10032023679034828,-0.044191289798150866,0.6941841257869141,0.09970969908768801,1.0253430442165286,0.07052695220563968,-0.9347376805968339,-0.29327511550880786,0.9106053416662144,1.0520210375397556,0.42766871812592366,-0.5372837340261297,-0.5755171734667607,-0.7443512404010119,-1.2761017747457255,0.7159850702869822,-0.005155726032426666,0.6070229336710117,0.3700790369103799,-0.10123683916568978,0.42159934577687486,-0.5985081178141344,1.0623017311264158,-0.8135403687413072,-1.006847952735827,0.6050909664516959,2.2658417707922553,-0.7669641084491623,0.1901143675779145,1.5565891932071245,1.9881919574600257,0.21279474508231175,-0.34941070424548853,0.7693894535191056,0.4974664255856908,-0.1403476614924142,-0.17941396011218425,1.1219277085026202,-0.13726213367684767,-0.40075743224220056,-0.6001053362564774,1.7676494355747834,-0.279368984273313,-1.0751807367071995,-0.471519016907224,0.23864417886339756,0.19850536012459943,0.42873129639278096,-0.2957689838748905,1.2639650978787884,0.13810408566794216,-1.2598894655385708,0.19364027462671002,-0.21811705507216908,-1.0716754031135227,0.021243464611318225,-1.447854610908509,-2.2301425271866235,-0.8783451406368964,0.7389338755700423,-0.8962606879539083,0.7526222903926609,-0.4517416598381383,-0.00010431555064100485,8.87729408224959,0.04247998921512042,"[-1.16980809  2.42817759  0.3694001  ...  0.57063243  0.65214175
  0.0495666 ]","[-0.02604754  0.41450644  0.18807127 ...  0.21949664  0.10616587
  0.07267593]"
Cells_Transformed_fibroblasts,0.011494330224509916,-0.0017020331067340423,0.06325032784152958,0.12698377451119805,-0.11548562096834954,-0.20632352148164151,0.5394582273025571,1.1349636739336666,0.47079613525560615,0.46336483467849415,0.32667734451079705,0.14092548317876707,2.410235853266066,-0.17356042416716286,-0.7625045089324046,-1.288144632102093,-1.0670143930332836,-0.10481819042444915,-0.7494482351995141,0.7005869147256989,0.09450392941188447,0.9040343414504678,-0.6304616187414899,-1.5228804657011719,-0.17467195862129128,-1.8846903350522457,0.5244804368106479,-0.5626681215747659,-0.050474421883750925,0.6269778795615958,1.8865134543110953,-1.138484330626475,-0.9447555669925742,-1.190443798586461,0.1433856995364251,0.2463168679530159,-0.4550774966801119,0.9499157721309244,0.43722559696211577,0.5846661656430503,-0.6181976864749547,1.2198851333317102,-0.8387381298023127,-0.4551030579887391,-0.034549900536738946,0.22162793082734827,-0.050079494003433374,0.08547155190405026,-1.453482815552741,0.8632857275184235,1.0335658852335332,0.7336313044942023,-0.1651804403880419,1.300298827993071,0.4853979290590615,0.8838019975857455,-0.6634713930914837,-0.3644001655635429,0.49013614614767553,0.7624194212194366,-0.20229301849047857,-0.13886462002805772,-1.7473579056011126,0.7871993087437972,0.6412851899814033,0.9425334846365516,0.38457464168350936,-3.628588139009827e-05,9.776189788066185,0.0696250652080177,"[ 0.5124861   0.46572721 -0.06117013 ...  0.90531402  0.06710079
  0.15865979]",[0.49390419 0.50321092 0.3513723  ... 0.67363761 0.21168469 0.2217616 ]
Colon_Sigmoid,0.0008060633276397922,0.0017803926638919512,0.006493164184375034,0.02754848129023349,0.007303227205466537,-0.02421280183625173,0.23689523125383113,0.10002413625717566,0.3710445081385529,0.18134259399675207,0.1934340342009587,0.19636199325808837,-0.060384965164422225,0.10628729923032673,0.014725534656241462,0.24406528747234774,-0.1355930723354755,0.2485762547247095,-0.0990151372605026,-0.20478355878857935,0.0353245659559524,-0.23366193912082062,0.1237306212795603,0.5415725572129461,0.43414915739674126,-0.2329622279122771,0.18480688607630022,0.3630246957842827,0.033354829334835634,0.6057680997019776,0.3454524991610052,0.17997009803850858,0.7084092779642956,1.2902838334064772,-0.783279692662472,-0.26398771611006466,-0.3788149324197897,-0.055396159395319854,0.01633587276768619,0.09942419418866043,0.04513766255189596,0.30693792921068064,-0.5008733917922804,0.11953767169957306,-0.0922181580669089,-0.5911788649147135,-0.70955386032591,-0.06762362817663929,0.18651119771869853,-0.03493781287552734,-0.6144623649731665,-0.3266822593354066,-0.1532411707167485,-0.33845685508630874,-0.29978923190239354,-0.5566158269687271,0.09707144662695591,-0.11260129882484134,0.759176339214599,-0.12626474588277622,-0.6423816679035025,-0.7303131916106264,0.05559196495551309,-0.301963021378134,0.1854840160787235,-0.1460800501281069,-0.3186598394976226,-8.319408929836839e-06,8.914850404659791,0.011168183921687835,"[ 0.18360846  0.28196001  0.33491887 ...  0.1814084  -0.2292512
  0.55210427]",[0.04038498 0.10173132 0.08777506 ... 0.03658061 0.07172243 0.11473061]
Colon_Transverse,-0.000600941681434506,-0.00035319443090627375,0.023499715573808925,-0.045391127032864444,-0.006021115851390566,-0.07379218986394424,0.008468324641264891,-0.05138743889265376,-0.2848169287504235,0.41891587965118404,0.3156362435015831,0.1269384116450018,0.8553693163250731,0.15977794091938458,0.035217535097164,0.5415370474479876,0.16748324924787636,-0.27981757378820454,0.6365783146100579,0.044814728346750723,0.15619128469584187,0.17930828660965512,0.3812252481521685,0.5077931828630626,-0.12124845278145914,-0.38583418907562617,0.20453385130238816,0.13349869404595394,-0.7285466984128299,0.40861763490106023,-1.3803890009483746,-0.3309344783886604,-0.3141139615556986,0.09712766105060837,0.3897506567930557,0.5772686932358843,0.24836235706229573,0.41035065771293955,0.039443178941180934,-0.4940511709690166,-0.46686097953633643,-0.22100462536718216,-0.6079771169613493,0.009612772858278381,-0.14897820898147848,-0.49431860238903463,0.0864269526029306,0.06965660845974227,0.3401798063510135,0.11903227808625012,-1.0535037749226606,0.6010884355252047,-0.13308225738439952,0.4051888996109252,0.2883019482960505,-0.16692840822065994,-0.49332649634248377,-0.062163055123338896,-0.05916713632757986,-0.42332138036225747,0.021966696605959516,0.29247331033972945,0.22205750117653625,-0.3828995700113957,0.23814325102011039,0.3234119135949364,-0.36390999361888604,-3.291986405587081e-05,5.65845668785093,0.01596858278267388,"[-0.71059687  0.56561326 -0.56399501 ...  0.28901831 -0.00811795
 -0.17514086]","[-0.0774015  -0.18318373 -0.13736595 ... -0.10485231 -0.1462341
 -0.17169356]"
Esophagus_Gastroesophageal_Junction,0.0002151458912320968,0.00010020142017686346,0.01689749114724745,0.03964257303161673,0.004149790293446432,-0.014946177369090438,0.22216018351914912,0.3710561368164921,0.2954404405809964,0.11919000566406457,0.507083078869574,0.06260560867898286,0.31881527416028793,-0.19519543044082238,0.04200009843031244,0.09032187058364574,-0.4329972442915463,0.10448107424412353,-0.3355660119167488,-0.23420407541706154,0.0658588519986926,-0.08039804709609223,-0.04917685557689935,0.649708958239037,0.4182324709888267,-0.7186499778220988,0.39593619444548495,0.2093727759380401,0.10566593623242442,0.6593820498000421,0.5069491642529691,0.05745243127371068,0.2699817608856899,1.1309685911121388,-0.9416919374673944,-0.18661378307606474,-0.26525865620732175,-0.22232357731441194,0.22691418937271232,0.4809434678701361,0.08199540755735854,0.40328154478681144,-0.5240440856716835,0.07122925707632652,0.25604485090236767,-0.6050435700203389,-0.4779920352755849,-0.12753586446978304,-0.30565387478781414,-0.1252699250344155,-0.13125409700115326,-0.26231788517201937,-0.21891858931223754,-0.02359654916538469,-0.05182954734744264,-0.28199609130306236,-0.08521158737108515,-0.3430202856907913,0.5517996640399015,-0.3822145021919056,-0.5454536081913641,-0.6843464828724811,-0.11332631093721429,-0.20888536082420614,0.006772312753100767,-0.15192793357357712,-0.8016471817805486,1.6699801083851866e-05,6.861362686967844,0.012945159298417663,"[-0.09380655  0.19643822  0.0260168  ...  0.02421776 -0.24696052
  0.69200487]","[-0.01017261  0.06962457  0.01849887 ... -0.00070219  0.02738067
  0.04269702]"
Esophagus_Mucosa,-0.011292420700362975,-0.0005472213270813143,0.007954300280094702,0.022218022256359077,-0.016632801785316047,0.007135186498720437,0.1464149111231303,-0.09707397297036281,-0.009421695375235626,-0.04504785307070118,0.08411876324936945,-0.39686504965488256,-0.05538031131304073,0.7839016648191302,-0.43541966482839684,0.6266983283177623,-0.8442691561156053,-0.13189928114769955,0.11382361990672879,0.2865008184598851,0.0976304254502452,0.21477656585076263,-0.07221343099952106,-0.028081383684574683,0.34699864440459827,-0.14983379548407133,-0.07440978559198844,-0.006689138538346359,-0.45755367219375,-0.24470189731145645,-0.17900073917664508,-0.1292213486773946,-0.265874065653844,0.885555028869627,0.9866604836426505,0.023208447284867133,0.16671912677760795,0.2955098186773285,-0.0631109440097871,-0.3549304025406437,-0.3479888391216902,0.023890723548240976,-0.31689580299588077,0.12455337441069263,-0.41641764287367333,-0.4885028197199442,-0.413216697943596,0.6006639173265107,-0.31955556602303525,1.0104487432408846,-0.03070087515133444,0.3583424829170177,-0.037753920982444435,1.0792444283568332,-0.009077912252679343,0.03877166056987106,-0.6321402320631405,0.040634258671730296,0.4667178647644674,-0.386393782456943,-0.6725596637474606,-0.3537813865156446,-0.025328361726672233,0.4650054339059227,0.2319994274471402,0.17119453816347768,0.05776368798079485,-6.187561330685825e-05,5.724752180689885,-0.007443990817715518,"[ 1.38004636  0.28752951  0.22932312 ...  0.3891298   0.5736386
 -0.39499859]","[-0.06957886 -0.16961064 -0.07596669 ... -0.07927721 -0.1100004
 -0.06614281]"
Esophagus_Muscularis,0.0029333506327392516,2.538910067462413e-05,0.023040986927626312,0.06351465921202669,-0.009935738671786681,-0.030018227788421385,0.2522608892726541,0.38172986407168646,0.4087185724541343,0.16351911762463858,0.4658047751381546,-0.09411787221202629,0.5401970513727208,-0.20659592009269143,-0.012481019984880855,-0.17505989881406656,-0.768757391185149,0.05640461740866144,-0.18548817115551175,-0.03383523093394694,0.06961719343119384,0.0602992538816082,-0.16663889710160015,0.7974944004013167,0.47233024686298164,-0.9563141834750514,0.5776980766247806,-0.07818338366535088,0.24932797110333624,0.8108954794708135,0.6902598460757726,0.10526262734281154,0.44108871502571934,0.7841337176655523,-1.3496338002553052,-0.23866372332765912,-0.3359919934834208,-0.12203939249468489,0.2714311577931087,0.381698739862448,0.05116681656022711,0.7304720950477507,-0.21342340687626374,0.08920915039831699,0.1366497470044913,-0.4610660539387023,-0.48313295176846377,-0.1575158975627408,-0.4295861016150171,-0.016557933303242935,-0.04600669401456539,-0.331837546753838,-0.17253517966731355,0.07618434161687067,-0.24844507529797827,-0.3568040271477697,-0.09121419259549236,-0.4047610471157583,0.5541107191032766,-0.24883048373312847,-0.8558782181942374,-0.9231632275787626,-0.4756814841966894,0.1613472706373621,-0.0466118887407971,-0.04909619949606045,-0.5507605908262138,3.558577740232726e-06,8.42972806690173,0.01810903554474086,"[ 0.09005059  0.12606497  0.11260141 ... -0.00722314 -0.30267227
  0.77937231]",[0.09751838 0.19790731 0.10744257 ... 0.14161555 0.11317997 0.13236461]
Heart_Atrial_Appendage,-0.02803349566040292,-0.005805364202398545,-0.035299651042286384,-0.014607491287311904,0.03958429332413463,0.11886822200696467,-0.2070870938318638,-0.33626218181636575,0.2612885770705995,-0.5663408620663094,-0.4951713626368348,0.7876037056051867,-0.758975865685903,0.6187792297583559,-0.16885626372195425,-0.7067428752091304,-0.23516853641013502,-1.5531215257492184,0.31789365710101025,-0.23483498534331115,0.6662405042582669,-0.02944133611811204,0.557760321423289,0.24598508603981759,-0.2721745469273537,-0.4475265138402784,-0.595218257469887,0.5070706217720694,-0.3801399285043831,0.02120484995005421,-0.7706130503942831,0.26492466316287644,0.0067827539450906384,0.9479898273906444,-0.5137492716220667,0.5823421356990075,0.10222559814362663,-0.08983792168282127,-0.04051199120593786,-0.5661754532095198,0.17862278866041628,-0.2122780427553956,0.132958527109234,0.31103643282560817,-0.2294878150141302,-0.35248805323896665,0.4967360007632335,0.5812849500983203,0.17259579297783006,0.3856156022966309,-0.003121134604011008,0.06127854378210723,0.3576674052503817,-0.02806476419275433,0.03319957378130046,0.19113783876717264,-0.3288758639086749,-1.098251132047738,-1.1371600255420267,-1.091515249907608,-0.6074505782559452,1.154065923309552,0.02994928886190009,-0.7800303849872308,0.6892315616769442,0.3392513390352851,-0.2392033811838168,-5.45794151814854e-05,4.643576393849261,0.04829673929826939,"[ 0.09281018 -0.14313719  0.44860503 ... -0.06679057 -0.03385551
  0.0789326 ]","[-0.00928453  0.13504045 -0.1048755  ... -0.13086624  0.24486806
  0.33192761]"
Heart_Left_Ventricle,-0.013205673040803499,-0.011654724863157545,0.0015592660033116445,0.02691204549338797,-0.03383998030642362,0.06048210981943594,0.1106196066913492,-0.2903092349798191,0.34010667990712357,-0.21509721416759733,-0.06845839654023379,-0.025954169088793746,0.5819390286273095,0.8188497588861783,-0.1774437954957059,-0.7568934700716627,-0.7585472789948924,-1.7111506875366755,1.0858862618436413,0.474168258255534,1.0399950396124442,0.2991342059855747,-0.400206841420707,0.3801708234262179,-0.17002681643086184,-1.2663566375435433,-0.3980252663833269,-0.0821690783638532,-0.12422809316500494,-0.13340474838246863,0.1551833315025112,0.3096412284566283,0.19592691473958443,0.8915649842805491,-0.7611743335547162,-0.2886671715200539,-0.31232389516547693,-0.2960431224249484,0.34631594471112903,-0.15519770634217075,-0.03892142193876073,0.8716209607143813,0.5764643607243566,0.10163793012384806,-0.01745842724745472,-0.03556467588503319,0.2923241525938336,0.19534980916712827,-1.0907118716771345,0.8563722263735786,1.318626575568197,-0.064829830501659,0.3117411993355035,1.0809664946429465,0.049173548970293204,0.20792596753638656,-0.2633961482125854,-1.8178767859365002,0.08004603117761006,-0.6185863359205266,-0.8237230925255166,0.3567045940320124,-1.2918406680266505,0.9720889823622865,0.05745456614054027,0.9294337124057849,0.036927676113153146,-8.868053579005518e-06,5.773001162556284,0.018925342860580785,"[ 0.83480271 -0.25303972 -0.11767467 ... -0.02643251 -0.07788845
  0.00344287]",[0.18086629 0.40634756 0.03964252 ... 0.18169268 0.28936041 0.31327427]
Kidney_Cortex,-0.012729493142509204,-0.0027161240338486633,-0.012001769396567524,0.02244759422609339,0.004315133327456074,0.06848601766301887,-0.16628284064275597,-0.08231390607104316,-0.19206692248501697,0.1403751515402288,-0.18669696874339237,-0.05812559081445065,0.3118569941374722,0.20572502731541958,-0.42877091536115675,0.0436090837834608,-0.6397461804790664,-0.6042361003903884,0.46922221066819125,-0.4787043075582555,0.6750378600165061,0.1752071039432923,-0.5025504753839344,-0.45888004020638873,-0.031457794947441144,-0.37163351835068664,0.3492754640455952,-0.3526868786366898,-0.4268437038018303,-0.32124852184874964,-0.6918972189907341,-0.7648378281218811,-0.023344185819182454,-0.8447196190009046,0.6352497890842306,0.18946359417601538,0.46056221611511244,0.3189532536743071,-0.21999889187331506,-0.5049478974673499,-0.4419545595382062,0.16915071477278776,0.5999658185409331,0.06197073922410558,0.0256337924567279,0.18942928654646066,0.5247101376244856,0.3936148298032762,-0.009551255788358646,0.5970871266659776,-0.11148036859198275,0.16249587033202784,0.5033107861407315,0.13838119708139668,-0.07729596617635506,0.5071258245451379,-0.7258050496651112,-0.39657877105521844,-0.9317239750335156,0.1329829696404475,1.1000069795170329,1.206128567855199,-0.4148283183686957,-0.49410277426507127,-0.11242088104775406,-0.3353728677622556,0.5838060236140717,-2.6766249282946354e-05,6.662940168845164,0.029776556886302985,"[-0.28975664  1.07292408  0.34828973 ...  0.2931706   0.7179715
  0.26875716]",[0.12197956 0.10256173 0.07426983 ... 0.09490641 0.18422604 0.13263546]
Liver,-0.00954608198345031,-0.006771939419490784,-0.0019008095198145823,-0.030746412333061576,0.007614112699762814,0.01503931250243314,-0.08184133112695473,-1.2858009001126587,-0.9325423349748263,-0.5203436299272755,-0.02763059994141503,-0.3920093065789302,1.7568708200974505,0.43809724301886055,-0.2684794640164881,0.25585076283302377,0.0011630960512492954,-0.7959301285340037,1.3256691884167793,-0.894568520700654,-0.0782272037490142,0.19536270494141367,-0.038455065017254875,-0.478458638477712,-0.13425296364129047,0.6084159006457118,-0.4232884544138179,-0.404761628001081,-0.7878876956178661,-0.5346682466364249,-0.4335312923636401,-0.5120593161362048,-0.4432238296430385,-1.659364290194342,0.7063493871377277,1.4370915536729414,0.9261206031392019,0.5478696512174288,-0.40880037921785006,-0.9860170883051667,-0.47366937836076617,-1.2593616325447403,-0.25777401485528434,0.46765369401709644,-0.00015432446317881245,0.705682983052715,0.5857946668357006,0.017818849596287236,-0.0645923625914151,0.13178797246022944,0.7753719832476546,0.012179245664900702,0.3025342202055556,0.42902631047557027,0.21437908533059694,0.024991644065004197,0.12895870975911117,-0.6338299635088729,-1.3470136821488952,-0.2452352967350556,0.7461698379316698,3.0652127509462437,0.6240145124314953,0.8488936505116454,0.7814664544621284,0.6339898297572371,0.9522206425975496,-2.1324751997455582e-05,5.973187882067139,0.03617793370608302,"[-1.0334738   1.31476056 -0.17210433 ... -0.02780475 -0.12890169
  0.86532012]","[-0.06622054 -0.14524379 -0.10511817 ...  0.00446724 -0.0047045
  0.04837805]"
Lung,-0.0175678543265374,0.008616344597507835,0.002405775252781938,-0.1924364429953827,0.07018221625374278,0.000549183841609263,-0.2418293222927583,0.09928131647274763,-1.0223409935655399,0.7094158937375129,1.3278547532371618,0.6570669298699485,-2.5218058769809457,0.05028606966505055,0.31356457440808017,0.7152797975440398,-0.5513862395119974,-0.6164907307832566,0.8070556722552897,-1.0090322960974396,-0.45191388736625804,-0.4123107612091551,3.178810228860097,0.29741356264845026,-0.472953948783989,-0.6679922456697769,1.0186441087022313,0.6043417643301624,-1.4999915436923692,0.36299639424762775,-2.084641984908416,-0.9052910263426134,-1.4874102518429504,-0.5716533485764701,1.5667830761761046,2.5690512581863127,1.966601217889157,0.01568915869001964,-0.9009145130436592,-0.5608918578031179,-0.4340461893069154,-1.7261742324138438,-1.4330276136511226,0.1584067063397968,-0.7246232479216805,-1.0259177680171765,0.4891773815259279,0.605879885003815,0.9040512115047743,-1.4235540273094391,-2.691763436579536,0.6246014450546792,0.47571216778146935,-1.6208319571898961,0.96988453080599,-1.5333376590834173,-0.46785587164756687,0.31364108263613943,-0.34504638732754167,0.553743243931524,0.7983773914949402,1.4740990380733225,2.5853184465062387,-1.5959516065881714,-0.5992840721594047,-0.8749082535324493,-0.797044661933321,-6.243861655142194e-05,6.138871345571675,0.057443734734504925,"[-1.22363364  0.96539362  0.34517785 ... -0.51449494 -0.10482769
 -0.28524943]","[-0.20605765 -0.47632135 -0.21794773 ... -0.30145471 -0.13562029
 -0.28119948]"
Minor_Salivary_Gland,-0.02373777466296666,-0.0011700815520674993,-0.00692782112213834,-0.06614000248894254,0.05836310173847381,0.08528584438002516,-0.11983913117489554,-0.12672018934345816,0.05972434923162943,-0.2716390127351655,-0.05630159360095385,0.7147679320967661,-0.10047471398556766,1.1377836788646027,-0.003801189574280994,0.37836201227898225,0.05312829798672592,-0.6387084357314232,-0.8384029546705304,-0.29931686854944933,-0.668988995651271,-0.6288098398668005,0.35300820674203426,0.6293608293604491,-0.10427883918880068,0.1751970284167297,0.37414782629809745,0.2535037630869915,-0.9754890404720812,-0.19805843486302743,-1.7330208923332393,0.08112854524154046,-0.6308114927049389,0.6361371395124231,0.29083641732300836,0.7735317156726472,0.6727306458502993,0.27321276176055237,-0.5376936147314025,-0.5404857577156386,-0.28454912895504775,-1.1118178965466505,-0.9443220469546912,0.287833239097484,-0.19376571402659043,0.2120419224431995,-0.7163051529945038,0.5635347780859892,0.9155497844072985,0.5292019161322599,-1.9507307609350328,0.9526374208173788,-0.022728810737764504,0.09455771380423755,0.22795357489639864,-0.6522602195110905,-0.034259767332675925,0.6025675701546016,-0.9475054908540151,-0.45330632510630664,0.17873755723292953,0.5909743875436829,1.143328565800754,-0.9545979103510727,0.888043665348455,-0.09404849327442752,-0.45806286695632153,-8.792605980545898e-05,7.305982589885969,0.08087283565591052,"[-2.03958836  1.19613784  0.29737612 ...  0.35652513  0.37104761
 -0.10344415]","[-0.35623539 -0.434608   -0.35602938 ... -0.57092162 -0.20824304
 -0.20483683]"
Muscle_Skeletal,-0.03949152407946883,-0.040077091382263695,-0.004500763566891998,0.48973087337700555,-0.10030352601434186,0.3564954754015531,1.9898311259641577,-0.2732373682445432,0.9083380210874916,-2.1653619063438634,-0.8141914613959805,-1.5870095677066403,-1.8249851910576844,1.4097081312981954,0.9035841850170313,-1.7956431506957822,-3.53100769939263,-1.9255382399047425,-3.9955029621654146,1.463525645865847,3.126703530100362,0.43080467738105327,-4.348933596355879,2.552525997701869,2.365438616317835,-1.9016290791365325,-0.944089610198896,-0.7587330697146225,0.8272587187935015,1.824656303527693,4.219874313958274,0.21413594364618072,3.9264529031327813,1.1191614906443532,-2.8708432227908185,-1.3847445001269554,-2.8086109845317835,2.2981473999433915,0.778613139880431,0.2535686375301853,0.05967258326010921,4.068789372479075,-0.051467948366780425,1.3210719021769215,-0.7382692151145283,1.9544108088608596,-3.3134449725467032,0.8951778144117231,-4.074691063380678,3.2142343854835573,1.9306328554621075,-1.4262930274224623,-0.6893123258680631,2.037938604716827,-3.1056576536706726,-1.3075892072480673,3.5172932163772943,-2.960126433621311,2.8188537313847135,0.3310329765099192,-3.4793925356978854,-3.4287080137676758,-1.7392742441916098,4.130188249108387,-1.0068794776437917,4.206778948842198,0.008231496704681422,-3.248219868004906e-05,8.020760467405205,0.03573374606637636,"[ 0.325929   -0.50358641  0.14743549 ...  0.5201131   0.0771758
 -0.03354213]",[0.10669282 1.15738644 0.2483352  ... 0.35872003 0.69741595 0.81456603]
Nerve_Tibial,-0.02256082877473892,0.00307703637522611,-0.020834423972423945,-0.08257669271579289,0.1358794395035519,0.2251643679313942,-0.09641848444480118,-0.4156646386412512,-0.3065357512389649,-1.758957254345912,-1.1535479183932977,2.3371980605270046,-3.2213540325010874,0.6292856699587229,0.5669271099192399,0.3451599760506326,-0.6845958267275714,0.9475820631540803,-1.2361763908151748,-1.8260025336592012,-1.3372745335205274,-1.3859235302052915,1.7515084928418634,0.9492239792424244,0.6308682092222547,1.7279099705894434,-0.09163750049993115,0.9772945266834482,-0.8939403931977438,-0.37716467169563234,-0.2613688147848206,0.7008988903820893,1.0901558357308936,1.9574949156601165,1.9790459503590043,0.7132552590188723,0.756524299543952,1.0473443957532957,-1.0634875695572183,-0.2674330770959075,0.39265624693499174,-2.316574603553939,-0.8544659767345762,0.7760913235458621,-1.9888676263027816,-0.527106763803644,-0.7016878455216431,0.6840732629980402,1.6033822674073888,-1.5293146210384696,-0.4008300765302618,-1.4584732972005612,-0.16220197693081725,-0.9764950115702129,0.16668370544951083,-1.5369992646567592,0.0025361705180046577,0.5942813129531651,0.11599106006587818,0.9533404544275743,0.2165635163955927,0.3792609580894357,2.212645664862835,-1.457073309891572,1.7786879778310307,0.14478880950237277,-0.8987990922136916,-3.077585919974903e-05,6.003491154211132,0.07821901606324677,"[-0.45568986  0.11757942  0.65872234 ... -0.40826235 -0.01248888
  0.60249455]","[-0.44266018 -0.48117651 -0.22372033 ... -0.50561054 -0.01204748
 -0.06229893]"
Ovary,-0.03306486354804905,0.00864542469582051,0.03414676159781665,-0.250506025743787,0.1038159968987054,0.3471359522323095,0.5267203332803935,-0.49326529603487435,0.12672222794707758,-0.18650846744747038,0.07170790338893727,1.4054302533185952,-2.4024525898483073,-0.1516387547013403,1.3100410611562834,0.3630336431545342,1.4106507236952188,0.3014556367531159,-1.6179801444886868,-2.4026742505254384,-1.0832293849107386,-0.8756304839267942,1.6523880851291861,1.8500945901866368,0.24241895034596414,2.4775961988468733,0.6652073342353528,0.8593796742103346,-0.7995143151424621,0.2763189428511244,0.547104405362277,1.47065255319675,-0.2529730305891073,2.461096690982136,3.1704929552004644,1.2903268945219928,0.6888864990826915,-0.20721687494799165,-1.0510215624710126,0.5862294891304071,0.004321914875723784,-2.7241812482292933,-3.1103519066443006,0.4833886766802656,-1.767747324379317,0.10618005390326626,-0.8205060527093032,0.44059267126177687,1.953685312933642,-1.3136358500666123,-1.141227787843253,1.017505666776172,0.05767781904273556,-0.7426160348044134,-0.41064814962173674,-1.4461378509947436,-0.1757520541077097,0.14778451067927995,0.5533951442278414,0.5178437426268652,-1.1840478273200232,-0.2184275429278134,2.532156117582431,-2.524360029730199,-0.5381946346846717,0.48372161138692066,-0.9855450953278564,-0.0001084589740930517,8.020204005613486,0.07428815772596664,"[-1.22587311  0.59788128  0.30418958 ...  0.56708772 -0.13683438
  0.37438848]","[-0.61746299 -0.56051504 -0.44288434 ... -0.8346652  -0.27726382
 -0.25983894]"
Pancreas,-0.019529109464621202,-0.005667876487113401,0.02027726031613459,-0.07051730533516874,0.01082823721327874,-0.025682816118306636,-0.03546318117992643,-0.2624640715949054,-0.10843330260025463,0.18829675071049168,0.721146841777084,0.31051799913758865,1.2376567450299387,0.20304414578124894,0.27104702374118717,0.7744147891706842,0.9782049350215543,-0.33950364200655875,0.48263091570340255,-0.14779429062119126,-0.8669889735620239,-0.006662974660374381,-0.0603578996022614,0.047088767031032465,-0.16783753723012135,-0.16317433910474513,-0.10459486674247478,-0.15638007279907082,-0.2440928891320467,-0.24662583179801134,-0.7752049872107125,0.09757071888700751,-0.877248591147335,-0.6370184661897145,0.5853770650519383,0.8989318707697249,0.6019976996407621,0.11195885330352255,-0.0855191378165776,-0.15472492847938393,-0.7567289819299081,-0.8504080552262241,-1.2848457259311452,-0.06722277369170523,-0.23532676996275037,0.08618335116444514,-0.2890008219432227,0.22816474325795238,-0.2638531694977229,0.013465972140263956,-1.0168480363795527,1.7288681985431673,-0.35126093175200335,0.38882572735335114,0.38412078413586676,-0.6729986509163413,0.11575065442556261,1.0075049421649864,-0.9067318544092557,-0.16213433512248962,1.3081880871228764,1.0642285222698136,0.791754798517892,-0.6831108929633394,-0.13753697624225417,-0.43019544207624766,-0.06708647578863765,-1.8105900614294327e-05,5.350589824337256,0.04871537659118941,"[-1.32827504  0.86439503 -0.43605562 ... -0.20595557  0.19264716
 -0.49987283]","[-0.38560976 -0.42384046 -0.31174071 ... -0.41117105 -0.33872506
 -0.37743083]"
Pituitary,-0.009129784873571791,-0.0010522913341900857,-0.001897358779656544,-0.07467075130086825,0.04094733692976049,0.15912421640063862,-0.12750205209517038,-0.45357270353660234,-0.43712694819780534,-0.5904700800167109,-0.2878671759014588,-0.3007714233785779,0.36749109044963035,-0.5072031428687113,0.28562907327397524,0.32806960710159394,0.7940783206129474,0.6044325787016492,0.5138725362139438,-0.7369847278195358,0.23217543460274712,-0.5708631334762221,0.4909349900736817,-0.2887090863763245,0.10427959215037484,0.9858274878109371,0.07186407832479966,0.3934548450207928,0.1851185393660788,0.3451285080691868,-0.27627390458504336,0.34328999968982604,0.008735059257114477,0.267007061719757,1.932670322613768,0.9249127022155634,0.3724060024504839,0.5650634648449147,-0.37596006339714444,-0.6085196750700395,-0.09516686207149919,-0.9481156587080336,-0.4195956698226893,-0.2073270579704314,-0.1237853821269889,0.006239652239704524,0.15467852351121933,-0.008965258439522915,0.6025651562492558,-0.01966005003873621,-0.5900953979678815,-0.08884073610405661,0.3128334284723012,-0.30010108170903343,-0.4946920652528298,-0.40774485195480253,0.4084232494849513,-0.1669604724573098,-0.20905488678337597,0.33664273728066546,0.5327904375589843,0.46667115177901997,0.5672229061374444,0.6370149818618728,-0.34558847862296477,-0.08312753968524576,-0.011786803963917467,2.4699003042162488e-05,5.876820015343485,0.010644463799487469,"[-1.41805493 -0.32203648 -0.51444923 ...  0.47514965 -0.60943286
  0.15801409]","[-0.39254788 -0.45702897 -0.35520961 ... -0.39354463 -0.28623919
 -0.38633075]"
Prostate,-0.0079522190215619,0.0014808471544564819,-0.009967872408225439,-0.031475238701902955,0.07109088182435126,0.10448681003317557,-0.050696796849010184,-1.106933666833888,-0.2932494266552533,-0.392419901080057,-0.11630470999446751,-0.09326569693624227,-0.5282774842639535,0.4520096515865346,0.1722717482814346,0.4726804441184592,0.11411142968015749,0.6080571184379426,-0.07408332308193659,-1.1895655892793544,-0.40168750455886737,-0.604088723298347,0.3158154840422007,0.8119561623194437,0.28743810134659215,0.8266339124610599,0.185979856892591,0.6824785522640023,-0.5876760118896585,0.2092636233478079,-0.5766124321296805,0.5402367540521216,0.36334813087293755,0.6080715357331359,0.3830528067826805,0.4773237276859781,0.3513348245845502,0.5213004789149405,-0.422207008265628,-0.47846935091191295,-0.05534624319838127,-1.02167954647699,-0.9166790534145697,0.0732856219941513,-0.045846644161402536,-0.4980759591008436,-0.21092732990903607,0.4767103049538298,0.9588063040371296,0.40016071430172795,-0.8785757578345327,-0.31803513862074306,0.07882645285623967,-0.32752733476001106,-0.19815703866498366,-0.6094148874822521,0.3991286027253973,0.2756329249842534,-0.5949705456479648,-0.2345469479760875,0.6862583213941106,0.12190359117049147,1.0689710543026152,-0.2833825990448379,0.012865784711533247,-0.40689117407988323,-0.30243092949268596,-4.119726925304302e-05,7.45647870180681,0.047579400248542014,"[-1.7013097   1.04406285  0.2405449  ...  0.28901831  0.36910915
 -0.378571  ]","[-0.38267576 -0.42032848 -0.26344177 ... -0.44415503 -0.23969924
 -0.24828804]"
Skin_Not_Sun_Exposed_Suprapubic,-0.025883015036841633,0.0012022572931349263,-0.014212732338131915,-0.05992461365503011,0.12866839123841428,0.19218040476783307,-0.25673260332509346,-0.43940354740412735,-0.21207423680115528,-0.8424218237024268,-0.6789301672702034,0.4439801454750698,-2.38807035195509,0.613250846523917,-0.128509616653881,0.5275948204912867,0.25773560954227964,-0.20519389896547982,-1.4587822832628357,-0.12313202570118134,-0.9796611399043659,-0.7166291148113091,0.3060355444483147,1.0951060108732633,0.47066597541939703,0.8199394045399938,-0.30900209335905804,0.8596079104566754,-0.4615070229959079,-0.11236707660303044,-0.11477654918112988,0.8663539640395447,0.3875828687521276,0.6632072328141969,1.255446276607203,1.04667123695394,0.8698670652943717,-0.23292512522481737,-0.7903063404644415,-0.6557595877171555,0.17986776949814012,-1.538176564133586,-1.295398615330412,0.39026460844193883,-0.4664900476122578,-0.4384716410696445,-0.4768065192741436,0.6656064144766077,1.5281757423209907,0.39793842360413617,-1.9225901202630662,0.8298848520566945,-0.021037260463729716,-0.7992048253315212,-0.2359070877238904,-0.9184564738181327,0.09479321409428396,0.6058806720420291,-0.6086974490410245,-0.57497188593874,0.2781014964944731,-0.06453426733252633,0.6375962362817397,-1.198147423087579,0.6095198534596831,-0.22024320433291764,-0.5861932334377825,-5.2397268318778756e-05,5.784295827294657,0.1207200173648626,"[-1.70037676  1.51009596 -0.06298429 ... -0.06126298  0.16023154
 -0.29657654]","[-0.33811909 -0.42393746 -0.30542942 ... -0.65854146 -0.06471983
 -0.05233517]"
Skin_Sun_Exposed_Lower_leg,-0.02085637303436566,0.002545363754483343,-0.012191933044358427,-0.03199860250651599,0.13127020483247,0.156144586926204,-0.215118594859637,-0.2045972105779822,-0.23842426388449875,-0.8491541373460163,-0.6263330652276676,0.4664268201540547,-2.0780195808445563,0.7549114037638706,-0.3424043179671717,0.4070219011425192,-0.1254172671117853,-0.07729836001621392,-1.9096571573660182,-0.28167381799629226,-1.078370439752404,-0.7182575349110981,-0.1335583479219546,1.2241748864170088,0.6272249931311445,0.6095271409450898,-0.017400038523178132,0.8468769654445789,-0.3664800024638631,0.2150156584521231,1.0197398686654149,1.1778994835934788,0.5429510063796356,1.867346442657658,0.9575428086696409,0.7073899496579372,0.7001791691722645,-0.116433432133442,-0.9272294544525028,-0.2981346886306841,0.15065132294675598,-1.1615198302110976,-1.092427840758586,0.35484716441632347,-0.22782787221205253,-0.3488252397327988,-0.8986514144632175,0.9063037782417258,0.6040621919355234,0.6599337436099046,-1.984587899294463,0.5858367851726216,-0.12688929851124287,-0.6566996728118828,0.007906827321595788,-0.905743597887635,0.46884716912829155,0.8599520780364992,-0.3555960633432924,-0.22821359260871796,0.18322117908806995,-0.9389453184411469,0.8076917544252812,-1.2874228357223956,0.5933716962027705,-0.3141632585249562,-0.6351751120130383,-6.742061242746192e-05,6.417032236518488,0.10744379405210269,"[ 1.51389148  0.22760584 -0.83619415 ... -0.89410811  0.20493135
 -0.04274596]","[-0.30022774 -0.20098243 -0.35165047 ... -0.41627207 -0.0203564
  0.05164195]"
Small_Intestine_Terminal_Ileum,-0.0031452797659183365,0.0010152602346731252,0.026629394682043454,-0.11887326637316992,0.014301283540432105,-0.03469368500763523,-0.1866487346972079,0.2706993485930044,-0.5347229376859874,0.3437313960447299,0.5082685640695764,0.48136284302980425,0.4716762893875437,0.4969054541828008,0.2760389087373731,0.9877756220719714,0.459361694028483,-0.22281998037411593,0.389401952907663,-0.2917866613259105,-0.3019334026349691,-0.12477293102333738,0.9213530233813315,0.7417906004735514,-0.2146371995041176,-0.4972952988545745,0.26221100153313964,0.1804073151228471,-1.0478927252263053,0.33396295724155545,-2.09757328897637,-0.13490454886852582,-1.0374591080067959,-0.3647790471409659,0.41625648073742094,0.9916121256974161,0.6229958970225945,0.3749082151298252,-0.32394565670870795,-0.6701472066507935,-0.3762244526370257,-0.6720464104589857,-0.9487897676921726,0.035558191614518384,-0.3660476391155332,-0.5028276736581919,0.13807890969792067,0.11173670550291023,0.30493270694905417,0.029922389294071917,-1.527548391351391,0.3419418122656533,-0.4024658379443659,0.4904161674386043,0.6145975292632123,-0.3513296213360104,-0.0906000859483438,0.3841906073460309,-0.04468460760495672,-0.47380549364909313,0.774441532501698,0.8281798481652305,0.6061887158183419,-0.46934169525033714,0.2046426827491907,-0.10076003545755084,-0.24613333168325965,-3.112415643643307e-05,5.761645090665647,0.025182713066398077,"[-1.20114762  0.82005035 -0.75525178 ...  0.3891298  -0.15179434
 -0.26706326]","[-0.26379637 -0.45005335 -0.27639788 ... -0.32704801 -0.29767942
 -0.3920484 ]"
Spleen,0.0049037410176797904,0.0007316009558060962,0.02590330757139004,-0.14381649376857003,-0.004773046203026857,-0.042966524021635505,-0.15008287439688917,0.38041132124898697,-0.985519054560781,0.07721382283417116,0.4762898101694624,0.18841737436655673,-1.0099019904375406,0.174142655264109,0.581716428484937,1.1646533161699246,1.0264608077714545,0.9803264676407003,1.2393811403058423,-0.7172856771738227,-0.7347690209858954,-0.01446620489989162,1.281376805879921,0.896546592701577,-0.18179575587644897,0.1835466040202575,0.5626708272311238,0.42763277724815324,-0.6694400809898241,0.9955982311942917,-0.4894592411090685,-0.16210338090634974,-0.46440609793447846,0.661656034002798,0.10470933193334113,1.5233596078538507,0.7287145248184304,0.2935193680975687,-0.6177058903360455,-0.4761937251329557,-0.4301846576154914,-0.8323752594924705,-1.302350007895451,-0.4866820935571877,-0.8887686686491606,-0.357878064523161,0.10596607063530601,-0.48523249393800355,0.3343238659335991,-0.11783996264196689,-1.144349878374178,0.2735657230358354,-0.28127404052232513,0.1934464569072852,-0.25529810246140583,-0.007212164688058024,0.9891866131355072,-0.11290109688475702,-0.8878641520111747,0.7033385587714889,0.6422523794949758,0.8390514478125352,1.2567419240457705,0.5533113147099853,-0.4879982499913134,-0.04605371115073772,0.2278550984036493,-3.7525290450022205e-05,6.340971774811218,0.02181373022135691,"[-1.17330362  1.79592322 -0.49876464 ...  0.22724212 -0.06791735
 -0.4922241 ]","[-0.20874096 -0.32047303 -0.1191874  ... -0.11695315 -0.21554423
 -0.43502107]"
Stomach,-0.006231632439222409,-0.0028646410290851443,0.02061117727956494,-0.029792903938041175,-0.003404794142297749,-0.03316541770634648,0.015376424561240234,0.07750461894926768,-0.2191783032382368,0.4079020657873434,0.2929363139400312,0.1097841580004323,0.8493962765487659,0.30188071934474087,0.12409626394536569,0.3750176738098468,0.1738008726064674,-0.22487096753002572,0.36198620697094613,-0.0596034636417536,-0.024131597518981116,0.2719928744062802,0.487453029121999,0.2515506230640123,-0.14981859027557115,-0.6352943800881975,0.3730754354188222,0.10582661102082794,-0.17418281307394742,0.0577239026743683,-0.6346005609110411,0.03185256528792069,-0.07611848765857843,-1.1047770532925536,-0.11479800399149238,0.5786224992540683,0.24609143250589582,-0.10079790351283686,-0.06459811842062899,-0.21615685382973102,-0.640522199895084,-0.29596669022165756,-0.7325806001089058,0.02347740566731313,0.0871337741306546,-0.42104688122210215,0.24937930806780542,-0.11147323620970308,-0.13143291213305425,0.22842079777132523,-0.8192071485701852,0.7602818734607023,-0.38461010829842385,0.2344637904793481,0.6486311265114296,-0.1588061055240174,-0.14793089200065823,0.2741094377098561,-0.35829741116015973,-0.24720704767687715,0.5569869234671827,0.6125096413519648,0.41127238902268115,-0.24760058230430138,-0.012745390350089895,-0.2395872492172037,-0.12199066224820565,-2.2530607627207494e-05,6.105077974788125,0.025416828117696744,"[-0.70509789  0.51364153 -0.48868946 ... -0.03940354 -0.1319198
 -0.05628075]","[-0.11150381 -0.16942266 -0.10449847 ... -0.11551562 -0.112065
 -0.16710995]"
Testis,-0.11650979442897025,-0.018426753763241915,0.016230500864688625,0.24435424716215226,-0.04297132100764209,0.9728211018746348,0.8681261728848799,-1.9235878283498433,-2.649201316503173,-2.1507616068668445,-1.6038807564536859,-1.6802757372185788,0.18108414907826878,0.5611342039717043,4.3439075099913875,1.9358665016125356,6.2633612503819105,3.0037529987774403,0.5126613861550223,-2.0737543932398634,0.9935530273998252,-2.721901964874362,3.596134129949391,1.0499964213751283,1.1909627100924938,5.759970301099527,1.3547897538479126,-0.47599062869530995,1.9533930525049847,1.2799844395868698,3.80108790193793,1.3363063124651797,3.134831021679051,0.15838963564234165,7.972404483978345,-0.0030073614363974963,0.3415219535592639,3.0262129109418594,-0.15267281151731882,-1.2283527067654438,0.2500148717311197,-0.4470166618173377,-1.901369506899805,-1.3449080020448527,-2.6652635070150335,0.4260021767800265,-3.259303366780838,0.4700478995861414,-2.8354893511590546,-0.07006900869122494,4.223053136137323,-4.1573218919062,-0.8539362475666551,-0.7808405156177083,-0.06790107118575275,-1.879914470527852,2.215245508486259,-4.462714543447491,2.7249929142279323,1.4732368538006828,-0.4770273192550934,-2.7353848175026587,0.1814239543797257,5.76799655417355,-1.6476911435146189,4.210426199460961,0.11775760595830545,-0.00031726078609743116,7.249865808010704,0.09170182366245294,"[-1.41086821  0.39374335 -0.67806677 ...  0.26286603  0.67023507
 -1.54255578]","[-1.16331236 -0.35847849 -0.5080416  ... -0.20833398  0.0824446
 -0.68594817]"
Thyroid,-0.00906460126373411,0.00298350059461162,0.004538956944875209,-0.08627900931614513,0.06642471702649426,0.012327110325744309,-0.10353405518254072,-0.2851422840387451,-0.3202147980767532,-0.36815156960714895,-0.35098079239503627,0.4049828286450697,-0.695132391423082,-0.3662800333286854,0.1995991318353864,0.6064614103137567,0.43939688467665633,-0.24514291042485034,0.21271906195605325,-0.8119371275207491,-0.2138404878724269,-0.49174512218284405,0.5450897835021581,0.8130479334947711,0.1181341452115104,0.38259765989177646,0.08338068449924155,0.3593286647315481,0.009280933618851527,-0.24218596949556942,-0.5743310948776991,0.0015007165058564958,-0.18881866815008674,0.36925255304642396,0.6876148396762394,1.0813109272773085,0.728443619575567,0.41801535804548234,-0.6311037276615368,-0.6072964889350012,-0.452079423809539,-1.1769181876038095,-1.1827502470973839,0.13888232711232984,-0.06629912942768995,-0.37710246691101273,0.1916180273797468,0.6059759679852506,0.5712206203819841,-0.3570876981076356,-0.9713978795826352,-0.011105648001520071,0.020897123413210355,-0.3125598799062239,0.14258082329112576,-0.1598034206862537,0.03345091823572971,0.4973209594063698,-0.2127497144282368,0.46355692349398436,0.8739429790594945,0.9252036728032428,1.161414817061464,-0.9986867634662182,0.09189510250493796,-0.3427055333818071,-0.40668884935803523,-5.7750277612964424e-05,4.675269798557359,0.03979745729371076,"[-1.36512295  0.56928495  0.79725027 ...  0.65014394 -0.03385551
  0.23876866]","[-0.42670209 -0.56645282 -0.35064657 ... -0.55843729 -0.34081302
 -0.37405035]"
Uterus,-0.003288709597153175,0.004258720883735582,0.019698876429462827,-0.07268064037813256,0.08224076408520031,0.06334468066478884,0.011248372947735683,0.00731976104272767,-0.2942966519041268,-0.3003250867515909,-0.0024954264629190263,0.6348038508400432,-0.17936142770048974,0.13127063418862084,0.13783984925151158,0.554379896086156,0.23650901224075474,0.5141388962128325,-0.907310320982991,-1.006246691685835,-0.8338773011301198,-0.7652485579390929,0.13769879255049466,1.316773318653904,0.5417701662902573,0.7253520642556937,0.2867898240315304,0.6775217090960507,0.0263197242155922,0.8157964925239071,0.6864158513946798,0.5712240768175988,0.712648606061846,2.239723957877809,0.5881204717331313,0.219309196613703,-0.04105741285804514,-0.1815954466464858,-0.4317751691734151,0.2864859778778299,0.22300070686175127,-0.7419086674438059,-1.3076755655983863,0.15711882848768824,-0.6256357850855616,-0.7948734789889336,-0.5865618447578934,0.3055577280206831,0.7322671907850978,-0.5073488617391358,-0.8570148495690785,0.0002486231021043652,0.3896154645625842,-0.8832049261779642,-0.5486114353630329,-0.6207847645602168,-0.1250509886780023,0.15810421928065232,0.8489480467230082,0.23009594326504382,-0.19360554969182672,-0.23049523609629405,1.2419032835185848,-1.1317767873864961,0.008269089120672639,-0.21395142345639015,-0.6595752099575206,-2.622338904296272e-05,9.87212359167913,0.058000575455741665,"[-0.89715604  0.21283446  0.73785898 ...  0.40513789 -0.227446
  0.47795785]","[-0.34550307 -0.3346307  -0.22592139 ... -0.45984646 -0.19723378
 -0.19994164]"
Vagina,-0.019419357792082044,0.004116876358944856,-0.013168397119285911,-0.053207857769836706,0.089992987505176,0.08216428620794648,-0.021005183115363212,-0.04063417651630289,-0.15918160375126825,-0.42618740277678957,-0.48406885835753116,0.21792247340155205,-1.5025568502238051,0.9858160068495411,-0.3152170747628233,0.6128497602229365,-0.15841972662421702,-0.19538576917982994,-1.0402703649969642,-0.5967702642380165,-0.7976248690256411,-0.719941220361695,0.3721784053377387,0.9020771067053039,0.24153868592076017,0.8404476290915487,-0.17214885211216652,0.757202893659597,-0.13989336840303995,0.1428253921544184,-0.8087461672329591,0.6837542059257161,0.30887146899776957,1.4026771054890124,1.2455305021606897,0.44341540170309424,0.2777738098682984,-0.4691855162257254,-0.5208656956783678,-0.2558567561853505,0.06104656121741161,-1.018404877480621,-1.0679549181118886,0.3458392052573306,-0.498834357865106,-0.6422270660015885,-0.24926363476512162,0.7535288056591521,1.0740755676460645,0.40864982191175975,-1.1991845763308233,0.07302947373165292,0.28838048499719215,-0.2345354984443545,-0.4390914480567468,-0.46861963781246235,-0.18399681585019723,-0.017280473294410525,0.4710384317199441,-0.6514087279176214,-0.011345730248012272,0.004438085448415647,1.300498796278437,-1.05744240914589,0.6549889206518685,-0.2478857716228101,-0.5972231445981737,-4.901781135796039e-05,5.9898577564865825,0.07256524002397224,"[-2.33242676  1.32634036  0.44170896 ...  0.35652513  0.10655961
 -0.07164067]","[-0.38222351 -0.36317933 -0.30733814 ... -0.54651507 -0.16748758
 -0.11268922]"
Whole_Blood,-0.05055004716236214,-0.006971474192349248,-0.024082764198226678,-0.22496457928407157,0.003942155472563314,0.0809941641653375,-0.9003781767719075,-0.6010283303957737,-0.9333501165376377,1.1868310218775453,0.34460040424874816,2.057143201012161,-1.5427149222579146,0.5042024522787618,0.5133710708880292,0.9048128252424413,0.8717837872914119,-0.6134607666437814,-0.30302617332212745,-0.33788547831269916,-2.189774349748071,0.10176435821387957,2.8983317872796377,0.7832150869273874,-0.5033187039489984,-0.02019660001389525,0.8005797226866695,0.5024185338083537,-2.6955535945248648,0.41922757246168796,-0.6750440802456015,-1.8727097057071138,-1.773392901060288,1.0304342561194195,-0.21696997686153244,1.8710459715697372,1.36732538230614,0.18237775695188907,-0.3641102885427694,-0.6416158407763047,-0.4047938255443503,-0.6769309052259882,-0.5476420333587915,-0.02953317294475993,-2.133636540556952,0.4496358025393677,-0.30470424226653103,-0.6650603838089726,0.4958712472000181,-0.5159605610002549,-2.6208648864971877,1.3973562070866445,0.5096537602666008,-0.4591102301822994,-1.0312262427367334,-0.3970941004972877,0.16053578801018747,1.137933810788429,-5.0811613751891125,0.035750158813234616,1.0431492785092358,2.039704435423873,1.7583133608647796,-0.6215530580464456,0.8926525465617564,0.79372237317534,0.22284131334272222,2.2668280546367862e-05,7.173594694937768,0.03823721780972378,"[-1.843996    3.10954028 -0.90940151 ... -0.77195513 -0.12890169
 -0.01237579]","[-0.07040613  0.07318147  0.04806311 ... -0.12504381 -0.16274754
  0.21663046]"
