,log_3_utr_length,log_5_utr_length,log_cds_length,gc_content_5_utr,gc_content_cds,gc_content_3_utr,AAA,AAC,AAG,AAT,ACA,ACC,ACG,ACT,AGA,AGC,AGG,AGT,ATA,ATC,ATG,ATT,CAA,CAC,CAG,CAT,CCA,CCC,CCG,CCT,CGA,CGC,CGG,CGT,CTA,CTC,CTG,CTT,GAA,GAC,GAG,GAT,GCA,GCC,GCG,GCT,GGA,GGC,GGG,GGT,GTA,GTC,GTG,GTT,TAC,TAT,TCA,TCC,TCG,TCT,TGC,TGG,TGT,TTA,TTC,TTG,TTT,msqe,xvar,test_y,pred_y
Adipose_Subcutaneous,-0.010026262930562054,8.670056325571039e-05,-0.003980049173429776,-0.025746032754645803,0.059539125702375593,-0.030371901810288975,0.03438016877166023,0.5432099201637356,-0.46881054572364095,-0.17106543511340427,-0.1490573202947161,0.9123795244256662,-1.3206786380421043,0.3685051046057366,0.02933665891786083,0.07257006965829944,-0.4608428898488848,-0.2164931446807678,-0.7929023203191026,-0.12204329056034058,-0.5623114147590362,-0.41815850669630644,0.4619463281745033,0.7846053948170935,0.1911176646043925,-0.07422086539341542,0.24296388788355422,0.44306893681277565,0.12943731058765404,-0.13787609605856704,-0.4571787757681527,0.5315545118352373,0.18444380712075664,0.7997767659914884,0.27519161218451776,0.7618622787437115,0.40646606596626544,0.4406932800017297,-0.38933222686734714,-0.10974547605591108,-0.13443520675721962,-1.0714063402559972,-1.045041687439743,0.4008615587571712,-0.2308995462445863,-0.6661295080922317,-0.5937966165210952,0.17088963463332713,0.5278512740180761,-0.3331182779068795,-1.0011215824424398,-0.08003147512436426,-0.11849519331811001,-0.3972527689085718,0.3422292963234404,-0.7781760990859828,0.07276713484920692,0.5174919897302005,0.6082273715759091,0.04073822537256058,0.1573385295633409,0.3584056391677596,0.37410190678513455,-0.6149292718446902,0.6570551733011958,-0.215928413577609,-0.4218734331382019,6.28143316780873,0.03951290349037684,"[-0.98743708  1.40094564  1.05226362 ...  0.54917021  0.34243487
  0.77937231]","[-0.06686679 -0.15611503 -0.02886233 ... -0.23632081  0.03653949
  0.03919188]"
Adipose_Visceral_Omentum,-0.008010977696802956,-0.0007347988609283737,-0.0034727046434550046,-0.010076810745538727,0.019946338455513753,-0.03258664345646252,-0.034534670523966575,0.35528077230029625,-0.4090422242517432,0.0400015199919506,0.23837288460037087,0.5755525825701772,-0.8381341264817594,0.28048179372905363,-0.16863077062543283,0.19600160406384448,-0.29055080582067117,-0.21103221890655413,0.2074973500092853,-0.29318989566723846,-0.31535778989254326,-0.014564986591975275,0.6811689823274396,0.1655926308615633,-0.0825074134929644,-0.19566386504498626,0.19408457964535256,0.3130031871616772,0.08753732002406608,-0.11365184846359341,-0.7718100581543631,0.05114082493893637,-0.33105016639585394,-0.01609995735346726,0.31753043971204487,0.6680716963804701,0.6495544759724127,0.14394565371255147,-0.24073219379392352,-0.28662500632715726,-0.5686764697928772,-1.0589023269924003,-0.4497528617719812,0.11654456385911038,-0.04640236968763457,-0.5742879354305187,0.20876832026020004,-0.22825236892574272,0.3033665003819491,-0.01707667586814847,-0.5900251754357005,0.20022590973075263,0.2999730934323653,-0.3047831950643367,0.4869461499989772,-0.45860145092983495,-0.5765774858870515,-0.022332241566371695,0.09653490001268876,-0.3807066298781209,0.12693074238095348,1.4186254221856294,0.6104327108356568,-0.1855223744617268,0.7772464624548574,-0.1118570919494361,0.10806971405200926,5.672785487751341,0.01979171161774751,"[-0.43228432  1.32193636  0.65543601 ...  0.33994225  0.10364801
  0.29270542]",[0.11272973 0.01559277 0.07331979 ... 0.01006465 0.14334477 0.08687957]
Adrenal_Gland,-0.004646628998727339,-0.006638857743850498,0.005459370185133599,0.037435790635956014,-0.04859549985364137,-0.10089587661036824,0.04110445196907873,-0.4729729881548419,-0.3652240662122398,0.25772343360691913,0.06066715120693153,0.010354430902542613,0.6723775041647532,-0.012392389532032217,-0.38615541516897955,-0.6165849824134876,-0.947813653774169,-0.8461675296959037,0.44800126966225495,0.06169052581342678,0.9884533763646799,0.7342362723882796,-0.7241643848417679,-0.7719632450669196,-0.4645968679444745,-0.4659158023286991,-0.26988561914988285,-0.9772631024588948,0.14474381843216783,-0.1098746726152514,0.7079026270344781,-0.4614859799251499,-0.7658940863474277,-0.5970424918776116,0.09789786784794194,0.5732002249159132,0.1453670242408622,0.8624521636445529,0.1831730618166936,-0.5061860545371517,-0.42353026107932085,0.1219084439220218,0.3951126329455415,0.11069381651500047,0.5162571968336964,0.6590919395002209,0.9150278972592658,0.009868165933456198,-0.7267662296802416,0.2340487409209432,0.39156560965986453,0.6019099534675485,0.3992245165811753,1.1028429866437468,0.47397323114146167,0.8776455959486079,-0.7179149565227699,-0.6849492163795458,-0.08857339510160679,-0.23731503750670233,-0.12502753510826362,1.4872355719660155,-0.9875372966436836,0.5497691716672545,0.5766226382400532,1.4766595955761004,0.30489546957982416,7.557138729891888,0.041605919394539836,"[ 0.22415138  0.25798317 -0.64870778 ...  0.58830433  0.25905308
  0.74568919]",[0.26447725 0.30351461 0.08106554 ... 0.32906961 0.18249234 0.18172108]
Artery_Aorta,-0.00598862556817496,0.0008806896817749952,-0.0005435138779804064,0.010663934581675557,0.032471746775700354,-0.01601485454073859,-0.10640558501435692,0.886622581133662,-0.05671781985957255,0.05652809679862673,0.2614693452146454,0.5831883837675506,-0.874834446487241,-0.09103574061174118,-0.22773214122453941,-0.3845711018585207,-0.7884171939255894,-0.7071845454380278,-1.0789412480764393,0.20798644351462245,-0.13287884842424444,-0.271075164365915,-0.16175977453318957,0.40204206152806227,0.11542405797629521,-0.9230228649760921,0.6390213951314043,0.2965005051925646,0.11951875100060903,0.7830914683938582,0.6706416619506979,-0.20142129775914405,-0.02577318844875511,0.47579376092797304,-0.4350360032912217,0.08696347087106168,-0.05271198321539977,-0.4346522578737761,-0.06629117042361869,0.43326520609476904,0.20197106124157893,0.5658010792350805,-0.4784915634992095,-0.05571701665296358,-0.06006322930568845,-0.8297964859591497,-0.03373522945968614,0.2363079428071484,0.2080213225313939,-0.17333301667391215,-0.9721443682968638,0.12360562232116919,0.401473477699751,-0.3406740457248883,0.2611882802275891,0.04544089200661568,-0.41268504414540297,-0.5652997546712308,-0.23913112058539568,-0.1101137909912815,-0.29781869778314485,0.47680687140269123,0.5488417128319262,-1.299994016490104,0.5103884426716305,-0.5080197443965984,-0.6598238192408136,6.255077221153258,0.012982191329696025,"[-0.4225784   0.59174189  0.8255074  ...  0.21819698  0.08605395
  0.86029231]","[ 0.11757413  0.16262333  0.08823504 ... -0.01865231  0.20186687
  0.21835934]"
Artery_Coronary,0.0015868596417945495,0.0012958291646588942,0.00586861737318323,0.014975167989495943,-0.006851235474602273,-0.08263200677333954,0.15923790044737954,1.0559776393257265,-0.06909867667605898,0.16398540167365555,0.5447965478586866,0.8385278380021031,-0.17257308146602293,0.16277395302463854,-0.2566507233343799,-0.21759751653414097,-0.897771498395079,-0.5371960875352989,-0.24897424828675457,0.09539672164593435,-0.08041954377824545,0.005523458143634219,-0.12560702642611674,0.2589556646964169,0.1845859407209385,-0.9281828972564544,0.5398925062657816,0.2533719397775663,0.25085640785169955,0.7224837298427149,0.4302467394717215,-0.21444304263617972,-0.2285497652672935,-0.04603408633665603,-0.682113354422203,0.15913327970537886,-0.22541429828129506,-0.07173581922313875,0.04728171968096477,0.5049787849948766,-0.1548775394368649,0.3996785740961807,-0.41690632975620867,-0.10391564165686644,-0.16181341939358854,-0.6058673781679199,0.03924201258356716,-0.024940151121259392,-0.2626908940582727,-0.536092120050376,-0.7428705517741733,-0.018728587389466835,0.060344340677792,0.02819568800614089,0.3737902000009643,-0.013510255806592108,-0.1425559005177799,-0.5558820761604543,-0.0053339372589271,-0.29644325771452956,-0.04537433128787554,0.32690695779828893,0.014252951436276537,-0.6534119044384633,0.6038521150317556,-0.2961269217235642,-0.2645942016657594,6.185332523994459,0.005853962381543898,"[-0.23961475  0.58925465  0.44860503 ...  0.51262536  0.06991914
  0.87334846]",[0.22312863 0.25048884 0.20462058 ... 0.17926194 0.20461779 0.21592233]
Artery_Tibial,0.0007249956374792513,-0.0005417857001113591,0.0018785195075688857,0.08600638788536273,0.013111897150291792,-0.07723499435782144,0.23214510447829736,1.0680978531073309,0.4805409353279196,-0.038393036152258274,0.35571224296633525,0.0663276320696485,-1.4680578947776424,-0.27784983089296084,-0.14417607546797923,-0.3817970564359288,-1.5257288428799556,-0.478532964571489,-1.1342763825952114,0.017307150010630774,0.09999599455637742,-0.3365252474850119,-0.569570892396054,0.7426233133620864,0.6797294909594496,-0.789124293418039,0.34288337788567597,0.4739507190803134,0.4301739174822713,0.7054484061324292,2.2578435019742655,-0.14733036027993446,0.8008653575409694,0.9958133271331776,-1.3055521486062145,-0.26830935211577367,-0.6882860941671507,-0.11331467652501956,0.1379732039501452,0.7538628827272316,0.2186262130911872,0.8789919886076097,-0.2344367983804891,0.033041163635345046,0.016056465626723557,-0.49482714744364986,-0.49786550278464864,0.07351225560140484,-0.23913754750199323,-0.29485960816269813,-0.37448966046824306,-0.6678376472942319,0.12040415283440259,-0.38764265141695714,-0.2856708301498551,-0.108557688121229,0.5609813612441051,-0.6513392764335856,1.145416343194724,0.18401351921985235,-0.6725306925173452,-1.0260674512361385,0.19175223589807125,-1.187931490369543,0.144209964934781,0.21650765181063508,-0.7319286232173932,8.555792594040359,0.011349683600555327,"[-0.34611162  0.37433491  1.07207772 ...  0.11473445  0.24611062
  1.38636112]",[0.27229049 0.45387116 0.33320227 ... 0.26284788 0.35026186 0.39347786]
Brain_Amygdala,0.03442879970325993,0.0037808458803750026,-0.020936817480150475,0.08305195920436594,-0.08311552000065567,-0.08575775767918378,-0.04463225572449434,-0.0032085071255182813,0.8255612492181931,0.4353655374679646,0.0006616077778701114,-0.9843710642544097,1.2131266127653029,-0.7245476738721903,-0.06774691708758841,-0.9444364068116905,-0.085968724778854,0.6742249151163802,0.6838441596992014,1.284748592384581,0.7604406348895809,0.9271706725911648,-1.248416336257551,-2.000586201746496,-0.7093722166297003,0.03953665000961098,-0.3197365201559208,-0.6144213046244006,1.149183499153515,-0.8698665362885608,-0.620738948815215,0.20404087153838799,-0.02460312367938817,-1.7617611610996051,-1.8856075305260132,-1.7510417611228362,-0.8132832362863381,-0.6636006079652275,0.6800080234776558,0.8180224805204465,0.36279944482842963,1.3430337337454485,2.0345102437516074,-0.41546817756989923,1.0371142549732926,0.6142817561685976,0.42465203724132616,-0.576877802599125,-0.18190922348126187,-0.176643121615214,1.6589398085191436,-0.27971875405979635,-0.16764818613532098,0.24467610166124024,0.19913328824578344,1.346623611072394,0.00030206020721800544,-0.09698202364246432,0.531965003530636,0.05594780895480577,-0.19179893170018472,-0.5698240969076954,-1.5640347383404636,1.0220900162369988,-0.6375913953500383,-0.8954012914958235,0.7603708664841503,9.797580388558226,0.05972240411524188,"[ 2.47432084 -2.03094914 -0.61195722 ...  0.88233232 -0.55552717
 -0.29400741]",[0.542719   0.47704747 0.43638062 ... 0.58066669 0.6507949  0.21360731]
Brain_Anterior_cingulate_cortex_BA24,0.03666410624236046,0.004928273517102748,-0.018947072365327656,0.10382229010856966,-0.09348331117116856,-0.07177444703698525,-0.06051277374281921,0.41987364115614834,0.8355449479306272,0.7507975436271191,-0.19911223388843025,-1.097595820676736,1.3908240199083521,-1.142216434139889,-0.654918979597101,-0.8691204765509336,-0.2757115154818285,0.3506686120360126,1.0670426043025856,1.4014310441447073,0.9010239201923913,0.9937188483668672,-1.3644729673328215,-1.8337540464328252,-0.6116875473551983,0.12147269797967364,-0.9049181529469537,-0.6160835039517889,1.071222268349498,-0.9027088853218816,0.1603214621058685,-0.17093884834436943,-0.2663179800691369,-1.5910324748027924,-1.6588252207167795,-2.137718742159658,-1.123033409339377,-0.49038147745653693,0.5792268312557385,1.000259097956759,0.37120860841992087,1.4878105853504693,2.1183698720262885,-0.17117394782247913,1.243358516820965,0.5949334862380755,0.6831592061024991,-0.4033998738433533,-0.4999775795873256,0.010929723002030553,1.7810115163063456,-0.6386859811195971,-0.1761934912272529,0.2339277785887045,-0.10813481967224257,1.684709364929214,-0.09447306867186846,0.07251514252667986,1.4134715531160493,0.47573248203732116,-0.01227138536516799,-0.9504527914426599,-1.677326761804751,1.5407234563087373,-0.716420366755603,-0.3825097987917939,0.9284531411720878,10.295542665082085,0.06399628797981971,"[ 2.65638117 -2.31951906 -0.48999443 ...  1.05772433 -0.75483598
 -0.50378477]",[0.59632287 0.52057078 0.48237682 ... 0.62442045 0.74606309 0.19633287]
Brain_Caudate_basal_ganglia,0.02994202521460562,0.002485290696550696,-0.01258781263971001,0.06294548263893415,-0.08166100163955126,-0.08578748134108694,-0.07466772868548223,0.21808871308199002,0.19044586994269305,0.6331062199809501,0.08231832763362837,-0.790333079883035,0.8624801623484294,-0.37279662967566674,0.29807435624275025,-0.7315925329615652,0.3371550964326231,0.5255078835440309,1.1377651563492461,0.801682915612965,0.5169881537463719,0.8944359170040792,-1.007977271096183,-1.5287945461875996,-0.5376886326732528,-0.08104052287080052,-0.6310241575408383,-0.7030683092554411,0.6998380799389673,-0.8509934011392599,0.1234871385879249,-0.27005851208329046,0.00685731238874195,-2.155071839428576,-0.7849323349402976,-1.6930470524826493,-0.6983991879966845,-0.4698124613861554,0.4401049560154616,0.45673062430250017,0.33839165019942935,0.8523345945183141,1.718104927765854,-0.3944984409780312,1.1143325847212002,0.89744758827269,0.7571117078608833,-0.5257183988691452,-0.23601127124455118,-0.24451759347043397,1.881374133016983,-0.6368063158020972,-0.06454016973501481,0.39301680460181204,0.2037191525912493,1.6820864868757222,-0.0665079544967538,0.16904032395316831,0.7681599975496214,0.1499134039871848,0.2744987138470697,-0.5345227575574649,-0.9402315815118851,0.6750179677628066,-0.5576542518156363,-0.5390603678518278,0.9422643930645327,7.2447144574742515,0.06264483668469023,"[ 2.1721437  -2.14884113 -0.81192252 ...  0.72042767 -0.70236856
 -0.70043178]",[0.32932153 0.29458456 0.26615284 ... 0.37609272 0.49533604 0.03917883]
Brain_Cerebellar_Hemisphere,0.04448686394232981,0.007975175976123301,0.030897712892052995,-0.12841786531294103,-0.06452755465183682,-0.16453855043405427,-0.07955902809741444,0.43132445841364836,-0.22600844677534868,0.5976991764175665,0.5993848303977634,-0.8288938562632017,0.21040186130027483,-0.8246769958534343,0.3451234334824164,1.144736850285372,1.6481707940991328,1.709380782516837,0.77552096801668,-0.2507640691470125,-0.8302272052744122,-0.10353843346553478,0.3846819290113101,0.945277625403146,-0.06974955298589536,2.0208097896598125,-0.5779874759877984,-0.6978428428386595,0.07366652874654345,-0.11229421140419013,0.09127596596051081,-0.7943923186415092,-0.1420394710439868,-0.8827669695921561,0.37251204566183316,-0.6695496254017165,-0.5596413240629359,-0.8244683786247998,0.4046515395141366,0.1368525458530762,0.48412928531270394,-0.10163889477590264,0.9508569323608083,-0.4043205150597706,-0.31647307404925334,0.0001764452728510078,1.0615785910267022,-0.6761851099326501,-0.6913579587860391,-0.050506351045118865,0.7205385389140583,-0.36126423205881064,-0.5255795784943694,-0.220007534334551,-0.20491853713103297,0.2226867262990217,1.0778881343948585,0.9808932803445017,1.152822972302188,1.926311437744693,-0.18162655686087298,-1.5639705631694159,0.7007480345506112,0.39549798979827094,-1.4649377016635514,0.2656728204236462,0.2938630543716731,12.391040561630692,0.08164543104157129,"[ 0.28222655 -2.74052188 -0.68076322 ...  0.42351711 -0.94493886
 -1.47461461]","[-0.31416957 -0.42312655 -0.14439902 ... -0.12393658 -0.07189914
 -0.71682588]"
Brain_Cerebellum,0.021910834768803417,0.005697913195972725,0.023386598095539203,-0.1377006791653825,0.031457871094649016,0.06792016135680508,-0.24768686175506277,0.7571896831529998,-0.2046920509357441,-0.1884227730406822,0.10006235931224612,-0.1373309029306595,0.30651399307641825,-0.5580268174345371,0.28870522588710046,1.0282489546810458,1.786543952161497,0.6226381298379587,-0.10788091344082958,-0.28835300632286937,-1.22118196342697,-0.7346786366134406,0.40608895175205695,1.1810283183996069,0.12597888673708285,1.533379226352053,-0.24480969604706035,-0.01505558762736114,-0.05527389054697346,-0.019370088757442977,-0.4723876106795452,-0.46551391228747924,0.12223807821005281,-0.4018189531137149,0.5953173854212699,-0.027448705439605335,-0.061794260619383805,-0.9604906693799947,0.05250033126176787,0.23279783455261277,0.5319010674751431,-0.8719579276235018,0.5993903829675408,0.10001753109209487,-0.8599293103680169,0.4280155797643022,0.7376163684870379,-0.19320237664547676,-0.4937192939817062,-0.2172021936737955,-0.437273022758491,0.46299429267115644,-0.31784235898895935,-0.6771586957902561,-0.5063001019103763,-0.7858140945926982,0.3927360240551936,1.2344186397837376,0.5008397431807149,1.466866389594814,-0.12567460263821337,-1.4862104052048997,0.6765284808461233,-1.126004567571626,-0.6525642991229057,0.18062791326131938,-0.17765102164038477,11.074321294655045,0.027477580605221097,"[-0.20812725 -2.72918533 -0.72445968 ... -0.0730279  -1.07231817
 -1.35975617]","[-0.56007752 -0.71492845 -0.45599878 ... -0.53117484 -0.61678388
 -0.74699505]"
Brain_Cortex,0.03155873808440572,0.004953745864052613,-0.00425316771174917,0.08204059205641975,-0.026177434236495378,0.11506618150381724,-0.07323912721685602,0.8035590978475563,0.5927227672566941,-0.004729466126573204,-0.37008861818970235,-0.6239991140460258,2.453023030614282,-0.9623308265736176,-0.6927484446599249,-0.4444256275172637,0.21854277382390713,0.01334632852928693,0.13990576139378344,1.4771881944289167,0.7800277844281254,0.0978147076382317,-1.5406850986837732,-0.9228365680448342,-0.133870611859011,0.41446870272619507,-0.6553606472071526,-0.03846269853718129,1.0027881600392037,-0.2128901946869347,0.5465507470717644,-0.29924731032367596,0.11765029366871756,-2.0366940882787246,-0.6899721824817885,-1.684484190268087,-0.8637041410227825,-0.7946522657723403,0.4907539029877918,1.1393543677420472,0.6218108101426969,0.9666953680741036,1.940471715334516,-0.0538738894402729,0.4109722029948006,0.7047759724509339,0.10992811273787644,-0.281089755696861,-0.4555925126754939,-0.4198740286436728,1.0547352359579312,-0.1254290856457266,0.01609941086655325,-0.3593470966958787,0.007568815386161019,0.4701758352353366,0.13060431217998492,0.5878910705536485,1.5158633499961431,-0.26429657249694705,-0.7878404713947885,-1.4220835641635616,-1.6645246567817675,0.5768044321316617,-0.5794780746070722,-0.0982948939122657,0.10967982149566574,10.952166523616585,0.03589222177277829,"[ 2.20507461 -2.43006218 -0.3524909  ... -1.00722314 -0.66169939
 -0.43416437]",[0.35433776 0.21247694 0.21168398 ... 0.29714331 0.08658684 0.1470797 ]
Brain_Frontal_Cortex_BA9,0.0481759105259749,0.0069323150882461,-0.008683031877023427,0.13373182314839066,-0.11094454397267368,-0.0928430567375449,0.07340348624547911,0.7306117546219122,0.7918513146245689,0.8807868089042666,0.08549543113516128,-0.9982895500194672,1.6571256634423932,-1.1047068420450705,-0.9246329223834384,-0.6347713678632095,-0.3823164462799224,0.6225292910004621,0.6288756522601886,1.4157789430113281,1.3048412998708907,0.7680345378428808,-1.5985608664160789,-1.8000914113985367,-0.5731368070623821,0.12702143681128,-0.9143814602435871,-0.9101171835312042,1.0749702557462353,-0.8030243285233354,0.9400449972552906,-0.3525034358842974,-0.267989934584856,-1.9609363029794948,-1.4975670706525468,-2.125613746585944,-1.2232894092871325,-0.544538926135061,0.6872639864445225,1.1738917396316606,0.5297996966977778,1.7827658987632646,2.105675534815853,-0.2827512840898672,1.267609828449267,0.6355050711575386,0.6313923414121493,-0.45717220792722263,-1.1194591520854906,-0.04486595773896182,2.3869671682538027,-0.5016963045245798,-0.1866709037700755,0.282706523262617,0.024112347588756182,1.5520686139299786,0.253111117185393,0.06006848413506999,1.853705726833573,0.15773829387127933,-0.4878587213749491,-1.3794868812086745,-1.9816297402900085,1.4609693040049763,-0.8591136348464786,-0.008427090914746182,0.8667447288815181,11.398007021928075,0.08151100916149634,"[ 2.75095059 -2.49232002 -0.18743166 ... -0.70236856 -0.3378617
 -0.54995948]",[0.66953398 0.57322419 0.51814486 ... 0.83398856 0.19961815 0.35364222]
Brain_Hippocampus,0.03472618245239272,0.0033118792363177256,-0.01769545897603014,0.08355359794887719,-0.07410280581038163,-0.07703135049428031,0.010495049843758772,-0.056201397095141985,0.33144914197454534,0.28782646456060945,0.0648008797669127,-0.6929586301066579,1.4323231833952663,-0.6698524783250868,-0.3717300833870468,-0.7917996027744011,0.203321830197012,0.8580624593186621,1.1435086007681394,1.2987113022256564,0.4703039472424625,0.5637906140367909,-1.1513300066140013,-1.5068521100270165,-0.7848934598183105,-0.18795519699553423,-0.2160463391525399,-0.3744187895593863,1.0864535143312868,-0.6319210330022504,-0.6159481420037088,0.12337011408509177,-0.12668279193883814,-1.717533990458745,-1.4047838523299405,-1.7065038544019273,-0.8482139628760437,-0.6469587380470354,0.546521164845322,0.9123075552331761,0.3768318478713906,1.3968668420147143,2.001594614186763,-0.3562278982711313,0.9973720688237294,0.3498353498622292,0.39794265418222674,-0.5266522858113314,-0.5193110383922485,-0.2189406854711233,2.096566292359418,-0.7524541270289812,-0.07107011400171903,-0.09550651759892462,0.16352782964933046,1.197769275367224,-0.14680407749238814,0.19961228570523173,0.4679600996446294,0.3484756684419718,0.03883342980332565,-0.604788943339686,-1.4415874600042085,1.1713213452640376,-0.4329472955601808,-0.6321109523762415,0.9365003727031774,8.422314404107416,0.06142908878362052,"[ 2.36099427 -2.19859132 -0.14895751 ...  0.98995196 -0.58689134
 -0.43824577]",[0.47952371 0.39680943 0.40032479 ... 0.53181812 0.60255846 0.16199998]
Brain_Hypothalamus,0.03218884397693349,0.0036709695629577373,-0.0240553562443022,0.0658064231562702,-0.09050807657014269,-0.1326945299476302,-0.014091472036391084,0.09934360441146241,0.2785392938806864,0.608925059348936,-0.17966217577140828,-0.9449106600850783,-0.07282922004730609,-1.164191119961427,-0.18079840625737836,-1.047146902587508,0.024822527353091033,0.7333051738633705,1.0578750681646634,0.44091623391940404,0.942419689173815,0.44509891536465485,-1.087185200875162,-2.0553444590104246,-0.7149471710169009,-0.38313697787156925,-0.6688098832205784,-0.7178951912709902,0.7846691824516491,-1.0528678837587586,-0.25214587651170506,-0.05945281527485242,-0.8127421366207026,-1.4079254567023416,-1.3184685774361522,-1.693505467380909,-0.6858804099700864,-0.42735011016253655,0.663149066613589,0.3597262022312447,0.43269511166978475,1.2899113493863217,1.8862697856582415,-0.2987703740192558,1.0835708242648026,0.7506559866243887,0.576159737235489,-0.3188747416116682,-0.46593917114584604,-0.0652322006194212,2.445855137474848,-0.6045100656889885,0.024791251220334314,0.513411880966478,-0.061947710080286114,1.5467936052828224,-0.35139173154815095,-0.0808555846944859,0.13723440710892273,0.46444482147029864,0.6890046766915784,-0.2676132916063797,-1.1418943071809866,1.3961527019044153,-0.3310980702937404,-0.14654592998528504,1.3529168794922948,9.217340102830503,0.07690549062841467,"[ 2.11319968 -2.15017271 -0.87468796 ...  0.81703071 -0.36676552
 -0.42437069]",[0.47611844 0.38402817 0.36488535 ... 0.51074095 0.64702417 0.11630128]
Brain_Nucleus_accumbens_basal_ganglia,0.0324535978696909,0.0026160390154557696,-0.01634389635252311,0.05329258842320714,-0.08843270522938482,-0.10735807974811573,0.08882385146967996,0.247770950741411,0.5513265952272831,0.7442211194131289,-0.3146274584336022,-0.7500350542108705,0.9095567473465112,-0.29529406845790157,-0.07679903351594909,-0.8720224986568726,0.3048152781051139,0.537032962934568,1.119972544580958,1.0717799000476638,0.732934806407925,1.0329397645960587,-1.077537979016322,-1.841070464866613,-0.4599251937449971,-0.1119468852861856,-0.5061344136144679,-0.6348764317596242,0.9376254171569641,-0.9410806719003432,0.46064326458988136,-0.11912961276387737,-0.012688001513202431,-1.384406774783506,-1.5492344633225053,-1.8952602862046317,-0.8493605554571311,-0.37106085812934464,0.503519555766745,0.3464475012032499,0.29937396968810126,1.0366545924420973,1.7542865560485474,-0.2822755770948956,1.0851787288017192,0.7115876899271584,0.4683403782509308,-0.4710915533109845,-0.34068268012771774,-0.1298115434104957,1.8851096896232642,-0.45838992069659185,-0.052984916952005245,0.3873255580590582,-0.04985207803165112,1.3375018559856342,0.032120617587707165,0.40587600922586586,0.6267664548204089,0.23182847206526258,-0.18889862387324682,-0.6986450456734637,-1.2014593663120694,0.851402318050017,-0.8401159126347258,-0.6233168642233567,0.9240820930163581,9.188400212365691,0.05893824001551562,"[ 2.17111089 -1.99591228 -0.81192252 ... -0.73713397 -0.49071319
 -0.488108  ]",[0.39698458 0.38634192 0.31146144 ... 0.54482887 0.06921986 0.19582256]
Brain_Putamen_basal_ganglia,0.028507650622551624,0.00390805583949669,-0.016679764458183064,0.09511188813332543,-0.08249821803646061,-0.05053363101244016,-0.17436776358105507,0.4869574311780159,0.5533970601066647,0.5195574613975695,-0.11109227167488203,-0.9758299548322963,1.2846332693339595,-0.8924352974616313,-0.042443445659568785,-1.1421386892923884,0.17399127534754846,0.6717083395197768,1.0151438342148962,0.9273030500879653,0.7725766996623945,1.2151773604308855,-1.2623701992147087,-1.790679918563506,-0.5892992849438695,-0.5160800466957718,-0.3672442777083826,-0.724764970919686,0.7308879576531847,-0.8718891999038103,-0.047208773901118065,-0.2997179171817097,0.0620983588360054,-1.9377020157048797,-1.1567629959592807,-1.8120377846435052,-0.8804125794254904,-0.33417219345344434,0.473684915935773,0.3931787725696954,0.39434001708087035,1.0421328877520057,1.7585768216747906,-0.2398528664216822,1.173038610780451,0.8645121343581346,0.6766275709078192,-0.5046225232857603,-0.18169358292756263,-0.1202780531471577,1.6162597481669727,-0.5754054775397156,0.11131445685194384,0.36808029916067736,0.4938700942755091,1.6096265130658887,-0.24986826419394878,-0.08961719982780204,0.39994637941963196,0.0858935007128969,0.2792329755395706,-0.28003594854655456,-1.3587699679156815,0.8926109299933139,-0.25851035076005485,-0.8508764966187483,0.9970445820637593,8.449792834373184,0.04606456382284496,"[ 2.59429685 -1.98398502 -0.14895751 ...  0.81742853 -0.71964655
 -0.34679483]",[0.52635054 0.44230889 0.38494406 ... 0.51954856 0.62155098 0.19245599]
Brain_Spinal_cord_cervical_c_1,0.020522121468946514,0.004134874916964783,-0.03676263453672073,0.05003992847227848,-0.062059148952878444,-0.09577267221161906,-0.10063667906006246,-0.6236110003108456,0.20345270704351254,-0.1177921150396717,0.7379626246484647,-0.18886034610759653,-0.09584453125314045,-0.9192620924830402,0.0590571036818323,-0.8469995683417848,-0.37965345727881183,0.5772953080703154,0.9274550708742842,0.5694474142550704,0.5370861922499096,0.6844037983119465,-0.02079073602399163,-1.5649465869714887,-0.5126428430013409,-0.5772789637142434,-0.171865502654306,-0.9418728048248549,0.058661271516170066,-1.183010772336182,-0.8897731889884786,0.03648856471257512,-0.07528875373167704,-1.0310540947204747,-1.0926770103544072,-1.1428593578986914,-0.2181178722230364,-0.23649372395551274,0.714622969716628,0.08191793293777613,0.4898990266600109,0.8380876025784562,1.6216890944823763,-0.15317080031532898,0.4102115652927267,0.8229323391416659,0.6871745278885577,-0.5278759252129558,-0.03844812709765419,-0.6000812876285209,1.313478285697856,-0.55554882296338,0.0007027913201572698,-0.3916547136736995,0.17185879792056347,0.8719881445735358,-0.7537266023281503,0.1298772098921833,-0.4432575531890835,-0.07303099245159826,-0.11113455595603663,0.8803456396952571,-0.7987701632061616,0.4897424192142473,0.11742481140235318,-0.8006253991487177,0.8523615250856059,8.351288723625817,0.042031657325656835,"[ 2.56059883 -1.92263751  0.60311498 ... -0.08345872  0.2648028
 -1.0414007 ]",[0.33110963 0.28844179 0.21351957 ... 0.38015451 0.129096   0.22046818]
Brain_Substantia_nigra,0.03095429571562049,0.002038736057446972,-0.021443443043428243,0.06291026632451129,-0.09309708558988582,-0.13236412761946448,-0.12097034646133421,-0.18165635953523607,0.5888114637452609,0.2793446993690899,0.42671277020378556,-0.45651117146352976,1.2163127292620248,-0.7474625095825268,-0.2189187359911923,-1.003735102876786,-0.03628630988328575,0.7973522538940281,0.9704536640540352,1.0038820175526502,1.039219051204529,0.8294777228702332,-0.7841932176124838,-1.5126797212529515,-0.7695753563935928,-0.6616105961913017,-0.5946562424418603,-0.9592013129156286,0.9295377633602959,-0.9349133422047909,-1.0320084393704576,-0.0653347060763955,-0.2646667025840781,-1.6587125268965606,-1.897172370061917,-1.6085306853903678,-0.6873403039366289,-0.5449138815411679,0.724062341523854,0.42370006331219046,0.3458401892371502,1.3854903620693324,1.5383120286419367,-0.3542179665706261,0.7396662423900836,0.48955817069507945,0.5619107374943522,-0.5147231464503932,-0.2347091933301515,-0.7082359557401102,1.905330812215918,-0.05120329855586014,-0.11556999590746635,0.10670221896469673,0.38808588983423997,1.295079740033232,-0.2101597668602223,0.08086512600110021,-0.32941005872735735,-0.05870003463455022,0.22140355464653877,0.12802716740392633,-1.320548376731544,1.4158211645872785,-0.29755877849459833,-0.6223539135960832,1.07927461374135,7.559917226508097,0.060078001474435205,"[ 2.81771072 -1.76300878 -0.39688502 ...  0.57987592 -0.5249103
 -0.14894144]",[0.58934205 0.490685   0.45871708 ... 0.62921951 0.69633814 0.25573694]
Breast_Mammary_Tissue,-0.015115978359401436,0.0021819472292352983,-0.012658993758245413,-0.03831891875350293,0.07031705337009155,0.03275521699200409,0.053331520247971456,-0.009813371710997795,-0.33153273698440805,-0.3210209989522356,-0.18954101665233936,0.8668042960884909,-1.3936213478882213,0.5266765030635666,0.3081992408375315,0.41522032294572475,-0.34087286665560723,-0.07089155283652405,-0.8115075904973076,-0.63579924794042,-0.26372199928871115,-0.5777999157981057,0.5774173296824282,0.582202582613679,0.26422045711132314,0.1811979769993115,0.3986782709924427,0.4643773589114559,-0.08204480302156171,-0.14330936765370242,-1.0520527153355128,0.4829826298462467,-0.12115390707169328,0.34002298300791295,0.29762415810682724,0.7412415244236337,0.5218505316599668,0.21556357613754862,-0.48807032888774066,-0.23809534768343682,-0.34888171560879294,-1.1598936341202208,-1.0869827426913161,0.3758476909410257,-0.11654391873982224,-0.6458464339352341,-0.4924771377030689,0.21202593964553437,0.7791190070197814,-0.11815206875777325,-1.3921813236163179,0.21756324435582455,0.23827791876507518,-0.33734863011161964,0.30992618729161786,-0.9011722460461388,-0.06983717175727353,0.5583617904961897,0.3903897850059772,-0.23048525404536113,0.5541283092816726,0.4017374029918753,0.9561466891900459,-0.9518914693481653,0.5478512969090952,-0.3263703819961216,-0.5667274253912381,7.462918468066226,0.06643732316396211,"[-1.46733127  1.20880129  0.8255074  ...  0.52002386  0.25302563
  0.61911931]","[-0.17005977 -0.25275666 -0.12016288 ... -0.38228584 -0.06121794
 -0.0443435 ]"
Cells_EBV_transformed_lymphocytes,-0.02175612564962044,-0.007330920814675301,0.025785288568672262,-0.008910395029761466,-0.10035403683264284,-0.04426899115577042,0.6934075622787932,0.10505738830484361,1.026739412287156,0.06890836662347136,-0.9280436725555828,-0.28696659087815973,0.9147883553083616,1.0460069657283697,0.42829723626625193,-0.5403380189535737,-0.5747274940779239,-0.754915528309393,-1.2784704648116556,0.7107256478548674,0.0034177886503224245,0.6003416945623145,0.36696672247936507,-0.10723991009066793,0.4253161372945045,-0.5899483900291581,1.0605093724211085,-0.8176603292938144,-1.002238774793662,0.6003702430747351,2.2643951741851023,-0.7678115278324888,0.19095014840496616,1.5772370832045257,1.9921539838865463,0.21499641446147408,-0.3514659708359059,0.7654672633861191,0.49503136329842806,-0.1449317383169915,-0.17819231316347572,1.1220125361107531,-0.14026663491032104,-0.4006007773907357,-0.6013445050295263,1.7637163877919197,-0.2813593186440486,-1.073973053925748,-0.46548518095522295,0.23846501528829042,0.20591129692427282,0.430250864748919,-0.29868377670734264,1.2629201108771035,0.13483924923641172,-1.2597549714123932,0.20792056372421627,-0.21448738099620426,-1.0738462265083482,0.027184138847739053,-1.4444629741925157,-2.2429976147908626,-0.8778353249784427,0.7456932194413017,-0.8864675818051995,0.753222224362131,-0.4506495653519643,8.87767537534173,0.042397363060627025,"[-1.16980809  2.42817759  0.3694001  ...  0.57063243  0.65214175
  0.0495666 ]","[-0.01980795  0.41940083  0.18411136 ...  0.21904889  0.10720336
  0.07637804]"
Cells_Transformed_fibroblasts,0.011485391738469942,-0.0017032424240737566,0.06325534669439987,0.12689475906563688,-0.11545473969273377,-0.20645099726551433,0.5393433923421906,1.136445312287979,0.4708129140889687,0.4631868828278583,0.3289128551825635,0.14350367376197917,2.4120564617813067,-0.17495853865972633,-0.7637939519220235,-1.2884077873058504,-1.0678322082632057,-0.10630382133901545,-0.7498094133054988,0.6991994371119611,0.09711662695388566,0.9020161618468655,-0.6310042466884291,-1.5250292640677572,-0.1742264730704032,-1.881774259380655,0.522674925227085,-0.5630755046162682,-0.049983528136628,0.6259799202964675,1.8863289125907408,-1.1371025452375012,-0.9448454618685023,-1.1828303772837627,0.1432961921568741,0.24783501301527947,-0.455355240837653,0.9480522498075561,0.436212670079863,0.5827715674295825,-0.618727792243082,1.2202886667351105,-0.8390995970986442,-0.45522178976993494,-0.03520454710182342,0.22085303053962077,-0.050492320840469986,0.08630192671960817,-1.4502634565580201,0.8634031088335683,1.0355062854005905,0.7352252673881037,-0.1658791571172928,1.300430749457838,0.4836876151592863,0.8823313980862508,-0.6592581908570304,-0.36375799064177333,0.4880263960366302,0.7649019497277895,-0.2017520591341641,-0.14226554190141805,-1.7463409661229254,0.788695955181419,0.6442058251932884,0.9439931518274296,0.38388225275092536,9.776512406605514,0.06956221918493999,"[ 0.5124861   0.46572721 -0.06117013 ...  0.90531402  0.06710079
  0.15865979]",[0.49614294 0.5050679  0.35327725 ... 0.67344984 0.21206706 0.22317243]
Colon_Sigmoid,0.0008056451711827514,0.0017778626291994196,0.006494954253082677,0.027519073387865228,0.007306325721843171,-0.02426561161623682,0.23685995999736023,0.10020276005726775,0.3712225132803288,0.18125114224133373,0.19399347604523381,0.19687316013961312,-0.060414164100578094,0.10605539637534533,0.014647580324114137,0.24388999098729414,-0.13575921152452852,0.24830323699664783,-0.09919158959061157,-0.20504618739030195,0.035689414442590564,-0.23426281506447372,0.12352203683597084,0.5410958738562274,0.4342406303317364,-0.2323060048895093,0.18444268519584903,0.36291327272934715,0.03339445125528172,0.605757988400068,0.34505043860784573,0.18017222286882423,0.7084278981605564,1.2914313712108512,-0.7830817994608787,-0.26365278532746417,-0.37882790882623185,-0.05555510196210536,0.016172484713541407,0.09893203909894195,0.045143895544132166,0.3069493790821155,-0.501020590348164,0.11952656945665777,-0.09231301630781547,-0.5913258143829262,-0.7099011661706596,-0.06753619039142354,0.18705289634268782,-0.034830414326673914,-0.6136973854965845,-0.32652163069407264,-0.1534313449951328,-0.33829601829220307,-0.3001472386255602,-0.5568357597759303,0.09762787449278312,-0.11254922628047524,0.7588473179172717,-0.12572793192420528,-0.6422732014783386,-0.7309326386967759,0.05578497529612692,-0.3019189236343503,0.1861251989234109,-0.14590827200346287,-0.3186981581729331,8.914993891069606,0.011136147507531335,"[ 0.18360846  0.28196001  0.33491887 ...  0.1814084  -0.2292512
  0.55210427]",[0.04088226 0.10215002 0.08821857 ... 0.0365419  0.07181986 0.11503193]
Colon_Transverse,-0.0006022283412619253,-0.0003641193780321188,0.023505130187312453,-0.04548701298488609,-0.006008534349419545,-0.07397900877633946,0.008256691894327966,-0.050172196796613534,-0.2840841512170055,0.41883562295446386,0.3175664762684378,0.12873514772699016,0.8557387852550254,0.15869008743709423,0.03468956406925343,0.5412761882826994,0.16663453215665114,-0.2812701013278475,0.6357079855577676,0.04358266860938744,0.15811274044708704,0.17676125271868948,0.38063175196750554,0.5060479046361035,-0.12088035645986638,-0.38343011380149916,0.20306532495823484,0.1328767319823687,-0.7283292607806279,0.40814561629721324,-1.381149767429032,-0.32989269705577406,-0.31417734844745754,0.10064957037932323,0.39116856614922,0.5786784065981171,0.24809414662400364,0.40966351559507036,0.038808740669434946,-0.4956904292935133,-0.46679251016081236,-0.22083575786744722,-0.6084971736371277,0.009594689840612996,-0.14956744311758097,-0.4947954326382384,0.08503842430065334,0.07030414513562916,0.3426571963715184,0.11900323051046686,-1.0500481876614918,0.6021924627272942,-0.13402141393634107,0.405703418736033,0.286773267601079,-0.16740068581967218,-0.4912982196458638,-0.06211951005436078,-0.06097368136204426,-0.42118930297276574,0.02229898782223786,0.2896513769222124,0.22278052647845403,-0.38273403881629403,0.24088264634965456,0.32408517272727544,-0.3641232005299566,5.66040045752074,0.015289006895811696,"[-0.71059687  0.56561326 -0.56399501 ...  0.28901831 -0.00811795
 -0.17514086]","[-0.07543342 -0.18155209 -0.13562744 ... -0.10501804 -0.14584339
 -0.1704898 ]"
Esophagus_Gastroesophageal_Junction,0.00021643310995622713,0.00010517027814889572,0.01689329908095652,0.03969798601249429,0.0041459339666648325,-0.014851399798594846,0.22226481833502118,0.3708708673856106,0.2950960338400874,0.11927295532067683,0.5060992979485309,0.06127467496852235,0.31899932777141554,-0.1947194820043788,0.04228816591373414,0.09055942730364847,-0.43257222211741064,0.10509947447197339,-0.33540725896834883,-0.2335796058505119,0.06515135217277636,-0.07919752807883777,-0.048917579375731726,0.650619196416874,0.4181134912799026,-0.7198295136318882,0.39668232309495716,0.2096883868081562,0.1053720475018772,0.6596032572396057,0.5075349741840398,0.056886969276305176,0.26988815445524755,1.1284491037316342,-0.9422702306968225,-0.18708729647335676,-0.2652446701076638,-0.22187782290156197,0.22721900246104557,0.48179044109974667,0.08199444178085252,0.4031153605293003,-0.5236908712939231,0.07130382639910553,0.25640167985131834,-0.6046919724946318,-0.4773199521965382,-0.12779685322105325,-0.306650733534338,-0.1252759841399672,-0.1327448357188223,-0.2627852810299031,-0.21852116847680936,-0.023920821859740708,-0.0513185559842787,-0.28172237395621136,-0.08649476340859999,-0.34309112821508037,0.5524692282976711,-0.38328994834391555,-0.5456220605288604,-0.6831190772097474,-0.11368949795255233,-0.20912451127988926,0.005496738403576859,-0.15227852128279204,-0.8015520377180011,6.861295651410862,0.012965850872003859,"[-0.09380655  0.19643822  0.0260168  ...  0.02421776 -0.24696052
  0.69200487]","[-0.0111659   0.06878564  0.01761202 ... -0.00063425  0.02717388
  0.04205666]"
Esophagus_Mucosa,-0.011300055732505329,-0.0005720102665241142,0.007964746570665112,0.022048781565967943,-0.01659331496493756,0.006778603029919493,0.145904303111458,-0.09680616815911641,-0.00810306367676848,-0.045632987846360516,0.08731658683736987,-0.393691922920868,-0.05553562516221965,0.7824609094526985,-0.4361606997319624,0.6257152987129062,-0.8459332302544723,-0.13340085934125534,0.11265044903497386,0.2839045532226847,0.10177209659337379,0.21087528235130132,-0.0737184590131732,-0.03068317195652919,0.3475154873008519,-0.14526095535812733,-0.07730485656001947,-0.007910970225819056,-0.45693466864554505,-0.24601155694346594,-0.1812394979590093,-0.12711644197269875,-0.2658050772904979,0.8949941854098876,0.9887106853028246,0.0257436387157849,0.16657018783599292,0.2939734234506729,-0.06420554621287326,-0.3578690445345973,-0.34748369400673274,0.024514528783951755,-0.31707783522538496,0.12414338477688319,-0.41794464920832375,-0.48969051766812766,-0.41518142607923003,0.6019014802991592,-0.3156161197264499,1.0107933948564993,-0.0250747964620772,0.3614260214889702,-0.03897370735881209,1.0802821008510703,-0.01212511000602378,0.03705230654366535,-0.6278192849168373,0.04012743564705683,0.46240683985963976,-0.38336432148787297,-0.6714099398248026,-0.35928774978917405,-0.024840701788703755,0.46510916421482684,0.2369770693689803,0.17260891667317954,0.05665952233689015,5.7268881315756355,-0.008187741504983803,"[ 1.38004636  0.28752951  0.22932312 ...  0.3891298   0.5736386
 -0.39499859]","[-0.06638482 -0.16638925 -0.07822593 ... -0.07960705 -0.10920353
 -0.06372321]"
Esophagus_Muscularis,0.0029335205958732095,2.6476403505002074e-05,0.02304000262448383,0.06352612483615121,-0.009935922886680366,-0.029999008467992614,0.2522744295605182,0.3816990492943817,0.4086329211037383,0.16354401184965867,0.4656036125174813,-0.09438305503822668,0.5401676666698038,-0.20649640275358289,-0.012441246969993049,-0.1749739332348942,-0.7686666577505512,0.056561089064237915,-0.18544078765406927,-0.03369972736976976,0.06942928361394271,0.060570944819914575,-0.166545264133168,0.7977297626580377,0.4723083346062783,-0.9565491278218742,0.5778254772433236,-0.07812467562325259,0.2493130597548458,0.8108997031111356,0.6904079070469218,0.10519762590092853,0.4410870821031132,0.7836762731525813,-1.349702720361015,-0.23877631940239571,-0.3359887702970577,-0.12195344927928393,0.2714966543078764,0.3818846427004432,0.051162600032602826,0.7304179288209712,-0.21337337745282645,0.08921199545535735,0.13671480613395198,-0.46098487406954974,-0.4829718960483924,-0.1575507144427811,-0.4298218005359106,-0.016623425957739756,-0.046282081274827705,-0.33194160765251085,-0.1724673065979454,0.0761045589103427,-0.2483387270337058,-0.35671470329582444,-0.09149735121139524,-0.404754901546835,0.5542463716729824,-0.24905942727811742,-0.8559039791762093,-0.9228704471007112,-0.475803536777607,0.16131044997047997,-0.046902866531590495,-0.04915608728903021,-0.550746281014589,8.429671249058984,0.01812223716376371,"[ 0.09005059  0.12606497  0.11260141 ... -0.00722314 -0.30267227
  0.77937231]",[0.09730478 0.1977286  0.10725547 ... 0.14163056 0.11313692 0.13223411]
Heart_Atrial_Appendage,-0.028040501603153117,-0.005817655152182654,-0.03528008226261841,-0.014799344035136448,0.03957585095713829,0.11848600770749985,-0.2073589504287996,-0.33420498012884786,0.2628032625276776,-0.5669537766465065,-0.4911191426192912,0.7911780307472663,-0.7585594221861197,0.6162458720089545,-0.16948784913842074,-0.7073131487567277,-0.2355422766778985,-1.5557956080211823,0.3168202227042992,-0.2371356059067077,0.669248458847095,-0.03344340888157843,0.5578010518055503,0.2426965254565975,-0.2716297504898463,-0.4435998386896277,-0.5984572465833008,0.5067312773713898,-0.3802286959773428,0.02108985011125466,-0.7713346222323973,0.26537478236565765,0.007047233082526194,0.9552331877779482,-0.5121253815696939,0.5843864091121775,0.10193925621039222,-0.09116631194693203,-0.04137595784160206,-0.5691283727112453,0.17868895025301682,-0.21223178961166891,0.13179761089871,0.3108192204938523,-0.23096853172606976,-0.3537145319715901,0.4935420528472285,0.5814822923573,0.17655882589826616,0.3861957987888001,0.0019789414102909172,0.0643139544909686,0.3566750521150154,-0.026383076991692164,0.030853785214090372,0.19024734191258127,-0.3256241709587489,-1.0976539664685174,-1.141292397788087,-1.0877444383493482,-0.6067760667207381,1.149498122475116,0.0310710806027691,-0.7791543334421825,0.6927889980610614,0.34086462421306385,-0.23920549365155389,4.642843910834179,0.04859420997055486,"[ 0.09281018 -0.14313719  0.44860503 ... -0.06679057 -0.03385551
  0.0789326 ]","[-0.00596547  0.137792   -0.10199876 ... -0.13111125  0.24541979
  0.33381265]"
Heart_Left_Ventricle,-0.01320624234916054,-0.01165728306553293,0.0015628793858191573,0.026891306081038346,-0.03383624244445486,0.06043319460114129,0.11052648273118248,-0.2900607525940325,0.34035715603552946,-0.21519589287705923,-0.0678077058599438,-0.0255553596927471,0.5816052798791562,0.8186080851815815,-0.17768697025027433,-0.7569508494327084,-0.7585415301927947,-1.7116813387989136,1.0857344610286974,0.47380398840714716,1.0405113874987564,0.29837063406928865,-0.4002330401731881,0.3797362683567028,-0.16999771633360578,-1.2655518815878353,-0.3984790649363879,-0.08223013408863253,-0.12411296227283772,-0.13341980389733252,0.15508570879624442,0.3097466839801761,0.19596550669499338,0.8932119320603272,-0.7608176273216355,-0.2884085734477068,-0.3123650857145938,-0.29614872900147193,0.3462269628692424,-0.1557128123797531,-0.03895117788389871,0.8714890366202498,0.5762335419234216,0.1017353479356517,-0.017800192557173744,-0.035575565384563156,0.2919231796981683,0.19543054391979076,-1.0901282766551483,0.8564843372477005,1.319256605973568,-0.06435834429931837,0.31159378470236043,1.0812749398900914,0.04895291841065012,0.20780929266868478,-0.2625296411422098,-1.8177229754306756,0.07952661368214048,-0.6181560767647498,-0.823695407309582,0.35592853474224956,-1.2917212600782113,0.9721282230945132,0.05806297591933407,0.9293628417720753,0.03700218468783946,5.772903312611369,0.018958505485883292,"[ 0.83480271 -0.25303972 -0.11767467 ... -0.02643251 -0.07788845
  0.00344287]",[0.1814029  0.40676662 0.04011173 ... 0.18185335 0.28932229 0.31337168]
Kidney_Cortex,-0.012731721042671297,-0.00272536767434302,-0.011992245177699248,0.022337625405365418,0.004330530029008139,0.06827949076403485,-0.166487587622945,-0.08170335956349874,-0.1915636934099108,0.14029003184629013,-0.18478642721237126,-0.057274221121276225,0.3112465508007221,0.20469392874804038,-0.4289236622649923,0.04308729110600507,-0.6403123146306758,-0.605860536142579,0.46887975122923187,-0.48029684730282507,0.6765927303821037,0.17329601292614477,-0.5034793763998616,-0.46038673582969847,-0.031054257400488932,-0.36995101451604395,0.3481266882068337,-0.3530087148049263,-0.42655563840987676,-0.3215102333148674,-0.6921170063732612,-0.763905524526163,-0.023628023213300216,-0.8398789553680122,0.6367124605188056,0.1899469611736,0.4604427356274852,0.31789514757324794,-0.2204823798147595,-0.5063416082697997,-0.44177886163534524,0.16920575549203049,0.599321420403432,0.06195698604586419,0.02525015594103583,0.18860875977692607,0.5234219414950746,0.394122894558086,-0.00737797381677364,0.5976334142202003,-0.10854639443335573,0.163100775817672,0.5028703314114452,0.13869319681908543,-0.07816401085145819,0.5070579427817244,-0.7233133597075574,-0.3963095911166235,-0.9336187604066973,0.13465105862991883,1.1004453035539348,1.204638506552586,-0.4143554264411088,-0.49398185055620275,-0.11017995816432047,-0.33564173872807923,0.5838922854009778,6.664175991333822,0.029416167862295284,"[-0.28975664  1.07292408  0.34828973 ...  0.2931706   0.7179715
  0.26875716]",[0.12356602 0.10387727 0.07569284 ... 0.09479125 0.18453396 0.13361147]
Liver,-0.009546339555570403,-0.006778268320849839,-0.0018932150925378036,-0.030797722361229463,0.00761414322286613,0.014902619327299778,-0.08192008081180603,-1.2857268690582633,-0.9321243920967179,-0.5204793719832186,-0.02614800063605291,-0.3910700275635115,1.7569146164261715,0.4370881366594995,-0.2689433450081334,0.25538925545635305,0.000991705967467873,-0.7972766945542314,1.3248214986440254,-0.8954945554265145,-0.07694255686897777,0.19418819662473966,-0.039225918843399044,-0.479509024119725,-0.13384474217039866,0.6101717122522442,-0.424128587347027,-0.40503171856897147,-0.7879368577446625,-0.5350993413737338,-0.43360867745688314,-0.5115815024166113,-0.4434726453609292,-1.6564571308863323,0.7071387202489716,1.437873808973677,0.9259938318955576,0.547208884509322,-0.40927904998293174,-0.9869002762920601,-0.4735829298949155,-1.2589306254776897,-0.2582421817044209,0.46781999325527507,-0.0011237347078723666,0.7054454352980578,0.5848346924470104,0.017861355828865205,-0.06266709664301909,0.13213134350033623,0.7773960298397068,0.01261223270751935,0.3019761505891161,0.4289884670329352,0.21345749919273124,0.025479033130114688,0.1309444264591939,-0.6335248776575177,-1.3479508696194031,-0.2439529274768625,0.7467820403037745,3.0630610901890485,0.6244349446997243,0.8486918294367244,0.7832185408425397,0.6344219301620143,0.9523244791265106,5.9730521914093275,0.036222221670651034,"[-1.0334738   1.31476056 -0.17210433 ... -0.02780475 -0.12890169
  0.86532012]","[-0.06494427 -0.14418943 -0.10396604 ...  0.00490646 -0.00479583
  0.04860546]"
Lung,-0.017569762288907546,0.00858055715996141,0.0024633994432141236,-0.19264981851898746,0.07023120836047964,-0.0004738282347961295,-0.2424526171860868,0.1012550842994986,-1.0191950709880744,0.7078556500404599,1.3351440391219134,0.6648657512442954,-2.5194562171632664,0.04415436630473393,0.31280254107299743,0.7125172002743423,-0.55463519942626,-0.6236013295611597,0.8052247961299229,-1.0164601679857148,-0.4443244032686186,-0.42361212707776097,3.17557661452642,0.28897166153527704,-0.47115618124514025,-0.6576407404235105,1.0122269535758628,0.6018230528044025,-1.4962334759912428,0.3630074859398042,-2.08725053724569,-0.9020916073186004,-1.4881094641782016,-0.5535382199058307,1.5702128710810586,2.574517599558913,1.9659320872220227,0.011004429230993887,-0.9036173082010439,-0.567276373467195,-0.4333532250936802,-1.7249098048985325,-1.4347820134538323,0.1575890465142459,-0.7285446185944698,-1.028337432642745,0.48434824634004303,0.6087190360885754,0.914022905339567,-1.4222274624725941,-2.678247796193092,0.6292275695494417,0.4719106797812668,-1.6196090441211968,0.9639971862626717,-1.5354080145934053,-0.4605884831684438,0.31373658560577256,-0.3530758804434707,0.5614805024605983,0.7990980291388593,1.4644928316044954,2.587840938606346,-1.5944011899489463,-0.5870982375138135,-0.8729382805219893,-0.7974235908324934,6.139233325706288,0.057324071245192565,"[-1.22363364  0.96539362  0.34517785 ... -0.51449494 -0.10482769
 -0.28524943]","[-0.20243752 -0.47360103 -0.2145446  ... -0.3004383  -0.13475648
 -0.27842017]"
Minor_Salivary_Gland,-0.02374754664686121,-0.0011933583306819452,-0.00691525959175073,-0.0663664306370938,0.05840856344581325,0.08478193977004235,-0.12034935151055351,-0.12492456092986771,0.061813792324354425,-0.27202774914103045,-0.05237264867725969,0.7189904281537055,-0.10318821035293359,1.1340620502735288,-0.005186676716364951,0.37674914554587197,0.050027760498171196,-0.6426643421730407,-0.8410480897540437,-0.3026050974543823,-0.6629120787533065,-0.6343352702682767,0.350409316013703,0.6247207299410772,-0.10335387505614375,0.18092829259412946,0.37220735660896376,0.2524895030122572,-0.9744758280095915,-0.20066761333101696,-1.7345793054208805,0.0835141303718294,-0.6304441537469713,0.6521411751746694,0.29290325995917676,0.7760904878288544,0.6723649859405552,0.27096799551532647,-0.5391058479082558,-0.5453467742625618,-0.28520199041376665,-1.1116620872569425,-0.946208878749229,0.2877117009157424,-0.1932755232576439,0.21047912742215935,-0.7211333560721173,0.5650795420794785,0.9212876448048252,0.5305817068753484,-1.9426853462183025,0.9574896684730326,-0.024119280140353153,0.09644292298102661,0.22442845611496398,-0.6539072790453703,-0.026026440184734646,0.603340765834076,-0.9523147677423235,-0.44698883910887843,0.17980288661738575,0.5840667448029304,1.1449132621496374,-0.9538724598834385,0.8955958187561128,-0.09343773002369245,-0.4591243821398189,7.3067989119817955,0.08067446709917192,"[-2.03958836  1.19613784  0.29737612 ...  0.35652513  0.37104761
 -0.10344415]","[-0.35085622 -0.43023088 -0.35138443 ... -0.57143995 -0.20723158
 -0.20147618]"
Muscle_Skeletal,-0.03950257031366797,-0.04007449941684031,-0.004476325679055657,0.48976131836192155,-0.10025891317654118,0.3561202653065897,1.9888211346804654,-0.2709635228303431,0.9101788960396721,-2.165355925729518,-0.8119002782837745,-1.58178477849987,-1.8236668769400026,1.4060441719307362,0.9013880962848853,-1.796099023080958,-3.5289440985864733,-1.9285652126515844,-3.9964709762432955,1.4588435570302571,3.1300642981034645,0.4270692134616083,-4.349485103011124,2.549279947598421,2.36607970148581,-1.8963719945703732,-0.9464876744439948,-0.7603913427997162,0.8307752401284385,1.823864193217198,4.220962089824997,0.21634406806080306,3.924581311570099,1.1299215360544508,-2.865370230328054,-1.383337876570278,-2.8094205378171275,2.297032415538466,0.7774102975826216,0.25006870583812263,0.05929744769113934,4.06852653493555,-0.051926393456374946,1.3208200786475335,-0.7384804238168634,1.954303163156955,-3.316152086145709,0.8967738152215472,-4.06989440671638,3.2157618831293213,1.9340545744039626,-1.4227173321865847,-0.6903138753959642,2.039212410685307,-3.108125843366748,-1.3067955959817905,3.5233297355567297,-2.958786113092858,2.814504960148174,0.33637960250594423,-3.4791496043002366,-3.4357946716767236,-1.7385332074765016,4.131266864179725,-1.0019433651918377,4.205386750558159,0.008748971580189398,8.02048849374035,0.03579904292470781,"[ 0.325929   -0.50358641  0.14743549 ...  0.5201131   0.0771758
 -0.03354213]",[0.10868756 1.15878893 0.25020176 ... 0.35905012 0.69765569 0.81602109]
Nerve_Tibial,-0.022561678960887295,0.0030644450649378934,-0.02080957709509847,-0.08273070497895295,0.13591449153968413,0.22459827464542276,-0.09726397426806793,-0.4149303647764379,-0.30488750007671955,-1.7593906548038565,-1.1486429811313181,2.34222983073003,-3.2224898319363553,0.6265758446031844,0.566662260728853,0.3440846388328084,-0.6864962386127146,0.9434757896485568,-1.2362535772314631,-1.8298078143149208,-1.3328847953245584,-1.3911492702993002,1.7491453669023356,0.9450192621924595,0.6317203962400143,1.732978963585601,-0.0947719033298153,0.9758749779572199,-0.8929556921933085,-0.37665140160971694,-0.26233699034524227,0.7027460188697923,1.0912921274529506,1.966999381612478,1.9797490176003383,0.7161561555533732,0.7562839615914593,1.0447066886040322,-1.0651221509625792,-0.2704707954350556,0.39281001178931313,-2.315619316971344,-0.8553765950167007,0.7758944122866296,-1.9899114928702186,-0.5288302132178174,-0.7052418515029096,0.6853709920454305,1.6088156987534847,-1.529838383403619,-0.3942217808504858,-1.4568733009539196,-0.1641301498592558,-0.9733998513644495,0.16430320939217155,-1.5380464856474632,0.005567566724629041,0.5940065798450083,0.11220337270603803,0.9576392588343815,0.21692810401091062,0.3735019324150692,2.2141355512754957,-1.4560181123193514,1.7845132798211034,0.14652043633358727,-0.8983332264241596,6.0027836750681445,0.07842410760286711,"[-0.45568986  0.11757942  0.65872234 ... -0.40826235 -0.01248888
  0.60249455]","[-0.44085193 -0.4797748  -0.22205326 ... -0.50508849 -0.01162546
 -0.06081942]"
Ovary,-0.03307383573770454,0.00860477459846309,0.034207627728734494,-0.2511112508772335,0.10391448566178708,0.3453106209087151,0.5234146615298934,-0.48794812916484054,0.13170901358906892,-0.18650189842548245,0.08755756496156315,1.4229728587329908,-2.4062553228009658,-0.15721322894992576,1.307185956727622,0.3569911885180867,1.4084883013421043,0.2859823192605564,-1.6242768896465218,-2.4109647185637075,-1.071025721833815,-0.8958896997920212,1.6492770550755338,1.8338684467323094,0.24457171233377087,2.498161984575461,0.6527241858214787,0.8564661203500551,-0.7920040354604436,0.27485806983453837,0.536201307954549,1.4786020340957813,-0.2515573132028911,2.492689658882643,3.178303795222937,1.3010074054087464,0.686494834572961,-0.21494094689973758,-1.0575243184802867,0.5761079907592022,0.003821013965234236,-2.720342044288664,-3.1121326153998776,0.482253892348788,-1.7747332804305789,0.09964369531687128,-0.8284514601714177,0.4424317267339846,1.9751222146202527,-1.3129443121883457,-1.1223434106892796,1.0221179048486297,0.05140660565620575,-0.7346703425140064,-0.4182112744172912,-1.4519057261042754,-0.16295389078875594,0.14691346689168694,0.5467490934515523,0.5307302188603187,-1.1795302427729393,-0.23715968539515092,2.5361756403046396,-2.5162498128036455,-0.5176451461656313,0.49059480492052554,-0.9847378578445704,8.014907472383127,0.07549320311294005,"[-1.22587311  0.59788128  0.30418958 ...  0.56708772 -0.13683438
  0.37438848]","[-0.61103543 -0.55593304 -0.43698258 ... -0.83494649 -0.27592065
 -0.25486533]"
Pancreas,-0.019529119531121374,-0.005672461348863678,0.020277222704617428,-0.0705738910027306,0.01082778071380831,-0.025836457691672504,-0.03548865767286269,-0.2625840994576185,-0.10807009440530882,0.18818690903106228,0.721835200170068,0.31109891113253896,1.236791357575403,0.2027308263656492,0.270536571483791,0.7744136846664087,0.9781286344848212,-0.34083173659095456,0.48211823254121056,-0.1484207657803768,-0.8657871938815409,-0.007719310294195292,-0.060710774150688866,0.046424544739636385,-0.16771834176005856,-0.16163033866601625,-0.10553249735284521,-0.1564933359859437,-0.24386310690872381,-0.24694462547949148,-0.7754872393269473,0.09811578999040901,-0.8774953205185967,-0.634016565903952,0.5866749949423515,0.8995640119076025,0.6019627748531389,0.11165060566011213,-0.0858065964353226,-0.15573426689661385,-0.7567205760646487,-0.8503167122522592,-1.2855776899151352,-0.06725504043407993,-0.23561056028504782,0.08586663110728662,-0.2900885368675225,0.22830097343732567,-0.2626349142159058,0.01377964570631768,-1.0153042057730555,1.7294084285320324,-0.35175626132226784,0.3888003773021101,0.383446673989689,-0.6734033713045132,0.11752153132781756,1.007945616274713,-0.9080901177152626,-0.16097304588661324,1.3086725396651389,1.0628767033389865,0.7922489521091168,-0.6830637772177733,-0.13615427619190912,-0.43016129870975617,-0.06684835974136132,5.351377611945635,0.04843610591667813,"[-1.32827504  0.86439503 -0.43605562 ... -0.20595557  0.19264716
 -0.49987283]","[-0.38451668 -0.42294247 -0.31073494 ... -0.41124458 -0.3385344
 -0.37680265]"
Pituitary,-0.009127605871703132,-0.0010455062110823502,-0.001902389990378129,-0.07460229200584544,0.04094976078968528,0.15926951268759337,-0.12741591765329496,-0.45379098550967484,-0.43737593258817814,-0.5906940573652345,-0.2893642004789746,-0.30212266459731435,0.3681869960986474,-0.5068207265019636,0.28569081418362774,0.3281170066749692,0.7946530270246449,0.6053874124135543,0.5144731526059303,-0.7359050250210112,0.23101861691733308,-0.5694874645197711,0.4915993682017263,-0.28743966317218156,0.10420489867347815,0.983901839728367,0.07308037255367333,0.39386358676196254,0.18493257920067513,0.3449979579395329,-0.2759584792629426,0.34279021746404414,0.00886554496869024,0.26247818938983414,1.9319185726504031,0.9236617929905181,0.37247113065859294,0.5657472830494044,-0.3753174663522079,-0.6072231275317825,-0.0952534652451068,-0.9484205763887736,-0.4192945437146206,-0.20731567533441944,-0.12332254841949826,0.0066010066594099515,0.15577053166614785,-0.009246508063044188,0.6012246745320224,-0.01940856295859065,-0.5925052001556887,-0.0892694771582473,0.3131855432476995,-0.3003332398711084,-0.4939902778235164,-0.4070933533723784,0.40693203044576925,-0.167138231704143,-0.20694886362847403,0.3349174749191256,0.5323981675165114,0.46873825069242075,0.5665488501699666,0.6367080245192202,-0.3473192832693726,-0.0834038535758223,-0.011979075992233745,5.877087657060948,0.010557579836164566,"[-1.41805493 -0.32203648 -0.51444923 ...  0.47514965 -0.60943286
  0.15801409]","[-0.3940176  -0.45832331 -0.35654788 ... -0.39345097 -0.28652337
 -0.38723191]"
Prostate,-0.007950920977672233,0.0014683384958484992,-0.009959730804760949,-0.031620983760878775,0.07112103863193192,0.1041926573678545,-0.05103237642953467,-1.106451396155887,-0.2926867669036812,-0.3928423407915614,-0.11367955253483264,-0.09145791582858484,-0.5289015993264501,0.4511400787014808,0.17168546448133376,0.4720219333909922,0.11289603101378529,0.6055731211033016,-0.07449165204585756,-1.1914197056472393,-0.39955694054374313,-0.6068128772285416,0.31456680402784254,0.8098653003662157,0.2878248500353544,0.8295032254354731,0.18425016935148342,0.6818618874736573,-0.5868547589690284,0.2090453388811716,-0.5777719258886499,0.5413716996712684,0.36347032038466737,0.6157978321102877,0.3845099165923457,0.4790394754420635,0.35125362265767324,0.5200871512915216,-0.4228701342071027,-0.48070171697883096,-0.05521782689645738,-1.0211876163145963,-0.9174763427257653,0.07322395355529977,-0.04665669473314707,-0.4985953463662469,-0.21266472987420437,0.47745088289669674,0.9611171585956156,0.40060408040138923,-0.8740293581684352,-0.3169316067523205,0.07808455315908984,-0.32725637682543174,-0.20010811364250045,-0.6100006990226898,0.401600009164436,0.27615482509599315,-0.5980023118765126,-0.2321349825693249,0.6872602978288059,0.11945894071652102,1.0697931009444213,-0.28317067788127265,0.01602421258348812,-0.40615563453007264,-0.3027471725894982,7.456641569609138,0.04753183267092864,"[-1.7013097   1.04406285  0.2405449  ...  0.28901831  0.36910915
 -0.378571  ]","[-0.38023024 -0.41824431 -0.26126755 ... -0.44436973 -0.23923017
 -0.24678882]"
Skin_Not_Sun_Exposed_Suprapubic,-0.0258904770062435,0.0011866145346424604,-0.014203748057472123,-0.060061403332009815,0.12869956598969293,0.19194060521013653,-0.2571960634925637,-0.4392315181568145,-0.21111185477844846,-0.8430990317695072,-0.6756972433005258,0.4471874617795463,-2.3877837874289733,0.61197273016402,-0.1286145332557982,0.5264434570715465,0.2557072803415021,-0.20732846449010947,-1.4599019019537025,-0.12541457714029822,-0.97644304793588,-0.7199323861298985,0.30519723857657316,1.0924107688974707,0.47129792882976773,0.8233572828976216,-0.31153655534935726,0.8587708429270852,-0.46116291157074435,-0.11258193715390888,-0.1152446647210984,0.8677904466319211,0.3880322320174115,0.6712414272234892,1.2565406063073,1.049345205364446,0.8698130334775749,-0.2338393365712174,-0.7915454894327602,-0.658466064613978,0.18006588202566187,-1.5378139399100215,-1.295910062042705,0.38994301928525327,-0.46779441196867594,-0.4396584105587206,-0.47922945635133485,0.6666542120279362,1.5313285312716725,0.39762024634616433,-1.916749629123674,0.8317042623993044,-0.021934669396385276,-0.7982121142958212,-0.23814834212007258,-0.9193918102733997,0.09754818948406606,0.6061434063444154,-0.6113053468468292,-0.5711741667742825,0.2785853816724948,-0.06773563360202786,0.6389954565159782,-1.19769975956601,0.6136552683280251,-0.21965289363104343,-0.5866556771261441,5.785786213223795,0.12026873568517782,"[-1.70037676  1.51009596 -0.06298429 ... -0.06126298  0.16023154
 -0.29657654]","[-0.33501292 -0.42122167 -0.30268885 ... -0.65885518 -0.06405916
 -0.05034848]"
Skin_Sun_Exposed_Lower_leg,-0.020861411345562977,0.002524453137287519,-0.01217744544636616,-0.032233714334191164,0.13129940141063465,0.15582615746719877,-0.21571688843055487,-0.2037291994074256,-0.23701639511029204,-0.849384680209505,-0.6223687484886942,0.47052330151236116,-2.0762916813856136,0.7534310385698559,-0.34276540611889367,0.405514810284046,-0.12827432338596126,-0.08064704310125476,-1.9116790228241856,-0.28471551513432747,-1.075046250148161,-0.7221916490448592,-0.1349446794437925,1.2203308374892572,0.6280817137455756,0.6124515153120186,-0.01989253610380748,0.8457785006302336,-0.3657600776831543,0.21502442088029897,1.0182425727582107,1.1800540100502332,0.5429079368107922,1.878879601700923,0.9592090609596308,0.7101592652084708,0.7000242289388765,-0.11794236553684527,-0.9287273905869251,-0.3015919420432936,0.15106689851617366,-1.160747906363493,-1.0928589637166288,0.3541500757787911,-0.22983838514594537,-0.3505168962770444,-0.9016321599219995,0.9074704390091592,0.6085363970195437,0.6601042873453896,-1.9772391192858307,0.5883381967793311,-0.12770823178449917,-0.6562449892361567,0.004722819604755584,-0.9066364963115647,0.4725666166678777,0.8604943684163566,-0.35850873813627554,-0.22380523137146463,0.18410190408550084,-0.944017963942857,0.809373746845094,-1.2868398207384504,0.5988239425647385,-0.3141058897133982,-0.6355224067788212,6.418073447264559,0.10715982066302376,"[ 1.51389148  0.22760584 -0.83619415 ... -0.89410811  0.20493135
 -0.04274596]","[-0.29673618 -0.19747604 -0.35411939 ... -0.41488301 -0.01954269
  0.0542186 ]"
Small_Intestine_Terminal_Ileum,-0.0031479044945704276,0.0010061202403966435,0.026635467673823784,-0.11896468299735277,0.014297123160740858,-0.03483579370328372,-0.18669882246193037,0.27179650137056466,-0.5340820684297786,0.34391894924951555,0.510061796566275,0.48287958523258123,0.4722228548567719,0.49559561376521544,0.27543831052361817,0.9869125705955482,0.4583570188685529,-0.22424643713105402,0.38906044268615486,-0.293045541507257,-0.30009580926472224,-0.1269238461189008,0.9201553556642443,0.7403474114771196,-0.21438278605715286,-0.4950372526166218,0.26097123466302485,0.17971438784253693,-1.047029241811638,0.3334549003127198,-2.097950189180197,-0.13383305326417602,-1.0379931427025517,-0.3605695913980429,0.41805182280364434,0.9926062191071258,0.6228349977313029,0.3744790267809654,-0.32453497691535177,-0.6716487572572493,-0.3761737970789255,-0.6718913205927761,-0.9491583631454388,0.0354782767594522,-0.3666482063470429,-0.5031210554193608,0.13658201046490903,0.11232170131604965,0.3068485849874153,0.030001315192411962,-1.5246289657511263,0.34250900941688117,-0.4031237188382508,0.49097022383222916,0.6130921762587708,-0.3517276032387004,-0.08824855253576978,0.3846915488237839,-0.0462476886102871,-0.47200784342921526,0.7747900376079309,0.8255052031968357,0.6067886182920839,-0.46888008004672393,0.207311100470962,-0.100355761524372,-0.2462598197311628,5.762815989925101,0.02477824888272573,"[-1.20114762  0.82005035 -0.75525178 ...  0.3891298  -0.15179434
 -0.26706326]","[-0.26192884 -0.44848279 -0.27475236 ... -0.32717885 -0.29734382
 -0.39092937]"
Spleen,0.004903816182785329,0.0007218831517221031,0.025913306455938773,-0.1438625079550078,-0.004773426308346309,-0.043225875117776674,-0.1503634765817422,0.3799740486809034,-0.9847281604670335,0.07687506312985938,0.47875812251100164,0.19039774700057868,-1.0104630428885655,0.17153525551204377,0.5810446269854805,1.1641815482328461,1.0258965076097062,0.977950234185571,1.2383086863901371,-0.7187308740396197,-0.7322553731033515,-0.01629725541741375,1.2800581667932267,0.8952381558509909,-0.1817437166729364,0.18675320165263357,0.5609843006882639,0.42682615925543316,-0.6690217361671701,0.9948732460838249,-0.4902187070500471,-0.16162688959356342,-0.46352836010080695,0.6690324628669216,0.10655663544220068,1.525173642913741,0.7285175021673649,0.2926389741173138,-0.6182491411155604,-0.4783152690539512,-0.430192467593618,-0.8322748051440682,-1.303297018187519,-0.4865953457281374,-0.8898129898271424,-0.3580846357154944,0.10453390973051883,-0.48499528874573083,0.33641061599816763,-0.11760383677336841,-1.1400720743801749,0.27478437673856515,-0.2821593430621349,0.19373681652301158,-0.25622678965216206,-0.007741597757263967,0.991827767845331,-0.11280597173310031,-0.8896479061621755,0.7057198448227476,0.6435092319574766,0.8358159998382201,1.2577320792291846,0.5538873433272777,-0.4849900623723269,-0.044996334575355054,0.22775515248491485,6.341391470283989,0.021684189568782486,"[-1.17330362  1.79592322 -0.49876464 ...  0.22724212 -0.06791735
 -0.4922241 ]","[-0.20645282 -0.31856931 -0.11715245 ... -0.11708787 -0.21511632
 -0.43359431]"
Stomach,-0.006233943609260535,-0.0028708722088143083,0.020617698699971983,-0.029860380617526612,-0.0034011046093917253,-0.03330815146427593,0.015292133345346551,0.07812038116555703,-0.2186448704051189,0.40780599965238146,0.29419807453678,0.11061329027571098,0.8493104950662599,0.3010707607955302,0.12398518812821628,0.37452807007973976,0.1732746388058558,-0.22609711423349443,0.3615024581704787,-0.06048960575831008,-0.022814109602187778,0.27062189484443705,0.4867672909836127,0.250723449954038,-0.1495346279701089,-0.6338575666889467,0.3721337185839881,0.10530721088609318,-0.17366253111590713,0.057398030631378015,-0.634584343820036,0.03251157939308782,-0.07630602538213244,-1.1018601548071487,-0.11387437219260194,0.5794110855063369,0.24604334777683531,-0.10144194389343246,-0.06506585017086879,-0.2172145668573738,-0.6405867992151565,-0.2957931512901523,-0.7329527578624465,0.02341968240348614,0.08682117011443229,-0.42150148436278956,0.2481918258350126,-0.11117870932679222,-0.12977346762341826,0.22848076639490794,-0.8167392843391056,0.761321238367132,-0.3850917552529137,0.23469941705269232,0.6475566631088407,-0.1591652177790932,-0.1462036439677745,0.27429347882327765,-0.3598479246305826,-0.24578783980345706,0.5573941207817764,0.6110196221454204,0.41178900017795594,-0.2476477724654395,-0.010907574789515435,-0.23968957376193772,-0.12196021075997647,6.106280140959166,0.025030356950641597,"[-0.70509789  0.51364153 -0.48868946 ... -0.03940354 -0.1319198
 -0.05628075]","[-0.11014466 -0.16827455 -0.10328802 ... -0.11563313 -0.1118058
 -0.16630332]"
Testis,-0.1166279577950194,-0.018534446618996635,0.0163374372655995,0.24332013444023357,-0.04221676291054022,0.9670975967883108,0.8484064324570108,-1.9152820478972379,-2.632648899076059,-2.163819922308972,-1.5701603163215443,-1.6304218029661592,0.18455165443020177,0.5454883424912745,4.3396715128893915,1.9133812180512855,6.271832943137745,2.998634643182435,0.5068019955061464,-2.121814127784013,1.0186490161101482,-2.7408740946683756,3.589452114699293,1.0028299011064583,1.2017450313184301,5.820878189233803,1.3063313085609138,-0.4959747430958758,2.0039406317773265,1.274889983826726,3.803783214789472,1.3762431170883451,3.115455370195358,0.2747993600533923,7.999274459950676,0.027046299933321957,0.33306400013237936,2.995143441116987,-0.170953628587424,-1.2678677443341901,0.2556957818552735,-0.43469012806929325,-1.9115868610257751,-1.3374091065756588,-2.686520208162561,0.39503662689419516,-3.267105347858388,0.4965290109608732,-2.789220802993469,-0.07169344235454592,4.243694346800753,-4.162543707880982,-0.8715340983234061,-0.7900947059159806,-0.08641919022642834,-1.8886565360415486,2.259823884999934,-4.458394501198469,2.6560215869407777,1.5062198105890263,-0.47159467136224936,-2.7924188298008588,0.18369847308169043,5.796269259720592,-1.592293250574518,4.218919638637867,0.11998976965320593,7.2418029839727724,0.09370978483625936,"[-1.41086821  0.39374335 -0.67806677 ...  0.26286603  0.67023507
 -1.54255578]","[-1.1452269  -0.34265161 -0.49033277 ... -0.20927539  0.08594391
 -0.66821653]"
Thyroid,-0.00907246030923015,0.0029657752083000087,0.004547937336337213,-0.08645798979186956,0.0664381351709346,0.012074096369365838,-0.10381809908253997,-0.2846986610599359,-0.31904702025435266,-0.36857837893965517,-0.34719811660222405,0.40826893641297796,-0.696057132217676,-0.3685257509109161,0.19947352484239658,0.605120937360223,0.4374254698871241,-0.24820070624032337,0.21133009185556512,-0.8142116869642952,-0.2105135478429315,-0.4953628436279268,0.5441404757086057,0.8102521829471425,0.11815357970618429,0.38680548795974845,0.08091007984974223,0.3583026694350502,0.009853378993620907,-0.24188270284468363,-0.5767799644444426,0.003092859491702447,-0.1891445595702847,0.3788319466966534,0.689321673091343,1.0839999867951784,0.7281719483572272,0.417004944618648,-0.6322510816604654,-0.6104081255397094,-0.45197071781557524,-1.176615856334098,-1.1839563277692255,0.13869112679998194,-0.06701491760626926,-0.3781325986443754,0.18946453169181757,0.6068490939799226,0.5752628473675274,-0.3564732543828496,-0.966608446335787,-0.00942869321106131,0.01973893871668751,-0.3123179915088286,0.1407139407187452,-0.16121188087870922,0.03814198934741524,0.49752062998048485,-0.21579435057188182,0.46696056830836513,0.8744462834865573,0.9217839116263669,1.1626570645201078,-0.9981143928065632,0.096448033353781,-0.34168923965364856,-0.40666129215402047,4.6755458831772065,0.039673667667315615,"[-1.36512295  0.56928495  0.79725027 ...  0.65014394 -0.03385551
  0.23876866]","[-0.42322419 -0.56353001 -0.34759236 ... -0.5587154  -0.34010766
 -0.37184167]"
Uterus,-0.003290643913483185,0.004249850614231505,0.019705727201706075,-0.07278364098031284,0.08225584458143767,0.06320576014169266,0.011085632229083488,0.0076071429759095675,-0.2939135966371045,-0.30058631702706307,-0.0007238559818802803,0.636381998509702,-0.1792986555709555,0.13043746987107083,0.13740358333097766,0.5538449892612747,0.2359282812989176,0.5129888342295509,-0.9078957219397399,-1.0070549821049195,-0.832503298731759,-0.7669039383707547,0.13723468433233496,1.3151995555460325,0.5419754224145285,0.7270836794239417,0.2856399808190534,0.6769802759989595,0.02648837473778101,0.8156693907804422,0.6856530940876965,0.5717885939395932,0.7128743084905285,2.2440618042628864,0.589158581644798,0.22052466092566536,-0.04102012389627126,-0.1823789245382754,-0.4322759533472474,0.28519286215733974,0.22294664363789013,-0.7417380081491617,-1.3082331399919043,0.15703629928829138,-0.6259941074624634,-0.7957566304936328,-0.5872400405663581,0.3060294425176882,0.7342701243500799,-0.5070010718647789,-0.8545999889104412,0.0007966809888867431,0.3889870191931352,-0.8824743911660645,-0.5497035538766195,-0.6213055988986054,-0.12339806748070571,0.1582562298188209,0.8476183068082624,0.2316187698084565,-0.19318824858376793,-0.2322918080042137,1.2424033795679592,-1.1316504829342684,0.010249318355735096,-0.21348314251543976,-0.6597404153621855,9.871884998469866,0.05804049419409352,"[-0.89715604  0.21283446  0.73785898 ...  0.40513789 -0.227446
  0.47795785]","[-0.34394179 -0.33330085 -0.22455651 ... -0.45997442 -0.19691228
 -0.19895022]"
Vagina,-0.01942097698046506,0.0040993261774346975,-0.013158592281305849,-0.05336379291924976,0.09001076170251229,0.0818761757043903,-0.021677624592117445,-0.04003983512003989,-0.15813405962068022,-0.4264541977683719,-0.4803265831700972,0.22059712313535224,-1.5033497955755104,0.9842966034331265,-0.3156508865300655,0.6120862074172964,-0.16013531063565373,-0.19727655501145455,-1.0411605059653384,-0.5982726658658747,-0.7944803787474497,-0.7230943392081056,0.37081638821800195,0.8994600573314653,0.2420940553133798,0.8435131559963411,-0.1743825202178402,0.7565654312108852,-0.1401066614034163,0.14259705878873535,-0.8107510342136098,0.6849954885447719,0.30861150547114036,1.4106122876580456,1.2473422205757556,0.44532980973850805,0.27745530053031886,-0.47014467434366236,-0.5216861035096225,-0.25791377321266296,0.06092372665899671,-1.0181630626075107,-1.0687261955096952,0.3456566486308014,-0.49950037069122244,-0.6435497813569581,-0.2513430036172493,0.754507170239326,1.0771670645581277,0.40878379810039245,-1.1943501089000215,0.0747426117391408,0.2875632184467084,-0.23340101085339582,-0.44148217576925913,-0.4692479553046739,-0.18076821147027727,-0.01642036868641308,0.46880178428326635,-0.6482972243673946,-0.010686193450118312,0.0011351014469921253,1.3011396835660898,-1.057120426639034,0.6589639716122649,-0.24750474664057956,-0.597389884275161,5.990036291006346,0.07251314584398649,"[-2.33242676  1.32634036  0.44170896 ...  0.35652513  0.10655961
 -0.07164067]","[-0.37926758 -0.36070829 -0.30474784 ... -0.54674562 -0.16694882
 -0.11085638]"
Whole_Blood,-0.05055583728897115,-0.006961223759861806,-0.024090374027631718,-0.22493803968487508,0.003933315753133083,0.08111934944689887,-0.9001655583007026,-0.6008371111654871,-0.9337040744565037,1.1870469165206612,0.34376210796612333,2.0562965615404654,-1.5422716525322395,0.5045820548227445,0.5140048211286047,0.9053419558091022,0.8712021165584743,-0.6118718986621087,-0.3021199925247392,-0.33743642883363173,-2.191423738127141,0.10305041894971491,2.8987641582752577,0.7842210851956251,-0.5037241712643425,-0.022337517868400422,0.8017049020802205,0.5021144263691164,-2.6958158354680135,0.41964023684195706,-0.6741580681793502,-1.873004636542487,-1.7735718211149532,1.0268941679022048,-0.21832431551781584,1.8706632877708769,1.3678379310814768,0.18295138566385816,-0.3637163595309963,-0.640483228253682,-0.4050018492790824,-0.6765514099422459,-0.5461041812492817,-0.029674961373765324,-2.1332748948849938,0.4506926206799638,-0.3037850817233585,-0.6653874278303891,0.49357238756800015,-0.5163896190173316,-2.6230744620735313,1.396594744104096,0.5103433390624679,-0.4589175940819886,-1.0302244847417001,-0.3978664324223822,0.158537385249195,1.1371310438054578,-5.0796905087970385,0.03504618244061501,1.0426060852422059,2.0422091867894627,1.756882222446535,-0.6220330048997421,0.8906074599588925,0.79414320521111,0.22211610012040534,7.1733873145496645,0.03829286494647077,"[-1.843996    3.10954028 -0.90940151 ... -0.77195513 -0.12890169
 -0.01237579]","[-0.07175155  0.07217077  0.04894251 ... -0.1254481  -0.16265516
  0.21641178]"
