tissue,log_3_utr_length,log_5_utr_length,log_cds_length,gc_content_5_utr,gc_content_cds,gc_content_3_utr,AAA,AAC,AAG,AAT,ACA,ACC,ACG,ACT,AGA,AGC,AGG,AGT,ATA,ATC,ATG,ATT,CAA,CAC,CAG,CAT,CCA,CCC,CCG,CCT,CGA,CGC,CGG,CGT,CTA,CTC,CTG,CTT,GAA,GAC,GAG,GAT,GCA,GCC,GCG,GCT,GGA,GGC,GGG,GGT,GTA,GTC,GTG,GTT,TAC,TAT,TCA,TCC,TCG,TCT,TGC,TGG,TGT,TTA,TTC,TTG,TTT,energy_5utr,exp_var_sc
Adipose_Subcutaneous,0.0,0.0,0.0,0.0,0.0,0.0,1.4043102444880542,2.036073989292731,0.0,0.5083778523025149,0.2762346763421499,2.3737277792139753,0.0,2.056188690050736,1.6537266588263086,0.0,0.0,0.05464981954762936,0.0,0.44840593319704836,0.16614872944147363,0.0,2.2914527798422064,1.6099893288503528,0.9213550064794683,0.11029542832055399,1.7837023682982058,1.376447029679252,0.29213061823638503,0.31191253966877863,0.9554069445520028,2.3430846101455054,1.1253368190133557,2.908887959409652,1.7884044764473686,1.4380798064408185,2.015556920840927,1.678003925422303,0.0,0.4222503745065287,0.515674892454017,0.0,0.0,1.3549935876686392,0.0,0.0,0.0,1.2431328907259942,2.029419796690996,0.4433737378364908,0.0,1.0196201953642183,0.21896137458171772,0.5087896147740322,1.0280747354866226,0.0,1.041267853404814,1.8126339418647595,1.2871493542770127,1.0872527646724996,0.6122230714884163,1.4103742645059127,2.0956619199365067,0.10318231380427005,2.0801628221476594,0.05133355736192285,0.0,0.0,0.042595051883161816
Adipose_Visceral_Omentum,-0.015361016075182305,0.0014876243744000603,0.006613529616041322,-0.016796714889565845,0.26261403531282707,-0.04480980158950164,0.0,0.0,-0.1965792573517572,0.0,0.0,0.2255828643121736,-0.0,0.0,0.0,0.0,0.0,0.0,0.0,-0.0,-0.0,0.0,0.573080742441559,-0.0,-0.0,-0.0,0.05078917218280771,0.0,-0.0,0.0,-0.0,-0.0,-0.0,-0.0,0.0,0.0,1.3831868837245125,0.0,-0.0,-0.0,-1.2504580579727456,-1.3593268893118586,-0.0,-0.08610507857068465,-0.0,-0.0,0.0,-0.002817973466919947,0.0,-0.0,-0.0,0.0,0.0,-0.0,0.0,-0.0,-0.0,0.0,-0.0,0.0,0.0,1.425791054698529,1.3204567567654681,0.0,1.1387481365299068,-0.0,0.0,5.448597704097728e-06,0.027952173584907203
Adrenal_Gland,0.0,0.0,0.013864831507508632,0.0,0.0,0.0,1.6905744996139114,0.0,0.6572809354458675,1.537121181918509,0.17718767051170167,0.7001376598892245,1.8083335745547946,0.7138644213478127,0.13317339698000252,0.2094083115692956,0.0,0.0,1.466482053705745,0.5255529002851782,3.3605398923295344,2.2534046303045416,0.0,0.0,0.2729575889033458,0.0,0.037603432539762484,0.0,1.0739499352435204,1.2997082350256326,2.645576640309162,0.0,0.0,0.5952907613915575,0.8612717662037949,2.2817751199394722,1.0859179396511258,3.722624816185431,1.1196126998875642,0.2829500668395483,0.6256772536894819,1.0762321332632314,1.194034250119696,1.1757465357801782,2.4902401306009456,1.2654464825672647,2.567458986087626,1.1444738937884513,0.0,0.7187718260740001,0.7148625996461473,2.001436777707568,1.8891617559403315,3.5241256900932245,1.728105638343628,2.4532567221402646,0.0,0.0,1.2722732466743842,0.3778750323650139,0.9957605148914851,3.7224744933816885,0.0,1.1103775002176715,1.888989046324807,4.093279049841124,0.8056252690294984,0.0,0.030226338922210383
Artery_Aorta,-0.014916251104179096,0.003430037771208097,0.003046460927375564,-0.018217455034654904,0.27046972151393556,0.03605490814734111,0.0,1.138016006954283,0.0,-0.0,0.0,0.623681389120791,-0.0,-0.0,-0.0,-0.0,-0.4659934522635929,-0.0,-0.3898481533230052,0.0,-0.0,-0.0,-0.0,0.0,0.0,-1.0149466723801919,0.620576687338715,0.0,0.0,1.0158162506894024,0.0,-0.0,-0.0,0.0,-0.0,-0.0,-0.0,-0.0,-0.0,0.3385364553985145,0.2295028969828084,0.8283117537155672,-0.5346772937078804,-0.0,-0.0,-0.884739712020518,-0.0,0.0,0.0,-0.0,-0.0,0.0,0.5783628427524199,-0.0,0.0,0.0,-0.0,-0.12253655041826005,-0.0,-0.0,-0.23685731458066495,0.14118197825484663,0.3252299864190197,-1.051724437752101,1.1321249822709638,-0.0,-0.5110796090168463,1.5931031766996003e-05,0.01324205426325642
Artery_Coronary,0.00018875129986881033,0.001922677277606992,0.00867558011124639,0.0,0.0,0.0,0.07607030244406267,1.5398964454080355,0.0,0.0,0.0,0.7928352597751231,0.0,0.0,0.0,0.0,0.0,0.0,0.0,0.0,0.0,0.0,0.0,0.0,0.0,0.0,0.38281693017925145,0.0,0.0,0.7441320003620764,0.0,0.0,0.0,0.0,0.0,0.0,0.0,0.0,0.0,0.4668603813925447,0.0,0.39418596065328493,0.0,0.0,0.0,0.0,0.0,0.0,0.0,0.0,0.0,0.0,0.0,0.0,0.0,0.0,0.0,0.0,0.0,0.0,0.0,0.0,0.0,0.0,1.362494484138717,0.0,0.0,2.436631799929623e-05,0.006212637889216888
Artery_Tibial,0.0006837335237248526,-0.0026209531630042304,0.0053134764126454865,0.16401282738698944,0.0,-0.2670088098738761,0.9431807213440111,2.42127737605106,0.5906759598541881,-0.5352780184936137,0.8541440367908734,0.0031514626442602873,-2.992506837053722,-0.5840800667295061,0.26125526530841514,-1.3548418246865452,-3.025502091004168,-0.8827662854878197,-3.515786286212783,-0.0,-0.011117215084673572,-0.5339394740162884,-1.5259775536281024,1.7393855604468709,1.628614619176481,-3.3199729411301413,0.3955374851999278,1.0323532265944704,0.5890605034234465,1.3636222290206306,4.180513580847386,-0.1239586273304088,1.278776588287109,2.580918944983143,-2.438416892169087,-0.12175759291876223,-1.7914753455039698,-0.14284700347159396,-0.0,1.3210466611006084,-0.0,2.1556238617462298,-0.9458930097374079,0.2751190287581788,0.14729693188548487,-0.0,-1.6002257559335986,0.3107554841708906,-0.4063954180266015,-0.9106677199610483,0.08783409340789215,-1.0046393664911566,0.7736433596759762,0.0,-1.2475729182706234,0.23931022685559014,2.740410489941663,-1.1237290878867365,1.507618573803567,-0.005382330399820343,-1.9717087343797433,-1.071349844298843,1.515108684718554,-1.915731928074807,1.5748899036909287,0.8024706193276098,-1.672475634891978,3.78178681067675e-05,0.009096286770121864
Brain_Amygdala,0.07177217720529161,0.0,-0.04916160098403364,0.128688937132034,-0.0,-0.1970759433522629,-0.0,-0.0,1.3321434688209661,0.0,-0.0,-0.9510486706407295,1.8158251583451377,-0.3148948510089616,-0.22407116398347524,-0.9133846631246924,-0.0,0.9249383110683137,0.2506086347226638,2.4201690160930034,0.0,1.595230660684672,-1.6684703959206018,-2.902572130229314,-0.3437118324459537,0.0,-0.0,-0.0,1.8814629185922644,-0.7410766257251474,-0.4500988849820203,0.04554308529088079,-0.0,-1.6643047186530397,-2.6606301163659887,-2.640281792506852,-0.9357736409035418,-0.0,1.115653361387383,1.5186910046024316,0.4826926221473352,2.3184138308662696,3.6049434771209006,-0.0,1.3172396238375534,0.3418917472883672,0.01864779574885782,-0.7880469971385988,0.0,0.0,1.811070870087264,-0.32948036490112326,-0.0,0.0,0.0,1.9184941094872843,0.0,-0.0,0.0,-0.0,0.0,-0.0,-1.9858924066089516,0.0,-0.0127584412465013,-0.0,1.0349603262413434,0.00010928176854648039,0.06985128284270103
Brain_Anterior_cingulate_cortex_BA24,0.07270294693935604,0.0019005901334341363,0.0,0.17739566005806345,0.0,0.0,0.6337728501263391,1.9574093019876286,4.513501415024935,3.367566996385085,0.8981520049871103,0.35290362573282547,5.602806750455367,0.0,0.0,0.47839037964666475,3.1012763376344488,3.974303661397256,4.337044968497991,6.230446778470487,4.22698903484904,4.211191427899576,0.0,0.0,1.604639702004985,3.943065341664556,0.8675518527518081,2.0790930711471742,5.878254168268519,0.5872989762196165,1.7357088140136898,2.3481978098892697,0.8690219455120399,0.0,0.0,0.0,0.0,1.3164168066816397,3.44366726909762,4.342522190549626,3.045540772743531,5.18870213774269,7.025358993745733,2.682664350823411,5.506551608963755,3.820447257053342,3.996830766445685,0.32978567875763204,1.0354734907236924,2.965081899548549,5.817487954556315,0.33536325186845856,2.690374013305533,1.988716896569042,2.123832145351475,5.417400886049497,1.8975063682426219,2.9896740791235583,5.69187393785684,2.820824363128074,3.832694036288887,1.4440640499699902,0.0,4.080126465503876,0.949251792422503,1.9243444778919214,4.755239952753263,0.0001765719113909834,0.054921886505624906
Brain_Caudate_basal_ganglia,0.05891948288214041,0.0,0.0,0.11919620564305307,0.0,0.0,0.5058857245358074,1.0047406605309654,2.3185410655542795,2.9077717900025997,1.6267003054127365,0.629461565799515,3.462199639317677,0.42060820353785966,0.8614388361549143,0.0,2.799275736963297,3.6229298244653054,3.4235469349587815,3.5579180168173083,2.3076233672995463,3.567749773992983,0.0,0.0,1.0169503265783675,2.0807297850405377,0.029124462315138554,0.7094080092697203,3.6922802945182958,0.3607089537244169,0.8060435136430274,1.2569599743819013,1.3090757603515535,0.0,0.0,0.0,0.009722670608635417,0.0,2.465772393086452,2.7221300819220566,2.60246588161844,3.215527701693842,5.061406341170428,0.8970889737776975,4.520591392523956,3.68173881536245,3.5333214718001935,0.0,0.6411722683974787,1.3865073131091137,5.5079692871706225,0.0,2.1356983146458632,2.140969766505049,1.6785809530709672,5.051725214287349,0.9470383885177939,2.974681378030296,4.40162933662076,1.1112259532225497,3.3663410840559944,1.0662400222944157,0.0,0.1254463301517125,0.6928155001201839,0.5376475734223299,3.393321221612689,0.00014663334705504173,0.05853786092546398
Brain_Cerebellar_Hemisphere,0.08174722835936164,0.004480042060482137,0.048968164875257056,0.0,0.0,0.0,0.584551399606957,1.9416964592003791,1.5092670233347136,2.5324930194181623,1.0867162613386314,0.7926859494505413,2.2414088129194756,0.0,1.8258511392662202,3.253101415389091,4.473345348753392,2.825982037028704,2.3124501376906172,2.132630549407019,0.4249839691330621,1.6819466610578526,1.2444281629638378,3.105527350505654,1.0758397543083682,6.46687283397562,0.0,0.47188766148075595,1.7985539738740106,0.8927604558477186,0.0,0.0,1.8744778213831559,1.3674711970770212,2.7022724201006385,0.753872745723868,0.3281507770246679,0.0,2.5361219203230365,1.1748320184493644,2.7039616130613706,1.3509697282793343,3.8511657496676786,1.1766462282404064,1.5652642624358684,2.579011918815942,4.912340150574543,0.0,0.0,1.8478109944123564,2.300284630491781,1.4546816936235762,0.8299935396259064,0.0,1.9556710200503151,0.7143308053491298,1.445481765504942,2.113486271620734,5.559989745934089,5.395846496002024,1.8743352185507465,0.0,1.8096020486969604,0.92697772787778,0.0,3.6731017611688745,1.836643695049729,0.00014226861098112916,0.08577560296174491
Brain_Cerebellum,0.04594800785385965,0.015194882808347335,0.04505347406949782,-0.34736822916183757,0.7275429528069639,-0.0,-0.0,0.29249853509254886,0.0,-0.0,-0.0,0.0,0.0,-0.0,0.0,1.4602846193525059,2.1188703518587033,0.0,-0.0,0.0,-0.5870716447716962,-0.12282655649650209,0.0,0.42507787000578523,-0.0,2.261571182761998,-0.4345491155106472,-0.0,-0.0,-0.0,-0.0,-0.41157556018422564,-0.0,0.0,0.0,0.0,-0.0,-0.5353391728669172,0.0,0.0,0.9935073186368721,-0.9447452922445705,0.18844853188545052,0.021936729198991957,-0.7901428173636693,0.3405976927384403,1.6969372577665014,-0.9394582145183066,-0.8328094426023714,0.0,-0.0,0.06042706241078609,-0.0,-0.016615089622479613,-0.0,-0.28687527475838537,-0.0,0.5800846378738493,0.0,1.4529123888640982,0.0,-1.9347941043203083,0.4901338503443713,-0.4448161384218028,-0.3545018034916699,0.05350902477958064,-0.0,0.00011143345005546839,0.03133039244449176
Brain_Cortex,0.06806274817566432,0.00034573934051598213,-0.013305542906208914,0.09624222925652709,-0.0,0.00015329343197450975,-0.0,0.0,0.9362772403703526,0.0,-0.11008283475681499,-0.3158743402034499,4.031783299790345,-1.0634022365887743,-1.663650407818144,-0.2115065457646055,0.0,0.0,0.0,2.834150991777699,0.4967457909090396,0.0,-2.6320592727619276,-1.2077727593111032,-0.0,0.7280922632669895,-0.8297377994164064,0.0,1.5783012101213139,-0.0,0.0,-0.0,-0.0,-1.497992364777249,-0.2554382305625785,-2.695901672413315,-1.3869713271193171,-0.0,0.5327672187895207,1.9183546941825105,0.7297216694502955,1.3371787185433999,3.360739892179113,0.0,0.0,0.7152265014428605,0.0,-0.43661545793155054,-0.3157015486591141,-0.0,0.0,-0.0,0.0,0.0,-0.0,0.0,-0.0,0.0,2.418903452922,-0.09580131846673882,-0.4117949311042671,-1.459359087979329,-2.164373496896985,0.0,-0.462133107171014,0.0,0.0,6.114237947571835e-05,0.03461522939167172
Brain_Frontal_Cortex_BA9,0.0966666027534703,0.004298418955724725,0.0,0.2086592817641543,0.0,0.0,1.1760560687723598,2.7470135160493374,4.417948390390503,3.7604771956134826,1.626739720228944,0.9221198263350932,5.708503335802557,0.0,0.0,0.9981489929462287,2.865466675195995,3.88954553047491,2.7177873711832654,6.357399390290197,4.684785923273866,3.403097555916765,0.0,0.0,1.6270302851824165,3.9561107177974306,0.5969535528215344,1.4973853872504603,5.771832343528992,1.6317673100333088,3.6765396479878367,2.2554404931381864,0.8335235527178432,0.0,0.0,0.0,0.0,1.083110927267427,3.691898102176804,4.89362422480351,3.5789152726027758,5.480862031432466,6.857561580639874,2.7493889906577604,5.559780019034009,3.926542443821063,4.168915281294889,0.41069788694076736,0.0,3.299359307359916,6.443661712843388,1.148299391784806,2.4694060580459536,2.693188610027821,2.363297120125578,5.184982705910715,2.909710395095462,2.8886988831879123,6.89543772062338,1.8511646516888627,2.9337103046729025,1.2354349618817324,0.0,3.6383700242939727,0.6932722211948938,2.8170923430793033,4.687531284820784,0.00020674674373976647,0.08177266282898532
Brain_Hippocampus,0.07854739416231349,-0.0020014136670442563,-0.0477607783059682,0.19975507556220196,-0.0,-0.2930358498382607,-0.0,-0.0,0.40846124895062286,0.0,-0.0,-0.0,0.39684278263724765,-0.0,-0.7137507589862764,-0.42055863047214315,0.0,0.40826560578910603,0.0,2.849339193051572,0.0,0.5305895983535067,-0.7896759715214787,-1.5490973594559623,-0.8177643384690294,-0.0,-0.08836795617606953,-0.0,1.4131041959138035,-0.23175455314003712,-0.0,0.0,-0.0,-0.0,-0.11272098520016595,-2.394330798968006,-1.4865977338958856,-0.0,0.9610483407239897,1.8446631124328519,0.9030306030193288,2.6784997598845592,3.484596150370402,0.0,1.9356614037308646,0.0,0.0,-0.9366563692456596,-0.0,0.0,0.9643761911984471,-0.5175477601856411,0.0,0.0,0.0,0.40826711312632274,-0.0,0.0,0.0,0.0,0.11725202625365848,-0.0,-2.011605762772348,0.0,-0.0,-0.0,1.2647114283616012,0.00013741605736394184,0.06880419921979664
Brain_Hypothalamus,0.0604674445479856,0.0025992324342869076,0.0,0.10750282342445915,0.0,0.0,0.8815559168184236,1.6398289730245252,3.0299476569797394,3.2775200603608634,0.5234910724886618,1.0711404006772045,1.8394901059117355,0.0,0.5356688278515193,0.0,3.4081971276787155,4.280537464527527,3.5618773180443615,3.5401190237512328,4.076806111595385,2.14636129636184,0.0,0.0,1.2041549818555042,1.9543280625454413,0.3596219888359856,1.368154282055342,4.4680579667074865,0.0,0.2695890125639272,2.6754299787357265,0.0,0.0,0.0,0.0,0.6005575120738595,0.9915510483427867,3.643977630151409,2.519362657536669,3.166053027054577,4.483547577352971,6.293605557259158,1.965242326718281,5.110654142335248,3.904397274063314,3.864940937999379,0.5768853738025824,1.410436263761188,1.8771463664040127,7.4496879157482345,0.0,2.8959063244259333,2.8488714663259733,2.1217011483755184,4.861881443748055,1.024630137242596,2.2886283182172265,2.8220010624191536,2.7057452265123056,5.018914351814649,1.5230744603516224,0.0,3.0803207450997676,1.6976247572779126,1.6265461825538143,5.493815177735582,9.919009442280428e-05,0.06462960697052289
Brain_Nucleus_accumbens_basal_ganglia,0.07452630973305982,-0.002019321934035072,-0.050530679289626554,0.10564977650518541,-0.39489647722620097,-0.41792650185012753,-0.14045745880045965,-0.0,0.6979922164711533,0.0,-0.0,-0.0,0.0,-0.0,-0.016216726135555744,-0.7975521607491415,0.0,0.0,0.0,1.571851512758861,0.0,1.5336330494748316,-2.6439226341054693,-2.3678657621434476,-0.0,-0.0,-0.796388302505249,-0.0,1.1473205958950252,-1.0915731752879807,-0.0,0.0,-0.0,-0.0,-0.4864279866795955,-3.045772265611453,-1.1781930905661808,-0.0,0.41852031786086297,0.538106523665141,0.679057632167648,1.861920267000113,2.6016126746996195,0.0530945940865764,1.284416440823417,0.0,0.0,-0.31915787272079277,-0.0,-0.0,0.0,-0.0,0.0,0.0,-0.0,0.030458188882488652,-0.0,0.0,0.0,-0.0,0.0,-0.0,-2.0974127816323174,-0.0,-0.9085567493525761,-0.0,0.7350469490023968,0.0001690123575259206,0.07020494167834723
Brain_Putamen_basal_ganglia,0.0644566933506392,-0.0012276192386424375,-0.04766125861996724,0.24412517887501983,-0.6118614382038606,-0.20985304323354942,-1.2080355653027266,0.0,0.8327614983596646,0.0,-0.0,-0.4536584297172477,0.0,-0.731799340690212,-0.7835929070898363,-1.0885921172821649,-0.0,0.0,0.0,1.2402488245282022,0.0,1.9385742557721604,-2.1185269535363664,-2.0813137015070438,-0.28412858093760296,-0.0,-0.23838210879599586,-0.04991961052316538,0.5988081855994016,-0.7212778269081269,-0.0,0.0,0.0,-0.0,-0.0,-2.966845384694193,-1.6860847510058237,-0.0,0.136963688471795,0.8592790426941199,1.0285249215367158,1.4304374372552877,2.3032753081309236,0.0,2.1036926462041188,0.6904473210329773,0.28850601269473236,-0.3952276659576562,-0.0,0.0,0.0,-0.019726742083506485,0.10976984108640948,0.0,0.0,1.0769861500870923,-0.0,0.0,0.0,-0.0,0.5745378426353155,-0.0,-2.2354162327163007,-0.0,-0.0,-0.0,0.6360889218815826,0.0001523678297351569,0.05426235854395178
Brain_Spinal_cord_cervical_c_1,0.049792148389480075,0.0029068993889729924,-0.07900557883474203,0.14573272452054373,0.5499539219994645,-0.32726085128082893,-0.0,-0.0,0.12233410261665885,0.0,0.5945889808596698,0.0,0.0,-0.0,-0.0,-0.0,-0.0,0.5471954213294015,0.7819954096167407,1.5845590949452202,0.0,1.5104725207888638,0.0,-1.5616567214623183,-0.22735902339458677,-0.0,-0.0,-0.9655322269051231,-0.0,-1.0097925262271086,-0.0,0.0,-0.0,-0.0,-0.0,-0.9819808582499042,0.0,0.0,2.0396393111628095,0.0,1.5461728779335875,1.7706030406517435,2.9833963275670072,0.0,0.0,1.036397625716144,0.4636075082842983,-0.21375468509422274,0.0,-0.0,0.2022979494348872,-0.0,0.0,0.0,0.0,2.0027984862283255,-0.0,0.0,-0.0,0.0,0.0,0.48120237586452097,-0.0,0.0,0.4702403395784666,-0.0,1.9504046169318223,9.588758157528001e-05,0.05183552122044344
Brain_Substantia_nigra,0.06444574028562337,-0.0,-0.05240511334155548,0.07264834732040276,-0.0,-0.33115079240237116,-0.14843122507890086,-0.0,0.8755849891291302,0.0,0.0,-0.0,1.9406703076579261,-0.9019041387462247,-0.8033730644049112,-1.1142690811568865,-0.0,0.8578552266649472,0.85480132797564,1.8309767886053199,0.4553623385220119,0.705911718205362,-0.4516216828614963,-1.9241894902203132,-0.7033452838825783,-0.12192656817151902,-0.867470552678814,-0.9724535759681215,1.4822804296367031,-0.9364790715349663,-1.0795849924100187,0.0,-0.0,-1.4226366823946692,-3.401712156594035,-2.88949048140336,-0.2688131966256845,-0.0,1.090489644750434,0.35942200857062007,0.5294765117820757,2.177710229253256,2.6745505416066133,-0.0,0.30857995557475176,0.050524667313743506,0.02398988641332079,-0.30697209454245655,0.0,-0.38098990478086453,2.3226506155749993,-0.0,0.0,0.0,0.0,1.85262511108239,-0.0,0.0,-0.0,-0.0,0.28173683090904067,0.0,-1.9199001816700085,0.47346361188502106,-0.0,-0.0,1.6543346098048306,1.1229000239608032e-05,0.06949416003377884
Breast_Mammary_Tissue,-0.029462434063558286,0.008608499515565388,-0.021598983667601736,-0.0777874503969257,0.0,0.07515252316671364,0.5493213680763943,0.13285576043985683,-0.9156162740759571,-0.12729227034048096,-0.0,1.1343186669727325,-3.453813340472352,0.7917390241673875,0.9580985936199835,0.30000296138039395,-1.0482680479716533,-0.19864792617443758,-1.9034158116871618,-1.882501220536528,-0.33232865094317615,-1.1140912950350252,1.2406068461554316,0.0,0.06474023751466705,-0.12045525108217793,0.8426651661827801,0.0,-0.6667875085539804,-0.38218315988067275,-1.4653498169647425,0.7666603681306621,-0.2617581564050868,0.0,0.6966553738647968,0.10105818808377177,1.1260508629320571,0.5563453543896048,-1.1861019093148573,-0.3950436364903411,-0.887237963524885,-2.1453407719347424,-1.8961650631939118,0.23353049564242725,-0.7064319979537277,-1.3436406969517445,-1.2037922875256781,0.2126854907439674,1.6762198206399077,0.0,-2.5497786942586087,0.35755180074793924,0.06307647037239693,-0.0,0.5060164558355196,-1.719974344302187,-0.315986088936009,0.7232711486604991,0.14958155168590542,-0.05353072629018511,0.11802356783365603,0.0,1.9160353875214353,-1.032460793598915,0.6891197371454735,-0.5947477838957562,-1.2199883606443367,-7.376179548124191e-05,0.07543823366848257
Cells_EBV_transformed_lymphocytes,-0.047676165545361276,-0.012040746794395677,0.0678888602710843,0.02575953206497268,-0.418842726219963,0.13410635662385983,0.8088618295088621,0.0,1.1783866185984115,-0.0,-0.21509765405964476,-0.0,0.0,1.0988974896595058,0.0,-0.0,-0.08063596910244411,-0.02369978799932546,-0.0,1.2617635771508129,0.4747532403314125,0.4643159491400649,0.14568424637164903,0.0,0.5486078101440734,-0.0,2.2581750028190983,-1.8452588740885056,-0.0,0.0,0.0,-0.0945570442740701,0.4196250917627826,0.0,1.6476317296848335,0.6539401057569474,-0.7577630872477678,0.3489408859711486,0.49960731316835744,-0.0,-0.2716258701554319,1.8376684348530494,-0.1496749243433375,-0.7752894035117464,-0.0,2.7732020153129726,-0.0,-1.626935916943966,0.0,0.0,-0.0,0.0,-0.29661317156461975,0.0,0.634542062645035,-2.2328900468557977,0.0,0.0,-0.0,0.0,-1.7916441178436013,-1.9586781337256414,-1.5803965142968066,0.0,-0.8338600932347447,0.0,-0.0,-0.00018835930681519432,0.04702032900175945
Cells_Transformed_fibroblasts,0.011876957830368467,0.0,0.14158287440778267,0.16099527311776732,0.0,0.0,3.8194899817778416,3.6505422453118634,4.0784370657073925,2.367056721418185,2.5789747097592333,2.7608109086308676,5.990478540883313,1.7333860107063377,1.3362581824404478,0.0,1.548093972123844,1.110219475750282,0.3295837700191672,3.386388835789098,4.550991982222426,3.228158812865116,1.6585428548848968,0.0,2.058272769574851,0.0,3.8475644700057745,0.5744973663397351,2.4843908550758327,3.4769055139502227,7.29643493709409,0.37355792903297086,1.2083908832041699,0.0,2.5198961897445975,3.716049484811198,1.2391378047220745,4.853106125803355,3.3443543330422516,3.4188972429125815,0.7125581769508671,4.850029267144061,0.0,1.329031792644735,4.749969156948295,3.341378155843036,1.1309245850402194,3.343175847181667,0.0,3.8414868642794544,3.6368075108987474,3.235574555110651,1.2032928910937435,4.696340705976189,2.3902720585857082,3.514282702295194,0.3811418899978681,1.7350856100405334,3.4708871243474793,3.072020658732581,3.170481717360199,3.338381350324409,0.0,3.36830065586006,4.49471469632369,3.1229134172465556,2.325763360661309,0.0,0.07002573617110608
Colon_Sigmoid,0.000624706718000576,0.004832853203558602,0.012829398426794198,0.03739000034422501,0.0,-0.11456265369186915,0.8820152297772091,-0.052859024267484504,0.4609284249639833,0.317497367140202,0.5845684933308841,0.3601597601630514,-0.823225702540584,-0.0021605792415776487,0.08515554273106632,0.22338418535777096,-0.4708593206427514,0.2992341840131972,-0.0,-0.2599101474637717,0.35672268722091427,-0.5537452282835967,-0.0,1.3289975582415328,0.679879177246605,-1.0732077730341858,0.05452806689886433,0.4013970869648569,0.0,1.194970921974581,0.3770076615942764,0.3092131153095108,1.8775761595773042,1.9037167345033372,-0.8731792173761336,-0.5515463532434978,-1.1488599480371895,-0.11049928773768151,-0.3501143704169063,-0.14944505653118714,-0.19160909291485495,0.4195250441870726,-1.0062239397238604,0.6021162120491462,0.09476848909058558,-1.0590287815341328,-1.4858139429435482,0.0,0.24890658719593975,0.08086757681751128,-0.7626753631752622,-0.28264242376110504,-0.0,-0.8070783531656973,-0.6050011384135265,-1.6827344975722212,0.31139923560994337,-0.7617624007208045,0.5412515822334351,-0.4253772431491622,-1.5376364222974706,-1.0394101582841655,0.304773931801274,-0.2279958570212639,1.0541575125773155,0.2773196920791337,-0.46916255475110524,0.0,0.006450777136669861
Colon_Transverse,-0.006851761732413209,-0.003509194783502654,0.03930615480458344,-0.09414149683706932,-0.3978891930764277,-0.11075418389806657,-0.1654366645022102,-0.0,-0.39968053816732135,-0.0,-0.0,-0.0,0.0,-0.0,-0.0,0.06764962173750814,0.0,-0.17363794060469065,-0.0,-0.0,0.0,-0.057044733282048274,-0.0,0.13038695430799704,-0.0,-0.2798140932194394,0.0,0.16671242494945632,-0.0,0.0,-0.0,-0.0,0.0,-0.0,0.0,0.44928906588648776,0.5276223585438424,-0.0,-0.13961526084613085,-0.45579883500719365,-0.9971817740510315,-1.0747377034124612,-0.7405157350322641,0.0,-0.0,-0.7695392623583148,0.0,0.0,0.4661929871174376,-0.0,-0.11582316448016515,0.039559143320844606,-0.0,-0.0,0.0,-0.2637262528121179,-0.3691755822208109,-0.0,-0.0,-0.3468268736623112,0.0,0.0,-0.0,-0.08330620038663673,0.0,-0.0,-1.04703092214167,-1.657860398035509e-05,0.02020867598188658
Esophagus_Gastroesophageal_Junction,0.0,0.0,0.0339539361828685,0.06937155798052604,0.0,0.0,1.5005947057922733,1.3656153525079366,1.2505844878689332,1.0763712053867,2.115103906716317,0.9526782710927659,0.7172118927263792,0.2102725496347563,1.3149284212475865,0.24230017015174923,0.0,0.6743552267120448,0.0,0.48427369727808683,1.1865621097133985,0.38802330788243056,0.3054485605762709,2.184586705148505,1.6011660487927215,0.0,1.4942295045871246,0.9928990599764183,0.4030383448092535,2.1501878232180403,1.5028627747818886,0.6878633566796167,1.7607727032961242,3.282291737215396,0.0,0.26232252667623673,0.0,0.04859745158800906,1.130842629963794,1.504168771002746,0.4902880183227585,1.0763189894885903,0.0,1.1389757195036552,2.1113646142177798,0.0,0.0,0.7812115100710761,0.0,0.39823727203962234,0.6013686231016778,0.42765833269621795,0.45832197101146727,0.7532844090126123,0.4805195305775513,0.0,0.4694912301146509,0.0,1.2434907757733593,0.0,0.0,0.0,0.4944182672284971,0.38736254548045174,1.7323478724972157,0.7834711418221726,0.0,3.5621924906290435e-05,0.012435640456027408
Esophagus_Mucosa,-0.02487978817223692,0.001484231427756056,0.020095088450234985,0.017145888259305533,-0.0,0.0,0.0,0.0,0.0,0.0,0.0,-0.0,-0.0,0.0,-0.0,0.0,-0.0,0.0,0.0,0.0,0.0,0.0,0.0,-0.0,0.0,-0.0,-0.0,-0.0,-0.0,-0.0,0.0,-0.0,-0.0,0.0,0.0,0.0,0.0,0.0,-0.0,-0.0,-0.0,-0.0,-0.0,-0.0,-0.0,-0.0,-0.0,0.0,-0.0,0.0,0.0,0.0,0.0,0.0,0.0,0.0,-0.0,0.0,0.0,-0.0,-0.0,-0.0,-0.0,0.0,0.0,0.0,0.0,-0.00011404793230954384,0.004589172701086608
Esophagus_Muscularis,0.002279071086788968,-0.001308282807563396,0.04569760136965333,0.11673119767141042,-0.0,-0.11147775061975322,0.8528495206381054,0.25625638855332594,0.5911427764742451,0.10944901875267136,0.5871010540249809,-0.24801920392645693,0.4732790815135729,-0.2244068586814742,0.5212371109303213,-1.0575280600812431,-1.342139898447624,-0.1483703766155626,-0.6457198027080974,0.22653307151273733,0.39819511523122425,0.0,-0.8674007690490646,2.2903065417252364,0.8406543800860764,-3.3510434597842393,1.1107001244303742,-0.47863206529735947,0.2434131224571471,1.5648249874522446,0.9866676553114403,-0.0,1.4640071104830366,1.2335119069473537,-2.23788246579819,-0.25370576750071566,-0.9239333074906965,-0.09970276107319498,0.19173756788871768,0.18018375830390512,-0.45311337661407014,0.8644191441194939,-0.7666667710499303,0.392835781437988,0.5214935923104111,-0.7040139194829171,-1.0673249167463905,-0.0,-1.3449644015133302,0.0,0.0,-0.24783682447922048,-0.22251122378722943,-0.0,-0.8705235771096717,-0.9944898467327993,-0.14513291670811274,-0.9671098146478387,0.33234735914441027,-1.0155341860704765,-1.897377184708958,-1.0385648368871956,0.0,0.6183571786896778,0.6993550452524125,0.13994517891258948,-1.3716834369640583,0.0,0.01959731364704298
Heart_Atrial_Appendage,-0.05431848429441268,-0.004254714625133558,-0.06010893911491091,-0.0,0.0,0.3557557876758051,-0.06597699217758575,-0.0,0.0,-0.0,-0.0,0.8842337522656042,-0.0,0.36509034798186846,-0.0,-0.07199436057665737,-0.0,-1.1826370897239447,0.0,-0.0,0.0,0.0,0.0,0.2180280393640779,-0.0,-0.0,-0.2588805741598741,0.01752977694058502,-0.0,0.0,-0.0,0.0,0.0,0.050277433950317564,-0.0,0.03687222947569644,-0.0,-0.0,-0.0,-1.0070889800513634,0.0,-0.0,-0.0,0.0,-0.0,-0.0,0.0,0.7787259698426938,0.0,0.0,-0.0,-0.0,0.0,0.0,0.0,0.0,-0.0,-0.9932901055274025,-0.5967518506296908,-0.9134511927279746,-0.6871809509435298,1.340393225840612,0.0,-0.0,0.4744582064907645,0.0,-0.0,-0.0,0.06454824623084376
Heart_Left_Ventricle,-0.02318089492951867,-0.021216136659796235,0.0,0.04205244124234991,-0.0,0.08603383865852693,-0.0,-0.0,0.18678716130685222,-0.0,-0.0,0.0,0.29430957404976804,1.2158359370342222,-0.04657440076344325,-0.6548476144425284,-0.2685594491962756,-2.700248757491489,0.5705893528159806,0.4601592159884476,0.9474022552594871,0.3596831154991186,-0.0,0.5800720685644378,-0.0,-2.123918507766959,-0.07035230138821835,-0.0,0.0,-0.0,0.0,0.0,0.0,0.8592818463304955,-0.5950685479118724,-0.0,-0.4627578524281248,-0.016028721456557874,0.0,-0.0759285846911765,-0.0,0.6865707731928257,0.0,0.0,0.0,-0.0,0.0,0.0,-2.1309329608632512,0.6372204685511401,1.2828480193485037,0.0,0.0,1.3266286487350647,0.0,0.0,-0.0,-3.146132763480391,0.0,-0.2966817693181803,-0.8562277012650329,0.23660286059270388,-1.631561451714731,1.6837154778078667,0.0,0.5699005239839259,0.0,-0.0,0.018417631592502648
Kidney_Cortex,-0.02335682387471875,-0.003008556185551834,-0.012445129164819997,0.08729635128835514,0.31816401958733753,0.24375166721368832,0.14703131212786844,0.0,0.0,0.46292170307124797,0.0,-0.0,-0.0,0.0,-0.0,-0.0,-0.0,-0.0,0.0,-0.40773821250681264,1.0573837071218848,0.24354843896604922,-0.0,-0.0,0.0,-0.0,0.04220813886313726,-0.23046249146170208,-0.0,-0.0,-0.0,-2.189670790932467,-0.0,-0.0,0.0,0.0,1.2480279860826091,0.5673352336920743,0.0,-0.8482884045990821,-0.79882810971127,0.8505784436093549,0.4061011291881031,-0.0,-0.0,0.0,0.811773189758913,0.0,-0.0,0.0,0.0,0.0,0.7169045478830548,0.0,0.0,0.32141447547512125,-0.0,-0.0,-0.0,0.0,1.939839730644207,1.0986500044982104,-0.0,0.0,-0.0,0.0,1.670109170952812,-7.697614030997458e-05,0.02235404415250475
Liver,-0.021899080639230822,-0.01050199063937262,0.007466569526672678,0.015884112682241186,-0.11340754817137999,0.06037285090992313,0.1860700537864023,-0.9266887520923023,-0.7547667953592476,-0.0,0.0,-0.0,0.0,0.0,-0.0,0.0,0.0,-0.0,1.8156061081231567,-1.3084466325751856,0.023041439338913002,0.0,0.0,-0.0,-0.0,0.9824840510367598,-0.0,-0.49106650269957375,-0.43376935075670153,-0.5402087805237143,0.0,-1.001355971859918,-0.0,-0.0,0.0,2.45375117565177,2.1443261707696766,0.1481436054421678,-0.0,-1.3227672413577336,-0.33762006324279004,-2.1454265157024737,0.0,0.3774757516203134,-0.0,0.8567552991259292,0.5269220824866941,-0.0,-0.0,0.0,0.0,0.0,0.0,0.0,0.0,0.0,0.0,-0.0,-0.0,-0.0,1.3039703552070026,5.395129255905407,0.0,0.6730917352798567,0.0,0.0,2.992026834279505,-4.1916782487085526e-05,0.03111108700448384
Lung,0.0,0.0009345448297023578,0.0,0.0,0.0,0.0,0.9190750498595239,1.5859100429648747,0.14110200270653417,1.6811169190884176,2.5161054536920675,1.2587616500682168,0.0,1.75479238372485,1.8613332377570033,1.652105456436974,1.1189704105109446,0.0,0.8854098262727367,0.0,1.2443721972342738,0.0,5.1380271286277654,1.367515818673688,0.6466885342738454,1.0088335982483703,2.542356782547378,2.038862279326137,0.0,1.4595695569131975,0.0,0.0,0.0,0.8369407094261454,3.9211035513162735,4.1499083065213975,3.5849184505585963,1.1352801469050324,0.20176768189674885,0.04902449386380515,0.6771733886596936,0.0,0.0,1.2710691582585403,0.0,0.6184517037594106,1.3415640395068866,2.292054383509159,2.449985799397537,0.0,0.0,2.143634009718811,1.7408732020789446,0.0,2.6714753194926844,0.0,0.5021808541660616,2.298255590883622,0.11667905007914817,1.8130819255548556,2.132265853821561,2.5919340617384212,4.228676691962412,0.0,0.23997902121828701,0.0,0.0,0.0,0.05162445662797077
Minor_Salivary_Gland,-0.051241409588864244,0.003974516061343586,-0.00043017271462728973,-0.14881782112256386,0.06403295356588364,0.3495571943192047,0.0,0.0,0.0,-0.0,0.0,0.13856106950497402,-0.0,1.063359875443651,0.0,0.30279919145759776,0.0,-0.0,-0.0,-0.1520292965085453,-0.430868515988163,-0.628656760102838,0.0,0.13388779237042478,-0.0,0.0,0.0,-0.0,-1.1333170235244294,-0.0,-0.0,-0.0,-0.4483165948808698,0.0,0.0,0.15620047221762104,1.2115074864292816,0.0,-0.7213633860012946,-0.878230392752751,-0.6525438226526371,-2.0791861881181326,-0.8856944187084635,0.0,-0.0,0.0,-0.0,0.5967606106153415,1.5376832481134437,0.0,-1.0760716138696715,0.7566352260934434,-0.0,-0.0,0.0,-0.0,0.0,0.5603109262013088,-0.0,0.0,0.0,0.2007216838822705,2.0760015264124094,-0.0,1.2148769993409256,-0.0,-0.6063829929552977,-0.00014906312910192103,0.07799315455516231
Muscle_Skeletal,0.0,0.0,0.0,0.28878869656375883,0.0,0.024185963456319556,5.484802223405548,2.5411475048652754,4.886553537418596,0.0,2.4877098856624014,2.930369586311523,2.1734027842226924,5.626154997857265,3.619076725577918,1.0025128365586358,0.6880539723011112,0.7575185298771382,0.0,6.098858932412931,7.397017657033352,5.382081185093846,0.0,7.6488735185608,5.873517293726555,0.27304986186861446,3.270827025143895,2.311370130581319,4.918289576515586,4.389891193387799,8.078801591644464,4.026884133596847,8.539589197754893,6.055930698695502,0.0,2.544542609384947,0.33180753990739686,5.75738390684462,3.555093571061326,3.944775838139898,3.4943853678174377,8.391450791084267,2.967615066015381,5.824598331944232,3.055112212880369,5.634283300724493,0.0,5.021555485634518,0.0,6.045855858519008,5.089850551897112,1.0604339333928583,2.7194487904285536,6.875127746378121,0.0,1.8373072573636298,7.811608353962255,0.0,5.349070155605759,3.783995759879115,0.0,0.897873350261467,1.7681542188243888,7.447597695401906,2.240290244344931,8.765959011604526,3.030157969889049,0.0,0.041260188556421884
Nerve_Tibial,0.0,0.0017822246323071047,0.0,0.0,1.01166259626061,0.015046543038793133,1.6461069912070179,1.083680878299963,1.5432992370343066,0.0,0.0,3.8624702594917206,0.0,1.9715964893989313,2.8618285041339746,1.3153019290343246,0.6563209098020186,1.9663720496823995,0.0,0.0,0.8056570853732631,0.0,3.2651589248569395,1.625825690377343,1.5013571252392874,3.3745517431001972,0.9281451113497736,1.7321169112026547,0.0,1.0882189607969686,0.47740688253018426,1.634188788428374,2.185874597604694,2.9317117965554464,4.346410471439745,1.6315344204069253,2.488116408552849,2.3836615602710736,0.17719577890857208,0.5424023007791098,1.44394803813436,0.0,0.8010565784135932,1.398958909959301,0.0,1.1348937169678655,0.4788422533960308,1.7110766344676513,2.783216595956436,0.11408732028061867,0.7809051104885458,0.0,0.8849790677646286,0.5697634642164958,1.1366271985890861,0.019293563489090094,0.6212162575685621,1.950996138008848,0.0,2.9035256231669186,1.355814246063187,1.8909579344747247,4.724319470120787,0.0,3.7094305556339684,0.2588105097276007,0.0,0.0,0.08415763017086686
Ovary,0.0,0.0,0.024814279328283572,0.0,0.37594716093753855,0.2364146291249046,2.4143750181667674,1.2638056593609623,2.083004582563943,1.1680544361661993,1.7388111800348571,3.112384094347184,0.0,1.5976282948135903,4.220593973562582,1.7983968676772029,2.484764036717536,1.3769255916536498,0.0,0.0,1.122035170816417,0.0,3.521746463182976,3.203736801204587,1.5385122943209677,5.544640280945993,2.242853788668904,2.339955842045447,0.0,2.7894737101443803,2.1594471271057687,3.890018173094343,1.2643116057035833,4.998867722885276,5.300317433374936,3.2651429464513075,3.083345682046312,0.8844573008226746,0.3901756364077618,1.9721503654363728,1.7879084567225914,0.0,0.0,1.788228366256276,0.0,1.6064571232750957,0.6634456989329033,2.093834205639606,3.6902273909399304,1.11460513298661,0.24777328741598284,2.6720713701894923,1.5030780143511473,0.0,0.5153669313511167,0.0,1.0841407460581258,1.8595842933695548,0.9014758479583478,2.3286373766296924,0.0,1.6106736605214893,4.921687848410969,0.0,0.6206974165593326,1.5206345736237108,0.6986655398133902,0.0,0.07075538935295822
Pancreas,-0.037654843798395746,-0.005345621832486459,0.04681745411529959,-0.06503207104190727,-0.0,0.0,0.0,-0.0,-0.0,0.0,1.0556610278041918,-0.0,0.8041180860678859,0.0,0.6434076457304005,0.9951807241272781,2.0780535072146655,-0.0,0.08764049750407561,-0.0,-0.46906718037143486,-0.0,-0.0,-0.0,-0.0,0.0,-0.0,-0.0,-0.013829270554166334,-0.09205242083869093,-0.0,-0.0,-0.3326862771434425,-0.0,0.4947203557504847,0.7637961966274253,0.6952234933903113,0.2851552524412284,0.0,0.0,-1.3319775585825497,-1.5012810293624208,-1.8529276999286848,-0.0,-0.0,-0.0,-0.0,0.0,-0.0,-0.0,-0.0,3.1107563737003363,-0.0,-0.0,0.0,-0.0,0.0,1.216028149687428,-0.7401639620423154,0.0,1.9943429216893083,0.8572120326131506,0.7716207380825094,-0.0,-0.0,-0.0,0.0,0.0,0.051520049331221895
Pituitary,0.0,0.0,0.0,0.0,0.5492889606645766,0.363530296121078,1.4941925564039023,0.07165021292133626,0.37451606421311173,0.0,0.17479332836509645,0.0,2.0199159868146905,0.0,1.117465928216862,1.2920169213669714,2.615814049876912,2.2169319903693383,1.8609064226744092,0.0,2.275067743506333,0.0,2.2634425585227187,0.0,0.645264584818885,4.149100367706455,0.0,1.1913959581498674,0.273003678009063,1.8005460105117097,0.0,1.3939158136971586,0.0,1.2499228790079262,4.3625195599353646,2.804336481845334,1.5275376191715195,2.1135635845495635,0.0,0.0,0.42794721543366526,0.0,0.0,0.0,0.0,0.5203795504596134,1.0301549913018342,0.0,1.646970186469991,1.0260423667764929,0.0,0.39918673443602043,1.8214561757602605,0.0,0.139597066902817,0.0,0.541165264483704,0.36104676302682526,0.22892416997218545,1.8423387321641886,1.8922140372859415,1.097993066600327,1.4990188122929504,3.5694293094164014,0.0,0.4669476514079562,0.5159523320963,7.011468134121382e-05,0.0059813803775006225
Prostate,-0.014771458429003735,0.007182104375538194,-0.02190860604179348,-0.07923058649183713,0.0,0.23986612407733512,0.7845606109923926,-1.9401114621208553,-0.43317111262071495,-0.45912336539733084,0.3665623206330602,-0.0,-1.549949620911882,0.3761245102346851,0.0224941258600272,0.9760451295528502,-0.3900749037315515,0.9045227633162611,0.24911732393597663,-2.654867093341256,-0.06390504418558199,-1.0029227168093906,0.9020400666117045,0.8416854172717806,0.23445921567200897,1.358988434840049,0.3493187514531235,1.1075787236257655,-2.3666839367778065,0.09627921308644882,-0.5003339807809576,1.1866052321528318,0.30805688437302553,0.0,0.6488995056949405,0.5333253804698052,0.7853765049831873,1.080431597627516,-0.9214598382160414,-0.9073837007926483,-0.05653246553976156,-1.7219945940969554,-1.7724832686108294,-0.09944323915319613,0.0,-0.9245020427723422,-0.15726222611631505,0.9994123893689513,1.9515491623173373,0.6721833409440872,-1.172716732467831,-0.0320186126284794,-0.0,-0.7171106020189641,0.07992740937325551,-0.9882114103009957,0.54608708785793,0.6012523196481823,-1.9025170165949876,-0.42041629335577546,0.8360093642480186,-0.06812004813918583,1.5586493226614626,0.5740769331045159,-0.31567677464534183,-0.6234363430661051,-0.6428474894492887,-6.289258382666351e-05,0.038575082393926374
Skin_Not_Sun_Exposed_Suprapubic,-0.0566906234228368,0.011562074598107309,-0.023083477689507192,-0.15153870622877816,0.5930180836689602,0.6203666509783698,0.0,-0.0,-0.052245495698538355,-0.02284929784133334,-0.0,0.0,-2.0262792401781744,0.0,0.0,0.2616594353930496,0.0,0.0,-0.0,-0.0,-1.987136728165263,-0.5872246824720326,0.0,0.6256299989345003,0.28039635787885236,1.6264488885478394,-0.0,0.0,-0.0,-0.0,0.0,0.0,-0.0,0.0,0.0,0.36081033559246867,1.5236793964841033,-0.0,-1.073221651488252,-0.9346510403858473,0.0,-2.8147408996347503,-2.2917227886289235,-0.0,-1.037228098831081,-0.0,-0.07541372816236257,0.4996703286038449,1.764103984195963,0.0,-1.0858391161692125,0.0,-0.5758029280748169,-0.0,-0.0,-0.0,0.0,0.07780390412702845,-0.0,0.0,0.0,-0.0,0.31542265848006606,-0.0,0.0,-0.0,-0.0,-0.00010689803775116274,0.13716005689027644
Skin_Sun_Exposed_Lower_leg,-0.03952193289150536,0.004689539109057334,-0.01035089073191638,-0.0,0.0,0.29399637109348076,-0.0,0.0,-0.23730082515593026,-0.7284539500483737,-0.09426631278737992,0.0,-3.657617923830013,0.42384180482453393,0.0,0.0,0.0,0.0,-2.9957560154430403,-0.23073206186439896,-1.6543397390496735,-0.9789323938172101,0.0,1.1528051126410856,0.3999005398436751,0.680104589667799,0.0,0.5525538939210803,-0.0,0.0,1.2877891283677319,1.4303422391999792,0.0,1.667512624021671,1.4763252288716595,0.0,1.141722986418952,0.0,-2.074091963676807,-0.3102862031755484,-0.0,-1.3335380291880494,-1.3650886673291422,0.0,-0.012634798121204696,-0.0,-1.1070201616686244,1.4266516037436705,0.40314935668366986,0.0,-3.2272883390077096,0.42691102003532827,-0.01961474941288374,-0.0915054658483605,0.0,-0.7364782574173141,0.35673219895135877,1.2356366632293296,-0.08334129038063726,0.0,0.0,-1.5454929654840048,1.2081190350222697,-1.1337989544521032,0.0,-0.34945024918480067,-0.22016585163557076,-3.0909162312850584e-05,0.11223744140822745
Small_Intestine_Terminal_Ileum,-0.012007109479687594,0.0033889766512444686,0.04852069602900822,-0.2690042356168214,-0.7077866559996367,-0.03153482363160696,-0.4401010793340004,-0.0,-1.192272885080464,-0.0,-0.0,0.0,0.0,0.0,0.0,0.9585150090365478,0.17159706819048987,-0.36086781781717137,-0.0,-0.0,-0.0,-1.4910192948176066,0.0,0.6236472888580692,-0.09924182042297822,-0.0,0.0,0.5292562377677292,-0.781737436389924,0.0,-0.6207385799566083,-0.0,-0.2979701680416605,-0.0,0.0,0.9703067449323046,1.2230951133683639,0.0,-0.7613915546653693,-0.7805009976909321,-0.6131503209983165,-2.339321306486755,-0.970159283422181,0.0,-0.0,-0.29380176139124825,0.0,0.13361141090304385,0.2043843600802262,-0.0,-0.7258004976435802,0.0,-0.5926186826466786,-0.0,0.0,-0.22945575961367007,-0.0,0.0,-0.0,-0.4018201802579212,1.0384196023288272,0.0,0.0,-0.0,-0.0,-0.0,-0.7540108589257789,6.714403734049294e-06,0.027107384701840376
Spleen,0.008158414130063843,0.009073168606572144,0.046640892617855145,-0.35050612026238437,-0.9052174874946942,-0.1413257241239329,-0.0,0.0,-1.9634456946672756,-0.0,0.0,0.0,-0.0,-0.0,0.0,0.913056153367562,1.6870159838907317,0.03617885400656298,0.0,-1.6322220777719172,-0.1718323587010166,-0.21828881517763635,1.966125906452508,1.242944047829108,-0.26804280001823383,-0.0,0.17301420842047271,1.1241948028214315,-0.0,0.979705492432158,-0.0,-0.0,-0.0,0.0,0.0,2.609026357171348,1.6367286684064002,-0.0,-2.14370241954031,-0.23022321737260634,-0.08031432377801352,-1.4147823932261414,-1.4407433248599468,-1.0044798073239452,-0.8613270981469809,-0.0,0.0,-0.0,0.0,-0.0,-0.0,0.0,-0.0,-0.0,-0.0,-0.0,0.0,0.0,-0.0,0.0,0.6316501096961158,0.37136246516320387,0.7472557081676786,0.0,-1.2770432534936431,-0.20706955059483814,-0.0,-1.5308375894997667e-05,0.028292879319523512
Stomach,-0.01627365919738637,-0.0067706259074596115,0.04578815524329794,-0.04069026350278327,0.01137483677185445,0.005709454187957443,0.0,0.0,-0.0,0.0,0.0,0.0,0.0,0.0,0.0,0.0,0.0,-0.0,0.0,-0.0,0.0,-0.0,0.0,0.0,-0.0,-0.0,0.0,0.0,-0.0,-0.0,-0.0,0.0,0.0,-0.0,-0.0,0.6278083547614598,0.26416493665580465,-0.0,-0.0,-0.0,-1.4534354522424275,-0.796478537994666,-0.5818660798207269,-0.0,0.0,-0.2809265851955934,0.0,-0.0,-0.0,-0.0,-0.0,0.35241060069333174,-0.47073056411895775,-0.0,0.40677164056902837,-0.0,-0.0,0.0,-0.0,-0.0,0.6749497289746421,0.3525631762355506,0.0,-0.0,0.0,-0.0,-0.0,-2.5950567348701572e-05,0.029826199502711148
Testis,-0.12702451202231027,-0.01523306725962812,0.030146537880075323,0.3521844676278489,0.0,1.1783253903622815,0.32577084443907356,-1.5016842050433814,-3.111205418502277,-1.9683686201045816,-0.0,-0.5088602477681832,-0.0,0.0,6.237936312457947,1.3481037687150537,5.793066317121011,1.2505352678823989,0.0,-3.1253124655207096,0.16462330887364351,-1.179586503100494,5.414160951256935,0.0,1.3316669740299354,4.203134532640114,1.5000580858345218,-0.0,0.5840038812750022,0.6587164433423165,0.0,0.12349127961166086,2.1792200833795077,0.0,3.4356709226579834,0.0,-0.0,3.09825301084915,0.0,-1.0004182221670543,0.036105620261710436,-0.15227449372605154,-0.0,-2.3161294245994632,-0.6762526434113812,0.0,-4.051706389836433,-0.29357239202443486,-2.8408359310042797,-0.0,1.5240725115188936,-4.401303097968931,-0.7853642412532776,0.0,-0.0,-1.2414139425029864,0.2561450771558086,-3.642091575966785,0.0,1.5254182397916558,-0.04014645507300396,-2.8632875800564404,0.0,3.5372619229250657,-1.810793319709065,2.058061945455818,-0.0,-0.0004198177176435136,0.09085423947954196
Thyroid,-0.01890998320406988,0.013792220973566485,0.014795327468183182,-0.21441406257774592,0.0,0.06995763325986591,0.5458987052553449,-0.013837593761006548,-0.0,-0.5778124669346357,-0.20558956581454413,0.32698414732821607,-1.7868928871502243,-0.9568157027425549,1.189569521059627,1.0011476877314882,0.6888913540052839,-0.8741726492436293,0.3106707241147945,-2.401840272745488,0.22943426120547658,-1.0506015651676017,1.9845307763320816,0.7738690970729746,0.06395325202399355,0.8343994784207572,0.07884135734451687,0.2671405832253751,-0.0,-0.8297141975570799,-0.0,-0.6125538910650734,-0.1225213988318348,0.3761601831808744,1.2514192502004078,1.4751233130094417,2.1143740863351805,1.3724962740732907,-1.2554581942460268,-0.8296828455239831,-0.9992098062110745,-1.6774978928206972,-1.9244238383613523,-0.0,0.04393786487600381,-0.6639251414341795,1.0488022219715947,1.3930861909041377,1.0919073825713654,-0.6570855412072901,-0.8211108138009449,0.5438877643469767,-0.0,-0.0,0.35772341086715986,0.0,-0.6433087891689296,0.9450870389866951,-0.6987393696436062,1.9433908359121415,1.2378416180553868,1.023706401892327,2.141037999674817,-2.11961568326241,-0.2283254564343082,-0.3589543785008885,-1.3701459374346798,-5.193445306973079e-05,0.03273109988824685
Uterus,0.0,0.006606072547317226,0.0346696520682566,0.0,0.6320763227958568,0.02413400453996526,2.3806449732642836,1.2361880716161346,0.234043254046003,1.1720162844591442,0.9616169799186672,2.0869749733045055,0.0,1.2557092115379602,2.4056880336877833,1.3203805045527441,0.8911010694425011,1.6504971796759553,0.0,0.0,0.939186480206816,0.0,1.4998688896790924,2.798060349681839,1.5785223629456413,2.43887656605732,1.184583550934263,1.7563698280711406,0.0,2.9446409796841855,2.0920955095430136,2.0130010723999265,1.7615036473258754,4.845617755858851,2.98404955120273,1.2490565017066797,0.6297565545331176,0.46157049629660063,0.0,1.6784378794276753,1.2804045318594839,0.0,0.0,1.0240435539701034,0.0,0.0,0.009990225334233832,1.5567035606797939,1.6247957879579027,0.0,0.26305733180522056,1.2243216675468038,1.9162685351344126,0.0,0.0,0.06926327897061035,0.006864358986986415,0.7210505091591305,2.019766951650128,1.6736786943833628,0.0,0.619174375901206,4.0273710294323335,0.0,1.2753040489183647,1.4018810825574168,0.07353904996946915,0.0,0.06468576480900179
Vagina,0.0,0.006387401699537005,0.0,0.0,0.33409196005076214,0.0,1.871653227562732,1.5529258370261938,1.1828563517339608,0.0,0.36553865134351626,0.9989702546719953,0.0,3.4699263539563967,1.4273734885954368,1.9877354154036333,1.1124360422348647,0.0,0.0,0.0,0.8679183883933267,0.0,2.623860261504843,1.5709528672006818,1.1355280730830861,2.4347082977988883,0.654162719986354,1.9206702274530159,0.0,1.520302825757488,0.14470089564573313,2.6673024263404628,1.388488734342912,3.445114144886591,5.374961829216831,1.6249338919520584,1.8478940204804821,0.0,0.0,0.2699098890594956,1.0199036700994029,0.0,0.0,1.2921951294446905,0.0,0.2996272883187717,0.42393684819530897,2.7579530694998557,3.0585323240875657,2.611955074170725,0.0,1.4440309455210874,1.6041428665338389,1.396088623507481,0.0,0.3543086629258848,0.806426855262497,0.8932653307057473,1.4675368843850751,0.13390807784598668,0.3265160969273448,0.7664325205289061,4.450933120025432,0.0,2.780875282345636,0.4897422430682019,0.0,0.0,0.048356486669630216
Whole_Blood,-0.10741883024603094,-0.0037916534991253798,-0.03739593009170859,-0.3539409406743518,-0.0,0.5212319084839534,-1.53780105159521,-0.0,-2.246276119604993,3.1849462743049957,0.0,3.042183809893313,-1.3437276198601853,0.0,0.504128824319861,1.651005386903342,0.0,-0.0,0.0,-1.2902417545805094,-4.574112724688023,-0.0,6.628202559959223,1.8874845990735518,-1.3909295879844608,-0.0,1.5862477673901936,0.19627787924184759,-4.082530905946986,0.0427943042418919,0.0,-3.899589011383843,-3.3017778992030284,1.6437991450773473,0.0,2.805592151872808,2.753635094191578,-0.0,-0.0,-1.342700572477777,-0.0,-0.1944457697973975,0.0,-0.049779901204761334,-3.739716725561975,0.0,-0.489150204286906,-0.0,0.0,-1.0897557522963957,-4.010083789089583,0.5772883285355592,0.0,-0.0,-0.9969797026232462,0.0,0.0,2.656023460195213,-6.723692024524865,0.0,0.7213075755221369,2.917495066796163,2.121187094787326,0.0,0.09746422989616325,-0.0,0.1205519660853669,0.0,0.040566691201846417
