tissue,log_3_utr_length,log_5_utr_length,log_cds_length,gc_content_5_utr,gc_content_cds,gc_content_3_utr,AAA,AAC,AAG,AAT,ACA,ACC,ACG,ACT,AGA,AGC,AGG,AGT,ATA,ATC,ATG,ATT,CAA,CAC,CAG,CAT,CCA,CCC,CCG,CCT,CGA,CGC,CGG,CGT,CTA,CTC,CTG,CTT,GAA,GAC,GAG,GAT,GCA,GCC,GCG,GCT,GGA,GGC,GGG,GGT,GTA,GTC,GTG,GTT,TAC,TAT,TCA,TCC,TCG,TCT,TGC,TGG,TGT,TTA,TTC,TTG,TTT,XRCC6,TBRG4,WDR43,CSTF2T,GPKOW,TROVE2,AQR,NSUN2,SLTM,QKI,YWHAG,WRN,U2AF1,SF3B1,ZC3H11A,AKAP8L,FAM120A,AKAP1,CPEB4,PUM2,SF3B4,FXR1,PUS1,HNRNPL,SAFB2,RBFOX2,DDX24,SBDS,ZNF622,HNRNPU,WDR3,PPIL4,PRPF8,UCHL5,EFTUD2,SERBP1,RBM22,KHSRP,NPM1,IGF2BP1,HNRNPK,FUS,FASTKD2,TIA1,DDX42,METAP2,DDX3X,AATF,RPS3,UPF1,GRWD1,TARDBP,SAFB,HNRNPC,ZNF800,ILF3,PABPC4,RBM15,NCBP2,DDX51,TAF15,NOLC1,HNRNPA1,DDX21,DROSHA,DDX55,APOBEC3C,LARP7,HNRNPUL1,MTPAP,ZC3H8,CPSF6,NONO,LARP4,DHX30,NIPBL,XRN2,AARS,SSB,TRA2A,EWSR1,PTBP1,SMNDC1,PUM1,FTO,RPS11,DGCR8,EIF3G,HNRNPM,AGGF1,YBX3,DDX52,SLBP,U2AF2,EIF4G2,ZRANB2,DDX6,UTP18,SND1,IGF2BP2,SRSF7,ABCF1,SUPV3L1,PHF6,PCBP1,FXR2,MATR3,FMR1,KHDRBS1,GNL3,LSM11,EXOSC5,HLTF,BUD13,SRSF1,SDAD1,LIN28B,UTP3,GEMIN5,GTF2F1,energy_5utr,exp_var_sc
Adipose_Subcutaneous,-0.018284768581711245,0.0,-0.0,-0.0,0.0,-0.0,-0.0,0.33398293463823564,-0.8466211751579258,-0.0,-0.0,0.8052828959581311,-1.4078963278466907,0.0,0.0,-0.0,-0.0,-0.0,-0.9385012257357234,-0.0,-0.4668947753719933,-0.6972983787514436,0.0,0.23427052058505501,0.0,-0.0,0.0,0.342382449061054,0.0,-0.0,0.0,0.6534989762440987,0.0,0.0,0.0,0.049216957446554584,0.43897610736053666,0.0,-0.6435419866534063,-0.0,-0.0,-2.1059677557018457,-1.6302551374256815,0.0,-0.0,-0.1868628944435484,-0.6057815865955116,0.0,0.20658235251459875,-0.0,-0.46340425869706026,0.0,-0.0,-0.0,0.0,-0.2061775011931801,0.0,0.39598871858891327,0.0,0.0,0.0,0.0,0.2078756717110447,-0.0,0.472184299047131,-0.2123919997962926,-0.18413901059069232,0.0,0.0,0.0,-0.0,-0.0,0.0,0.0,-0.0,0.0,-8.301608084894436,0.0,0.0,-0.0,-0.0,-3.787384853276239,-0.0,0.0,0.0,5.614037307311064,-0.0,-0.0,0.0,0.0,-0.0,46.342656667804775,0.0,-0.0,0.0,0.0,-0.0,0.0,0.0,-0.0,0.0,0.0,-0.0,-0.0,-51.79974300405229,0.0,8.643318730244623,0.0,-0.0,0.0,10.829059259628618,0.0,-0.0,0.0,0.0,-0.0,0.0,0.0,0.0,-0.0,-30.416180437992995,0.0,-7.363384014084359,0.0,5.638465481995039,0.0,-0.0,-0.0,0.0,-64.26959716442848,0.0,-3.8053368700347914,-0.0,0.0,-0.0,0.0,-0.0,0.0,0.0,-0.0,-0.0,-0.0,0.0,0.0,0.0,0.0,0.0,-0.0,-0.0,0.0,0.0,0.0,1115.1656288545842,-0.0,-0.0,-0.0,-0.0,0.0,0.0,0.0,-0.0,0.0,0.0,0.0,0.0,11.530179005950963,13.883362228122843,-0.0,0.0,0.0,0.0,-0.0,-0.0,-0.0,0.0,-0.0,23121.717144718008,-0.0,-17.774467808748543,0.0,0.0,-0.0,0.0,0.0,-0.0,-0.0,-0.0,0.0,0.04199152141193074
Adipose_Visceral_Omentum,-0.01454308826208205,-0.0,-0.0,-0.0,0.0,-0.0,-0.0,0.0,-0.26076825183579244,0.0,0.0,0.427351259848076,-0.0,0.0,0.0,0.0,-0.0,-0.0,-0.0,-0.0,-0.0,-0.0,0.0,0.0,-0.0,-0.0,0.030854901610458053,0.0,0.0,0.0,-0.0,-0.0,-0.0,0.0,0.0,0.0,1.049602306724344,-0.0,-0.0,-0.0,-0.9063183749340396,-1.7715172682020748,-0.12105145896521524,-0.0,-0.0,-0.0,0.0,-0.0,0.06558629081538714,0.0,-0.12127327225225208,0.0,0.0,-0.0,0.0,-0.0,-0.0,0.0,-0.0,-0.0,0.0,1.6186668579635521,0.7102445664052773,-0.0,0.7982110332518463,-0.0,0.0,-0.0,-0.0,-0.0,-0.0,-0.0,0.0,-2.4983105773552823,-0.0,0.0,-34.78553706859026,-0.0,-0.0,-0.0,-0.0,-0.0,-0.0,-0.0,-0.9040509710685563,-0.0,-2.61738827928209,-3.6938569434095263,-0.0,0.0,-0.0,0.0,0.0,-1.3426518103100635,0.0,-0.0,-0.0,-0.0,0.0,-1.8623584543035598,-7.209809204553603,-0.8289929594053616,0.0,-0.0,-42.55611806336465,0.0,0.0,-0.0,-0.0,0.0,0.0,0.0,-2.0891256287806503,-0.0,-5.317695309784063,-6.987092863324926,-0.5638214198172947,-0.0,-0.0,-0.0,-0.0,-0.0,-0.0,0.0,0.0,-0.0,-0.0,-0.0,-0.0,-1.7300692968060294,0.0,-0.0,-0.0,-0.0,-0.0,-0.0,-0.0,-0.0,-0.0,-0.0,0.0,0.0,-0.0,-0.0,-0.0,-0.0,-0.0,0.0,-0.9355662777374169,-0.0,-0.0,0.0,1365.4569720162906,0.0,-0.0,-15.014326318251774,-0.0,-0.0,33.602201786463134,4.817315250148442,-0.0,0.0,-0.0,0.0,-0.0,4.575104040758534,0.0,-0.0,-0.0,0.0,-0.0,-0.0,-0.0,-0.0,0.0,-0.0,8025.524670237219,-0.0,-0.0,-0.0,-0.0,-0.0,-0.0,-0.0,-0.0,-0.0,-0.0,0.0,0.03267415601304835
Adrenal_Gland,-0.008156939238146326,-0.01719413468426173,0.019902365557872843,0.0798149842468429,-0.17476664482970633,-0.15393399374045602,0.6307710369669072,-1.271190108164051,-0.38295644233218246,0.35016544937847266,-0.8153215920404964,-0.05777525725281284,0.7085072340351709,0.0,-0.3871910194173659,-0.38352128105402916,-1.5445967001706475,-1.8939340546055456,0.27808468695332184,-0.44547960416848464,2.288180842799378,1.0044352400556746,-1.5908999656630864,-0.46153301543292186,-0.5395295739665005,-0.6584650863324074,-0.4613859733833409,-1.946968825156971,0.4186631963773782,0.5041025578846439,1.2901140599961134,-1.1413616106900344,-0.6040434431998011,-0.11052253986698256,-0.0,1.2923564643587713,0.06834006964861386,2.518806515758132,0.09085754211892423,-0.6495531558080061,-0.29476180650822303,-0.12953334199523855,0.1372758988593922,0.37364635613029135,1.1747223339850144,0.0,1.487735294037149,0.21485782632600145,-1.035883033047224,-0.1671274383482702,-0.19760828644882392,0.7808569181136776,0.7654953500420317,1.9038251032295455,0.5627972453688673,1.3719875479848724,-1.2948299873597702,-0.9710959159906956,0.27775400453937726,-0.3285579499602732,0.24879770122997374,2.7170236494225377,-2.255676440068501,-0.0,0.8895758077326762,2.680481288220597,-0.02009711744570493,-0.0,-0.0,-0.0,-0.0,0.0,-0.0,-5.3430936329580305,-0.0,-0.0,0.0,-0.0,-0.0,-0.0,-0.0,-0.0,-0.0,-0.0,0.0,-0.0,-0.0,-0.0,-0.0,0.0,-0.0,0.0,-0.0,-0.0,-0.0,-0.0,0.0,-0.0,-0.0,-0.0,-8.846698723376749,-0.0,0.0,-0.0,-0.0,0.0,-0.0,-0.0,-0.0,-0.0,-0.0,0.0,-0.0,4.526626395029499,-0.0,0.0,0.0,-0.0,-0.0,-0.0,-0.0,-0.0,-0.0,0.0,-0.0,-0.0,-0.0,-0.0,0.0,0.0,-0.0,-0.0,0.0,0.0,-0.0,-0.0,-0.0,-0.0,0.0,-0.0,0.0,0.0,-0.0,-0.0,-0.0,0.0,-0.0,-0.0,-0.0,-0.0,0.0,-0.0,-0.0,0.0,0.0,-0.0,-0.0,2.4666081486569755,-0.0,0.0,-0.0,-0.0,-0.0,-0.0,-0.0,12.71298192417761,-0.0,-0.0,-0.0,0.0,-0.0,0.0,0.0,0.0,0.0,0.0,-0.0,0.0,-0.0,-0.0,-0.0,-0.0,-0.0,-0.0,-0.0,-0.0,-0.0,0.0,0.03624170362155277
Artery_Aorta,-0.008550314451165216,0.0,0.0,-0.0,0.0,0.0,-0.0,0.9552296942992101,0.0,-0.0,0.0,0.46384348991798013,-0.0,-0.0,-0.0,-0.0,-0.7728487377242506,-0.6172075078656343,-2.348489125876013,0.0,-0.0,-0.0,-0.0,0.0,0.0,-1.6550664365431398,0.6895368184667943,0.0,0.0,1.2119021962058822,0.2735719727519951,-0.0,-0.0,0.0,-0.0,-0.0,-0.0,-0.0,-0.0,0.2883108126309209,0.0,0.4340879852886975,-0.7113959857809355,-0.0,-0.0,-1.0863029039376668,-0.0,0.0,0.0,0.0,-0.0,0.0,0.33100065172060894,-0.0,0.0,0.0,-0.0,-0.31873775582342057,-0.0,-0.0,-0.23099561831215146,0.2626898383576433,0.15213558468479493,-2.339488592150439,0.6853134378292726,-0.1669313141979734,-0.8297735165915572,0.0,-0.0,0.0,-0.0,-0.0,0.0,-0.0,0.0,0.0,0.0,0.0,0.0,-0.0,-0.0,-0.0,0.0,-0.0,-0.0,-0.0,0.0,-6.950001815430838,-0.0,-0.0,0.0,0.0,-0.0,-0.0,0.0,-0.0,-0.0,-0.0,0.0,-0.0,0.0,-0.0,74.33450136421331,-0.0,-27.013260490217846,-0.0,0.0,0.0,-0.0,-0.0,-0.0,0.0,-0.0,0.0,-0.0,-0.0,-0.0,0.0,-0.0,-0.0,-0.0,0.0,0.0,0.0,0.0,0.0,0.0,-0.0,-0.0,-0.0,0.0,-0.0,-0.0,0.0,-0.0,-0.0,-0.0,-0.0,0.0,-0.0,0.0,0.0,-0.0,-0.0,-0.0,-0.0,0.0,0.0,-0.0,-0.0,0.0,13.603538615274852,0.0,0.0,0.0,0.0,0.0,0.0,-0.0,-0.0,-24.1588290700672,0.0,-0.0,0.0,0.0,36.74946267421354,0.8646680823086935,0.0,-0.0,-0.0,-0.0,0.0,-0.0,-0.0,0.0,-0.0,-0.0,-0.0,0.0,-0.0,0.0,-0.0,-0.0,0.0,-0.0,-0.0,0.0,0.0,0.016421657256876054
Artery_Coronary,0.0,0.0,0.0,0.0,0.0,0.0,0.5504117799659626,2.082928937920054,0.0,0.0,0.27454365138601516,1.3505757047108182,0.0,0.0,0.0,0.0,0.0,0.0,0.0,0.0,0.0,0.0,0.0,0.199111350196372,0.18572521603462153,0.0,0.8644062603308343,0.0931894344486052,0.46047152316738504,1.3448444601839213,0.27931181843184005,0.0,0.0,0.0,0.0,0.0,0.0,0.0,0.0,0.7938266473062512,0.0,0.865577951639918,0.0,0.0,0.0,0.0,0.0,0.0,0.0,0.0,0.0,0.0,0.0,0.0,0.14275528595219625,0.0,0.0,0.0,0.0,0.0,0.0,0.21239076055571326,0.0,0.0,1.746433919396493,0.0,0.0,0.0,0.0,0.0,0.0,0.0,0.0,0.0,0.0,0.0,0.0,0.0,0.0,0.0,0.0,0.0,0.0,0.0,0.0,0.0,0.0,0.0,0.0,0.0,0.0,0.0,0.0,0.0,0.0,0.0,0.0,0.0,0.0,0.0,0.0,0.0,0.0,0.0,0.0,0.0,0.0,0.0,0.0,0.0,0.0,0.0,0.0,0.0,0.0,0.0,0.0,0.0,0.0,0.0,0.0,0.0,0.0,0.0,0.0,0.0,0.0,0.0,0.0,0.0,0.0,0.0,0.0,0.0,0.0,0.0,0.0,0.0,0.0,0.0,0.0,0.0,0.0,0.0,0.0,0.0,0.0,0.0,0.0,0.0,0.0,0.0,0.0,0.0,0.0,0.0,0.0,0.0,0.0,0.0,0.0,0.0,0.0,0.0,0.0,22.06690029469224,0.0,0.0,0.0,0.0,0.0,0.0,0.0,0.0,0.0,0.0,0.0,0.0,0.0,0.0,0.0,0.0,0.0,0.0,0.0,0.0,0.0,0.0,0.007986526404249905
Artery_Tibial,0.0,-0.0,0.0,0.10038694334208867,0.0,-0.06672690486142847,0.020608737280435163,1.332455971046579,0.41814763037408065,-0.0,0.0,-0.0,-0.5642590733154755,-0.0,-0.0,-0.06636347579399941,-2.016129617156421,-0.0,-2.46654193063007,-0.0,-0.0,-0.0,-0.1700256117754538,0.6036542932578756,1.032420571572081,-1.3293012618259463,0.0,0.5865220609516021,0.0,0.699679272734941,3.239609368510542,0.0,0.4662910072948318,0.9994596412823294,-1.7702812446248166,-0.0,-1.1034302821519073,-0.0,0.0,0.933337783250616,0.0,1.4356822743443551,-0.11004732804497476,0.0,0.0,-0.0,-0.7555423879446138,0.0,-0.0,-0.0,-0.0,-0.5953956400841158,0.0,-0.0,-0.0,0.0,1.0655233129245938,-0.25538867191894893,0.42512587452940964,-0.0,-0.9910774032818201,-0.8130363674417922,0.0,-0.5054292474286801,0.0,-0.0,-1.067487403813688,10.543058818954949,-0.0,0.0,-0.0,-0.0,0.0,2.3191235848869556,0.0,-0.0,-0.0,0.0,5.92863933097127,-22.49655098271157,-0.0,-0.0,8.336474314961778,0.0,-0.0,0.0,14.767511080377771,-0.0,-0.0,-0.0,-0.0,-0.0,0.0,-0.0,0.0,0.0,-0.0,0.0,173.85582124213855,0.0,1.958587242708561,0.0,29.45140366539451,-0.0,-41.35647763652169,-0.0,28.669362850027767,1.0147465174597687,-0.0,0.0,-0.0,14.328968872485671,-0.0,0.0,0.0,-0.0,0.0,8.956023817729685,-17.30243073576405,-0.0,-0.0,0.0,0.0,-0.0,0.0,76.34041806339248,0.0,-0.0,-0.0,-37.948253656148395,0.0,-0.0,-12.943332346596153,0.0,-0.0,-0.0,0.0,-0.0,0.0,-0.0,-0.0,-0.0,0.0,0.0,-0.0,-40.00357999243916,23.286408276752947,0.0,0.0,0.0,0.0,-0.0,0.0,-31.120022019678256,-6.662428021153997,28.873378791888154,-0.0,0.0,-0.0,0.0,-48.91210658683009,0.0,0.0,0.9219878818549321,0.0,14.645778612057374,0.0,-0.0,-0.0,-0.0,-0.0,0.0,0.0,0.0,24.960996704408483,-31.655957290213138,-0.0,-0.0,-0.4490913329214811,0.0,11.069586301805519,-0.0,0.0,3.1300436053796146,-0.0,-4.704504389527529,0.0,0.0,0.01589622050659245
Brain_Amygdala,0.07037212836809557,0.0,-0.05213853860063953,0.1295519569745349,-0.0,-0.21764593376043953,-0.0,-0.0,1.466473288267163,0.0,-0.0,-0.828327472558723,1.730922351873344,-0.25106532293342904,-0.4352318250195222,-0.6904808313562225,-0.0,0.873442566958022,0.2154700695051359,2.4070416616475563,0.0,1.5224726317090747,-1.711928405951725,-2.85490466056283,-0.26177254853621895,0.0,-0.0,-0.0,1.814946740421527,-0.7063678728908213,-0.14315822226956076,0.42044143347396057,-0.0,-1.5372512974765944,-2.523730580887261,-2.663564966785816,-0.9733786342586985,-0.0,1.133883739478782,1.4818579564662149,0.4717635864607379,2.348792389057538,3.683805018548915,-0.0,1.4307494775442402,0.32622295110258737,0.0,-0.7690490168766848,-0.0,0.0,1.703202143126227,-0.3776277612062155,-0.0,0.0,0.0,1.785912612234153,0.0,0.0,0.0,-0.0,0.0,-0.0,-2.095522662579034,0.0,-0.0,-0.0,1.176729802346913,-30.776943964347026,-0.0,0.0,0.0,0.0,-0.0,0.0,0.0,-0.0,0.0,-0.0,-92.27868503336344,-0.0,246.6548341050403,0.0,-0.0,-0.0,-0.0,-114.90520239684274,0.0,7.201893474591411,-0.0,-282.6077047193956,0.0,-36.96764082982216,0.0,-0.0,-0.0,-4.624469052430757,-0.0,0.0,-0.0,-0.0,-0.41143926258195723,-0.0,-14.381684594827657,69.02504337610803,18.1099662848685,0.0,0.0,3.8578226080501654,-0.0,0.0,-0.0,-0.0,0.0,-12.662504850306542,0.0,0.0,-0.0,-4.236653729821787,0.0,-0.0,62.53374396430596,0.0,0.0,-9.03808971723397,-32.4878187150651,-0.0,0.0,-0.0,-0.0,0.0,-0.0,31.421916426602458,32.24243746931107,0.0,5.401923055922131,0.0,90.84850769470901,-0.0,-7.802132094906212,0.0,-0.0,-0.0,0.0,0.0,0.0,-0.0,-0.0,-0.0,0.056087885736680776,0.0,0.0,-20.20255569930735,-3115.4207856855874,1.8659046450192056,0.0,0.36505999561133473,1.0882423023753311,0.0,-19.02732904091976,0.0,-0.0,0.0,0.0,-20.22239296486436,-0.0,-13.957660332903467,-0.0,0.0,132.8525197292824,-3374.10279888583,-0.0,15.933361250497207,0.0,-53.41615947162191,-0.0,-0.0,-1555.043908909645,-0.0,33.07800797629432,0.0,-23.969155276024143,-0.0,0.0,0.0,285.87577841670026,26.38159494277962,0.0,0.0,0.06299921953394116
Brain_Anterior_cingulate_cortex_BA24,0.07499295535117925,0.0,-0.048959635819416245,0.14381970376326858,-0.0,-0.18741889577709434,-0.0,-0.0,1.1700868169898806,0.14332181844190411,-0.0,-1.6331975609358154,1.7787704802717772,-1.6634422757436278,-2.188311676132628,-0.8043489683221117,-0.0,0.0,0.7020832238163668,2.7123253498641127,0.018499426568508837,1.5598014704946446,-2.626403956225329,-2.734465349493909,-0.013132836871880944,0.0,-1.2244866913929093,-0.0,1.3240197700431602,-1.2620292350491125,-0.0,0.0,-0.42789098387325747,-1.1762799517613605,-2.3069149590571674,-3.6372801170322493,-2.1654083186528594,-0.0,0.4863369713322162,1.4434210855922474,0.13280509561064024,2.591980137711864,3.720506760842081,0.0,1.7317223845737464,0.005674857653848916,0.0,-0.8711491633115773,-0.5330450263227156,0.0,1.4575535252222416,-0.7536186451824785,0.0,0.0,-0.0,1.863603584193524,-0.0,0.0,1.4495021965822692,0.0,0.0,-0.8561945200889814,-2.5952055958579656,0.903599320406271,-0.6885308197372381,0.0,1.7513114563302843,-56.957580586042894,-0.0,0.0,0.0,0.0,-0.0,0.0,0.0,-0.0,0.0,-0.0,-0.0,-0.0,371.22356337203627,0.0,-0.0,0.0,-0.0,-104.06494130220092,14.925360607027578,0.0,-0.0,-0.0,0.0,-0.0,0.0,-0.0,0.0,-13.710382351908352,0.0,0.0,-6.485187942764942,-0.0,-0.0,-0.0,-54.22956815990082,97.78966302523777,19.515632883290085,0.0,0.0,2.269386910871611,-10.803440681188217,0.0,-0.0,-138.03929324582015,0.0,-4.196964665073817,0.0,11.16032374282325,-0.0,-0.0,0.0,0.0,46.81594615825026,0.0,52.46252735235179,-21.008013017289972,-21.215494756104693,-0.0,0.0,0.0,0.0,102.3728399733076,-0.0,7.578987990350591,45.20284542163966,-0.0,0.0,-0.0,130.66133076694484,-0.0,-0.0,0.0,-12.76688789060557,-0.0,0.0,0.0,0.0,0.0,-0.0,-0.0,0.0,-0.0,0.0,-0.6170812918396451,-1629.8076599167,0.0,0.0,0.0,3.6384845310357536,-0.0,-47.02996471165941,0.0,-0.0,0.0,-0.0,-17.35601223728354,-0.0,-19.07743499647283,0.0,-0.0,35.61535856148738,-3312.405043938744,0.0,3.8873296474693415,8.736670306391586,-38.37511882729563,-0.0,-0.0,-622.6620099354275,-0.0,4.735708109254827,-0.0,-2.735908012091873,-0.0,0.0,0.0,191.18795695308623,30.828505553437545,0.0,0.0,0.06100710379465735
Brain_Caudate_basal_ganglia,0.06004215104466882,0.0,-0.030162122396550573,0.08017124168257903,-0.0,-0.19450029016824033,-0.0,-0.0,0.14075054575516463,0.1105661079270062,0.0,-0.3294512370721128,0.7617153867722954,-0.0,-0.0,-0.44801496327752693,0.0,0.0,0.05778679231016494,1.000185417388841,0.0,1.50936108896411,-1.8098357021230205,-2.2256742620792997,-0.0,0.0,-1.277944091988587,-0.3497232867408261,0.0,-0.6114222227700914,-0.0,-0.0,-0.0,-2.302399888739171,-0.5570135811778171,-3.0786679013732887,-0.9988342028794093,-0.0,0.2568749606999336,0.7919993624427594,0.44065385052958,1.4332520135454219,2.5374982093374245,-0.0,1.4862465777228098,0.47365755328940196,0.3593826306512453,-0.8411733159528966,-0.0,-0.0,2.0651478851806027,-1.0237163292636786,0.0,0.0,-0.0,2.1819342924917113,-0.0,0.0,1.0383350516477146,-0.0,0.24233822824611922,-0.14554883650602848,-1.33626503328414,-0.0,-0.10479755801993638,-0.0,0.94491172335579,-0.0,-0.0,0.0,-0.0,0.0,-0.0,0.0,-0.0,-0.0,0.0,-0.0,-484.8326015674868,-0.0,391.41860542659305,0.0,0.0,-0.0,-0.0,-0.0,0.0,0.0,-0.0,-267.41776301275496,0.0,-38.512774783274324,0.0,0.0,0.0,-0.0,-0.0,0.0,-0.0,0.0,-0.0,-0.0,-0.0,0.0,38.357800309380416,0.0,-0.0,1.837901303281652,-0.0,0.0,-0.0,-0.0,0.0,-0.0,0.0,0.0,-0.3129768503961236,-10.049549480172209,0.0,-0.0,12.054929214087785,0.0,0.0,-5.786778809381265,-23.66297187639794,-0.0,0.0,0.0,-0.0,2.408275975653718,-0.0,19.30284543794853,26.259368577783402,-0.0,0.0,-0.0,47.39701150661663,-0.0,-0.0,0.0,-0.0,-0.0,0.0,0.0,0.0,0.0,-0.0,-6.864204143122641,0.0,-0.0,-0.0,-0.04256049031160848,-1049.7607312907378,-0.0,0.0,0.0,2.0348401568117422,0.0,-10.159264000214966,0.0,0.0,-0.0,0.0,-16.429076673907336,-0.0,-2.751398974809271,-0.0,0.0,0.0,-3116.3031161987356,0.0,17.108899322995217,0.0,-3.627430433059736,-0.0,-0.0,-0.0,-0.0,22.78207282099129,-0.0,-11.076461985268542,-0.0,0.0,0.0,127.9848387784413,0.0,0.0,0.0,0.06205470363499699
Brain_Cerebellar_Hemisphere,0.09028550352016083,0.015075508971855466,0.04221627009092308,-0.31998096341194443,0.0,-0.6831032862371352,-1.251506431115356,0.0,0.06009719647184479,0.3540653201540898,-0.43222806937677866,-0.4718126818596453,0.1355613950015614,-2.6104422828308675,-0.10185353018265268,1.5079327987414157,2.2599392108849936,0.5125134902440075,-0.0,0.9411560950560818,-1.390461985076912,-0.10718943998209804,-0.7368553999514479,1.4760009611128497,-0.5349106271428772,4.480191992890898,-2.6515493128177523,-0.4869152539091577,-0.0,-0.6028550366209341,-1.013912106440355,-1.4011817113600264,0.5157435722446475,-0.2838031023590794,0.45886240378139875,-0.4536362550054122,-0.9708596901763789,-2.415307077963256,0.5731557042523653,0.04900513500957913,1.1995608765442627,-0.33414051656355936,1.8594286313663477,0.0,0.07728714321255313,0.8830103592859113,3.3368304797024173,-1.851546573108489,-1.8641916380863117,0.21254731369844032,0.0,0.3101079722441478,-0.35919386290204897,-2.104639454858944,0.5025773684641354,-0.713646867658615,-0.0,0.569008630315457,2.907663785138342,3.155757725539401,-0.0,-2.164958933451094,0.143833448149799,-0.23006566032543777,-2.5902889567804293,1.7340508907705248,0.05538748891484978,-0.0,-0.0,-0.0,0.0,0.0,0.0,0.0,-0.0,0.0,0.0,-0.0,0.0,0.0,0.0,0.0,0.0,-0.0,-0.0,0.0,0.0,0.0,-0.0,0.0,0.0,0.0,0.0,31.349437680257324,-0.0,0.0,0.0,0.0,-0.0,0.0,0.9960737161873164,0.0,-0.0,0.0,36.10154448765876,-0.0,-0.0,0.0,-0.0,-0.0,0.0,0.0,-0.0,-0.0,0.0,0.0,-0.0,-0.0,0.0,0.0,0.0,-0.0,0.0,-0.0,13.76074733739142,0.0,-0.0,0.0,0.0,0.0,-0.0,-0.0,0.0,0.0,0.0,0.0,0.0,-0.0,0.0,0.0,0.0,-0.0,-0.0,0.0,0.0,0.0,-0.0,-0.0,0.0,-0.0,-0.0,-0.0,0.0,-0.0,0.0,-0.0,0.0,-13.412894417823502,-0.0,-0.0,0.0,-0.0,0.0,-0.0,-0.0,-35.05631554195726,-0.0,-0.0,0.0,-0.0,-0.0,-0.0,-0.0,0.0,-0.0,0.0,-0.0,0.0,-0.0,0.0,0.0,0.0,-0.0,-0.0,0.0,0.0,0.0,0.0,0.09439535206584893
Brain_Cerebellum,0.04047607777128131,0.007217482496653705,0.029114346042693712,-0.23636245151238877,0.0,0.0,-0.0,0.5377316552053045,0.0,-0.0,-0.0,0.0,0.0,-0.0,0.0,1.4420779138588804,2.2922806968017544,-0.0,-0.0,0.0,-1.101528742569194,-0.3999952361643873,0.0,0.9913427724154682,-0.0,2.533905414073015,-0.21994514725344458,0.0,0.0,-0.0,-0.3576534343787792,-0.0,0.0,0.0,0.0,0.0,-0.0,-1.2854559357579824,0.0,0.0,0.8053453531853497,-0.883807223492067,0.3068263989597608,0.4857665268098848,-0.3170999732666052,0.8413832608547873,1.438540021298891,-0.21438052607207125,-0.644061142150495,0.0,-0.0,0.9750404284069776,-0.0,-1.2858112980704433,-0.0,-1.478024485755043,-0.0,1.2254109684739418,0.49261075525658776,1.6609070119094342,0.0,-1.9420794226782843,0.19741305340255794,-2.381119883494161,-0.1768887914625365,0.8119625708769499,-0.0,-0.0,-0.0,-0.0,0.0,0.0,0.0,-0.0,0.0,0.0,-0.0,-0.0,131.58469848784276,44.349609524322425,0.0,15.466517592758736,0.0,-0.0,0.0,0.0,0.0,0.0,-0.0,0.0,0.7643216549402302,15.598415950053163,0.0,49.336221601152374,-0.0,1.0553331570329945,0.0,0.0,-0.0,0.0,0.0,0.0,-133.12658947882755,0.0037398378417830896,25.53375798469689,-41.32131205867671,-21.23230276787696,0.0,-0.0,-0.0,-0.0,0.0,-6.215611991464664,-17.855879422055278,0.0,27.62561622475642,-0.0,-0.0,0.0,0.0,3.4161460207894265,-0.0,118.900283292312,-0.0,12.437799263926268,0.0,-0.0,0.0,0.0,226.18475351333817,-0.0,-0.0,-0.0,-41.06439323242209,-0.0,0.0,0.0,-0.0,0.0,16.824849513017273,0.0,-9.854828197312925,-0.0,1.8427327508579878,0.0,98.88923278402886,-0.0,-20.361544780811897,0.0,-17.319134099660612,-0.0,-0.0,0.0,-38.597844218383734,18.484376672554983,-14.5987034260096,0.0,-11.62415599583192,-20.51031209983925,-0.0,50.049934490510665,-0.0,0.0,-0.0,0.0,-50.33541342656423,-0.0,-0.0,217.09878213171365,-0.0,0.0,-16.255233566663637,-0.0,0.0,-0.0,0.0,-5718.892178705893,0.0,-30.762569873335856,0.0,0.8041098038283995,41.54200713605076,-0.0,-0.0,727.8987385960426,0.0,-0.0,0.0,0.034210427334091964
Brain_Cortex,0.06577322782863651,0.0005646763844989051,-0.018767433122846858,0.10120396247206684,-0.0,0.013222045899444266,-0.0,0.0,1.0852892640444352,0.0,-0.4152771402012059,-0.25040452815190245,4.021292007998123,-0.9873256662770865,-1.9439229226861277,-0.2842644312305271,0.0,0.0,0.0,2.900391118765124,0.40071936099420186,0.0,-2.7537361808285477,-1.3084649807573963,-0.0,0.7345213196485261,-0.9734551670888557,0.0,1.5253004057772535,-0.0,0.0,-0.0,-0.0,-1.10253396633972,-0.4151594204500265,-2.7560009939221115,-1.4646762951559487,-0.0,0.4545649380449774,1.8781370555586754,0.7038128626127741,1.3619506050961672,3.2710253753224783,0.0,0.0,0.8310877070803779,0.0,-0.30788431291510027,-0.4698603076026086,-0.0,0.0,-0.0,0.0,0.0,-0.0,0.0,-0.0,0.0,2.657614315001474,-0.0,-0.5032293283533136,-1.4696979132836354,-2.2765466055741066,0.0,-0.463442474349369,0.0,0.0,-58.30423268061855,-0.0,0.0,0.0,0.0,-0.0,-0.0,0.0,0.0,-0.0,0.0,-0.0,-0.0,372.3453919143395,3.902918461879542,0.0,-0.0,-0.0,-87.09832812413175,0.0,-0.0,0.0,-0.0,0.0,-0.0,0.0,0.0,-0.0,-0.0,0.0,0.0,-9.865157156374746,-0.0,-0.0,-8.613552641557305,-144.03421266896015,17.62441233392909,12.278036135792252,0.0,-0.0,0.0,-0.0,0.0,-16.6299658135203,-167.2469528233717,-0.0,-0.0,0.0,22.15784765473692,-0.0,-0.0,0.0,0.0,36.70964819639071,-3.4818677121421606,99.65213334175793,-20.775210419613632,-10.666054447710259,-0.0,-0.0,0.0,0.0,65.42130136988271,0.0,0.0,34.00280335811713,-0.0,-0.0,0.0,114.9202601043083,0.0,-0.0,0.0,-0.0,-0.0,0.0,-0.0,0.0,0.0,-0.0,-0.0,0.0,-0.0,-0.0,-6.506741776578813,-1425.2017561679475,-0.0,0.0,-0.0,2.3006350430327687,-0.9716021652901566,-73.38649465675094,-0.0,0.0,0.0,-0.0,-0.9176198217732635,0.0,-35.8852719153667,0.0,-0.0,90.98218143171721,-2761.1494439871585,8.393737683958499,0.0,20.218314854330178,-0.0,-0.0,-4.799661628212384,-0.0,-0.0,0.0,0.0,-5.497262264879227,-0.0,0.0,-0.0,21.92740617827165,6.785270998751666,0.0,0.0,0.03432519833131953
Brain_Frontal_Cortex_BA9,0.10381524519849387,0.003459021854740655,-0.039148912804081205,0.22407865649440029,-0.023865332797449425,-0.40015205948225785,-1.300217472593019,0.09137671909864042,1.6858809137400241,1.2051757438021249,-0.6176703635768325,-1.5851207248378427,2.879139882927597,-2.5185338209325696,-3.580724892280928,-1.2470694110470262,0.12013753642206668,1.4821585920170675,0.0,3.7492547391989604,1.1280444019525575,0.6081526258465317,-4.178029492673526,-3.020609797458186,-0.5323727668537527,1.7409792699071678,-2.044782581979747,-0.6615098276463313,2.7243984615136303,-0.766845227043343,0.8613699457108998,-0.0,-1.3932505048595527,-2.881004307610769,-3.7781726793052655,-3.338497418926987,-2.627843975044046,-0.9174352712492848,1.1239471135105712,2.4587406869219177,1.1846358106893766,2.6989322524652133,3.929418442126989,0.47491803950824796,2.3483001091620435,1.104672804689801,1.291037669900296,-1.8045080601744414,-2.8153222916282385,0.6046402951336192,3.336660848304704,-1.0890019679982537,-0.0,-0.0,-0.18978338879245227,2.600704584989485,0.41200856437071065,0.3414781869655854,3.2257172468515773,-0.4966333580135894,0.12907311980714,-1.3907699515888554,-3.6647056677656873,0.808856693428181,-1.7658415146441595,0.07429076604687909,1.97762349290204,-0.0,-0.0,0.0,-0.0,0.0,-0.0,3.710808767273027,-0.0,-0.0,0.0,-0.0,-0.0,-0.0,0.0,0.0,-0.0,-0.0,-0.0,-0.0,0.0,0.0,0.0,-0.0,0.0,-0.0,0.0,0.0,-0.0,-0.0,0.0,0.0,-0.0,0.0,-0.0,-0.0,0.0,0.0,0.0,0.0,0.0,0.0,-0.0,0.0,-0.0,-0.0,0.0,-0.0,0.0,20.341919562737385,-5.205548300221953,-0.0,0.0,0.0,0.0,-0.0,0.0,-22.342406671338903,-4.40978929397506,0.0,0.0,0.0,0.0,0.0,-0.0,0.0,0.0,0.0,0.0,-0.0,0.0,0.0,0.0,0.0,-0.0,-0.0,-0.0,0.0,0.0,0.0,-0.0,-0.0,-0.0,-0.0,0.0,-0.0,-0.0,-0.0,0.0,-0.0,0.8707144596705426,0.0,-0.0,-0.0,-0.0,0.0,0.0,-0.0,0.0,-9.35020630908548,0.0,-0.0,0.0,-0.0,0.0,0.9692776575506321,0.0,-0.0,0.0,-0.0,-0.0,-0.0,0.0,-0.0,-0.0,-0.0,0.0,0.0,0.0,0.0,0.0,0.0,0.08490320262843232
Brain_Hippocampus,0.06833915126381791,0.0,-0.04300228688135309,0.12993712410992805,-0.0,-0.13415721663025726,-0.0,-0.0,0.5485007567836281,0.0,-0.0,-0.16304041146850892,1.9367712102271963,-0.3155512656188043,-1.0360259489034418,-0.5799605298277045,0.0,1.0424996822268724,1.5396557790614476,2.6387244717233864,0.0,0.3778599990034907,-1.1806606306368899,-2.0769456341907317,-0.5946036556439823,0.0,-0.30310361192473484,-0.0,1.5746619082639144,-0.4595503210754263,-0.2715667623327315,0.13550234512290976,-0.0,-1.2061384868759435,-2.1154078490140757,-2.7048473954788657,-1.3327590299777978,-0.2109286964709838,0.687211634591358,1.5661386818344805,0.5006607494678224,2.667159450670797,3.4174090862944584,0.0,1.8906317015720762,0.0,0.0,-0.9578321592162437,-0.0,-0.0,2.8214218519296095,-1.3695931751596213,0.0,0.0,-0.0,0.8585757704601029,-0.0,0.0,0.0,0.0,0.0,-0.1982280836560375,-2.2069507737324208,0.0,-0.0,-0.0,1.2200062592382683,-28.914543450516625,-0.0,0.0,0.0,0.0,-0.0,0.0,0.0,-0.0,0.0,-0.0,-0.0,-0.0,316.38987180152867,0.0,0.0,0.0,-0.0,-169.695667746321,1.1711956126875358,4.323267425751792,-0.0,-1014.8554024732535,0.0,-30.81826551365586,0.0,0.0,0.0,-3.866430672170605,-0.0,0.0,-0.0,-0.0,-0.0,-0.0,-0.0,55.36559814170256,25.417608092742345,0.0,-0.0,6.382819403642737,-0.0,0.0,0.0,-0.0,0.0,-6.536561921153323,0.0,0.0,-0.0,-13.181212538428776,0.0,-0.0,56.98620225143976,-0.0,1.8520530169732747,-13.356755307610985,-23.546275013814856,-0.0,0.0,0.0,-0.0,0.0,-0.0,17.166309567206568,21.233449279385248,-0.0,0.0,0.0,87.86128886578538,-0.0,-0.0,0.0,-0.0,-0.0,0.0,0.0,0.0,0.0,-0.0,-0.0,0.0,-0.0,-0.0,-2.109260479321774,-2785.989447038147,0.0,0.0,0.0,2.876751807501524,-0.0,-8.257542987883754,-0.0,-0.0,0.0,0.0,-17.369638259572284,-0.0,-14.764820426080398,-3.862880222413321,0.0,17.26292487177232,-3454.4690315290877,-0.0,12.208503288990245,0.0,-43.63721743225721,-0.4707210641710332,-0.0,-0.0,-0.0,23.592578575832547,0.0,-24.736320728922898,-0.0,0.0,0.0,328.899960432218,15.889917477496567,0.0,0.0,0.06254248752125957
Brain_Hypothalamus,0.07118784188567284,0.0012918046961378704,-0.06760286040686113,0.12010277844958217,-0.5103727325590335,-0.44497240990496795,-1.6447260842672144,-0.2576266841101428,0.48785829266772734,1.0099370539019359,-1.205914829558694,-0.8241196815571245,0.0,-3.260565823032825,-1.9594177915345061,-1.9225155742072522,0.7406413709648335,2.2821895151875484,0.46638947493803207,1.2369075575278088,0.0,-0.0,-3.3902411146222913,-3.5403190644369467,-0.3974122841715554,0.27854664585506095,-1.7208886141456645,0.08961921569325199,2.030687991101202,-1.8955191862008594,-1.3405403204206,0.893242258565443,-2.3646954463435654,-1.5216488663631749,-4.171585749896084,-2.9467667583851838,-1.0421275207363805,-0.760806723490694,1.377714747188064,0.6819333972309736,1.395547814270832,1.9791621931696939,3.8219930794599293,0.37152467620312524,2.094681111066855,1.3013393581142256,1.1005897884520457,-0.9344623975894043,-0.0,-0.15924990102543085,4.479762844156694,-2.2234761202384723,0.7255289849532905,0.22011661432667193,-0.20586728436427074,2.4842817392406213,-0.5120033189142195,0.2969781133015899,-0.0,0.5308609821274438,2.479811129854807,-1.0349726750957682,-2.9179222078326896,0.35477567457799863,-0.40835407071262,-0.3789251414051725,2.954654304814767,-0.0,-0.0,-0.0,0.0,0.0,-0.0,0.0,-0.0,-0.0,0.0,-0.0,-0.0,0.0,0.0,0.0,0.0,0.0,0.0,-0.0,0.0,0.0,-0.0,-0.0,0.0,-0.0,0.0,0.0,-0.0,-0.0,0.0,0.0,-0.0,0.0,-0.0,0.0,-0.0,0.0,0.0,0.0,-0.0,0.0,-0.0,0.0,-0.0,-0.0,0.0,-0.0,0.0,0.0,-0.0,-0.0,0.0,-0.0,0.0,-0.0,0.0,-11.414164653913497,-10.931102116341695,0.0,0.0,0.0,-0.0,0.0,-0.0,0.0,0.0,0.0,0.0,0.0,0.0,-0.0,-0.0,0.0,-0.0,-0.0,-0.0,0.0,0.0,0.0,-0.0,-0.0,0.0,-0.0,-0.0,-0.0,-0.0,0.0,0.0,0.0,1.2860300127606494,-0.0,-0.0,0.0,0.0,-0.0,0.0,-0.0,-0.0,-0.0,-0.0,0.0,0.0,-0.0,-0.0,0.0,0.0,-0.0,-0.0,-0.0,-0.0,-0.0,0.0,-0.0,-0.0,0.0,0.0,-0.0,0.0,0.0,0.0,0.0,0.07095870357197964
Brain_Nucleus_accumbens_basal_ganglia,0.06807167530842903,0.0,-0.04029909893158063,0.033500469220565626,-0.0,-0.28222476264948654,-0.0,-0.0,0.7439603631196448,0.6295980572698023,-0.140469090357136,-0.006052187164852357,0.9285061697470256,-0.0,-0.002713930333084135,-0.7935104975643653,0.0,0.0,0.5612132968868543,1.5067551045788563,0.0,1.96010321145369,-2.3994402937520225,-2.7304888726119296,-0.0,0.0,-0.9861160372957063,-0.0,1.12722063190902,-1.3117745708966206,-0.0,0.0,-0.0,-1.0242877491074216,-2.013161433986603,-3.327425660025972,-0.9599427307629067,-0.0,0.5298255218495161,0.31085692949513827,0.3224223008510471,1.980880648251279,2.843852536870832,0.0,1.0043431822069426,0.0,0.0,-0.7122634745417172,-0.0,-0.0,1.0455810819424975,-0.3266309438151927,0.0,0.0,-0.0,0.9245928487668598,-0.0,0.0,0.6526929302548201,-0.0,0.0,-0.19228339697338295,-1.9640602152544595,0.0,-0.8668695832621081,-0.0,1.245175392543644,-3.443269202217723,-0.0,-0.0,-0.0,0.0,-0.0,0.0,-0.0,-0.7529837157486878,0.0,-0.0,-0.0,-0.0,369.9979811736243,0.0,-0.0,-0.0,-0.0,-0.0,0.0,0.0,-0.0,-0.0,0.0,-4.815923105397003,0.0,-0.0,0.0,-0.0,-0.0,0.0,-4.697534525237586,-0.0,-0.0,-0.0,-0.0,57.826227623701605,39.96188643471266,0.0,-0.0,0.0,-0.0,-0.0,-0.0,-54.82158455387113,0.0,-0.0,0.0,0.9192106024108703,-3.3950763518933784,-5.303101536273389,0.0,-0.0,0.0,0.0,0.0,-2.6221646968959047,-21.324730012283542,-0.0,-0.0,0.0,-0.0,80.46811964536184,-0.0,41.37754410607997,46.08162238596284,0.0,0.0,0.0,90.04985783904196,-0.0,-0.0,-0.0,-6.291847089822608,-0.0,0.0,0.0,0.0,-0.0,-0.0,-0.9588791210148082,0.0,-0.0,-0.0,-10.64568814061894,-939.4033413438143,0.0,-0.0,0.0,1.0568939579692676,0.0,-80.04033750174582,0.0,-0.0,-0.0,-0.0,-32.92036085164433,-0.0,-6.60885040523325,-5.812980962742138,-0.0,0.0,-2560.4691812933133,0.0,22.298338975030344,0.0,-0.0,-0.0,-0.0,-0.0,-0.0,7.019120339083056,-0.0,-9.607879786126906,-0.0,0.0,0.0,189.30440782393393,0.0,0.0,0.0,0.0654466596338934
Brain_Putamen_basal_ganglia,0.055770298085845556,0.0,-0.03975317100815795,0.1802680296409846,-0.0,-0.05635100800657628,-0.17825588471145845,0.0,0.880071752289744,0.0,-0.0,-0.8337561964569752,1.4780099561122229,-1.1030059546167332,-0.9691760642876347,-1.123713178862314,0.0,0.0463521959140359,0.7865493563870073,1.2551432574557801,0.0,2.4937926685711216,-2.053274666033082,-2.5352656932353255,-0.1601237108228776,-0.0,-0.352454606945869,-0.6026282764102231,0.4472655242853317,-0.9366106968179035,-0.0,0.0,-0.0,-1.3648947796584512,-1.3324690077914916,-3.408120135877481,-1.6699217122327332,-0.0,0.0,0.5424130324919673,0.39408844571969304,1.6455393242697396,2.3181987355170537,0.0,1.6988465167055182,0.7238670587659277,0.0,-0.7670636058675607,-0.0,-0.0,0.3683851946998922,-0.8629102608520032,0.0,0.19109362905059507,0.0,1.9746162385866617,-0.0,0.0,0.024800920949553742,-0.0,0.2867014430366923,-0.0,-2.2212575862825057,-0.0,-0.0,-0.0,1.258379995244873,-24.97816188228134,-0.0,-0.0,-0.0,0.0,-0.0,0.0,-0.0,-0.0,0.0,-0.0,-0.0,-0.0,486.52107667641513,-0.0,0.0,-0.0,-0.0,-0.0,0.0,0.0,-0.0,-1255.4890626103818,0.0,-43.39197915886811,0.0,0.0,0.0,-0.0,-0.0,0.0,-0.0,-0.0,-0.0,-0.0,-30.618885498424206,14.45173540631252,26.179013845892225,0.0,-0.0,0.0,-0.0,0.0,-0.0,-40.23467572492275,0.0,-6.008484178728372,0.5395423609742048,0.0,-1.0288267915270792,-7.0996769236844335,0.0,-0.0,63.35989106023967,0.0,25.894085727076565,-9.608628626928175,-25.93813939498616,-0.0,0.0,0.0,-0.0,0.0,-0.0,11.546400158017118,23.00440577575945,-0.0,0.0,0.0,97.61575534500757,-0.0,-0.0,-0.0,-0.0323686100712247,-2.7575622788493814,0.0,0.0,0.0,-0.0,-0.0,-0.0,8.245328911511514,-0.0,0.0,-12.669687204887154,-1458.7171889826893,-0.0,-0.0,0.0,1.3714976778803936,0.0,-3.677691819909961,0.0,-0.0,0.0,0.0,-21.07384842942225,-0.0,-0.0,-0.0,0.0,181.97784656756457,-4189.778623732431,0.0,5.107687342147939,3.1676648237554486,-0.0,-0.0,-53.57935709639753,-0.0,-0.0,28.473637757906175,0.0,-12.728909967523705,-0.0,-0.0,0.0,244.84584329808246,10.379506746994588,-0.0,0.0,0.045791552105262534
Brain_Spinal_cord_cervical_c_1,0.04975954586772657,0.0029154461513449595,-0.07920427257494707,0.14544117146941754,0.5426981111976363,-0.3254574322037995,-0.0,-0.0,0.10645115880639518,0.0,0.579789938007943,0.0,0.0,-0.0,-0.0,-0.0,-0.0,0.5417362463716049,0.7784521094034151,1.598621283553321,0.0,1.508592565482974,0.0,-1.5528912358739484,-0.23158505633949444,-0.0,-0.0,-0.9607895147842378,-0.0,-1.0159190034277967,-0.0,0.0,-0.0,-0.0,-0.0,-0.9963525286686531,0.0,0.0,2.0391962552970795,0.0,1.5470132760950641,1.765919821284532,2.9771335443635776,0.0,0.0,1.032081006685439,0.46574232096085927,-0.21187902217089416,0.0,-0.0,0.14129686041673806,-0.0,0.0,0.0,0.0,2.0124688333165333,-0.0,0.0,-0.0,0.0,-0.0,0.49993402863008557,-0.0,0.0,0.4395793746849377,-0.0,1.926681220626667,-0.0,-0.0,0.0,-0.0,-0.0,-0.0,-0.0,0.0,-0.0,0.0,-0.0,0.0,-0.0,0.0,-0.0,0.0,-0.0,0.0,-0.0,-0.0,0.0,-0.0,-0.0,0.0,-0.0,0.0,0.0,0.0,-0.0,0.0,0.0,-0.0,-0.0,-0.0,-0.0,-0.0,-0.0,-0.0,0.0,-0.0,0.0,-0.0,0.0,0.0,0.0,0.0,-0.0,0.0,-0.0,-0.0,-0.0,-0.0,-0.0,0.0,0.0,0.0,-0.0,-0.0,-0.0,0.0,-0.0,-0.0,0.0,-0.0,0.0,-0.0,-0.0,0.0,0.0,0.0,-0.0,-0.0,0.0,-0.0,-0.0,-0.0,0.0,0.0,0.0,-0.0,-0.0,0.0,0.0,-0.0,-0.0,0.0,0.0,-0.0,0.0,0.0,0.0,-0.0,0.0,-0.0,-0.0,0.0,-0.0,-0.0,-0.0,-0.0,0.0,0.0,-0.0,-0.0,0.0,0.0,-0.0,-0.0,-0.0,-0.0,0.0,0.0,0.0,-0.0,-0.0,-0.0,-0.0,0.0,-0.0,-0.0,0.0,0.0513228188335596
Brain_Substantia_nigra,0.06866789668993557,-0.003605380195951512,-0.059133603787293605,0.13464005961652814,0.02648227607318588,-0.4689006338935821,-1.4386412119840386,-0.28828881316028604,2.0913766615505778,0.0,0.7545021983145742,0.2261522932020865,3.2130247010751103,-1.1473962631626664,-1.5451556196813567,-1.1959778736738746,0.7269051948636505,3.508504243967264,2.07550771736209,3.1608448479316023,1.2362380756134987,1.6173141960176622,-0.9253087860124237,-1.7665580819575855,-0.5548416864306024,0.0,-1.0147839315492373,-0.6928834724896455,3.530914326005053,-0.7534627817096824,-1.6282617056307371,1.35995055727504,-0.06491569551707906,-1.6478111377434406,-4.728693832347494,-2.928894905587975,-0.3279128349268907,-0.41894083192626447,2.3822613838714206,1.1318228395773826,1.5342592401125348,2.772848784946189,3.5121872833216288,0.4151451251279792,1.2016950181794595,1.711886133138977,1.6435342499706618,-0.796441030866407,0.5373945430724659,-0.934152341453813,3.583424425756037,-0.2790371429350323,0.4593159349810233,0.2184255263346498,0.3659923428971795,3.2893754271499924,0.46858829700004706,1.392044924299441,-0.380063191564672,-0.0,1.7261626948467679,0.7501879391462588,-2.1666183947591944,1.901793563011383,0.2666873769920553,-0.39110702419719745,2.828084571247029,-0.0,-0.0,-0.0,-0.0,0.0,-0.0,-0.0,0.0,-0.0,0.0,-0.0,-0.0,-0.0,0.0,0.0,-0.0,-0.0,-0.0,-0.0,-0.0,0.0,-0.0,-0.0,0.0,-0.0,0.0,-0.0,0.0,-0.0,0.0,0.0,-0.0,-0.0,-6.397027230147823,-0.0,-0.0,0.0,0.0,0.0,-0.0,0.0,-0.0,0.0,-0.0,-0.0,0.0,-0.0,0.0,0.0,-0.0,-0.0,0.0,0.0,0.0,0.0,0.0,-8.404240511250899,-29.043145846654863,-0.0,0.0,0.0,-0.0,0.0,-0.0,0.0,0.0,0.0,0.0,0.0,0.0,0.0,-0.0,-0.0,-0.0,-0.0,0.0,0.0,0.0,0.0,-0.0,-0.0,0.0,0.0,0.0,-0.0,0.0,0.0,0.0,0.0,0.0,-0.0,-0.0,0.0,-0.0,0.0,0.0,-0.0,-0.0,-1.7602399455246744,-0.0,-0.0,0.0,-0.0,0.0,0.0,0.0,-0.0,-0.0,-0.0,-0.0,-0.0,0.0,-0.0,-0.0,-0.0,0.0,0.0,0.0,0.0,0.0,0.0,0.06466524568609011
Breast_Mammary_Tissue,-0.029447748941506563,0.009374748234470083,-0.021304065137484014,-0.08944511346307607,0.6521772684036464,0.08349600190535807,1.0954738128678483,0.34412076030771493,-0.7784300751783075,0.052949001600328754,0.03265915145591911,1.08557231468912,-3.198976273225523,0.9827068863567788,1.1548814003753591,0.2902522263698131,-1.0319788449942484,-0.0,-1.2571079149593483,-1.6786855369543356,-0.14184970033272948,-0.6358525559320006,1.5090210317468877,0.0,0.08720914937494971,-0.0,0.8283563229655339,-0.06512481725681143,-0.9524236791805638,-0.39513384381428457,-1.281136925937148,0.38276228938435247,-0.5093495044050395,0.0,0.7565613316974705,0.11054477102479207,1.154949409967679,0.7116337887583125,-0.9956635229393279,-0.3986861813843056,-0.9107705438042222,-1.9080409761855026,-1.8447998845307647,0.0,-0.9753918405781006,-1.374629997978865,-1.1871887029858754,0.0,1.4211163385545476,-0.0,-2.050869155034974,0.32129407394869103,0.07118929309709117,0.0,0.6672436456267734,-1.2110438064482372,-0.0,0.6362444444789366,0.0,0.0,0.13558793057261456,0.0,2.1419587607048394,-0.37402147431022925,0.902442084264331,-0.32971376537751645,-0.7962546293487266,0.0,0.0,-0.0,-0.0,-0.0,0.0,-0.0,0.0,0.0,-0.0,0.0,-0.0,-0.0,-0.0,-0.0,-0.0,0.0,0.0,0.0,-0.0,-0.0,0.0,0.0,-0.0,0.0,-0.0,-0.0,0.0,0.0,-0.0,-0.0,0.0,-0.0,0.0,-0.0,-0.0,-0.0,-0.0,-0.0,0.0,-0.0,0.0,0.0,0.0,-0.0,-0.0,0.0,-0.0,-0.0,0.0,0.0,-0.0,-0.0,-0.0,0.0,-0.0,2.9941681317035904,7.514355292989203,-0.0,-0.0,-0.0,-0.0,-0.0,0.0,-0.0,-0.0,-0.0,0.0,0.0,-0.0,-0.0,0.0,-0.0,-0.0,0.0,0.0,-0.0,-0.0,-0.0,0.0,-0.0,-0.0,0.0,0.0,0.0,0.0,0.0,-0.0,-0.0,-0.0,-0.0,0.0,-0.0,-0.0,0.0,-0.0,0.0,0.0,6.347001247260121,0.0,-0.0,-0.0,0.0,-0.0,-0.0,-0.0,-0.0,0.0,-0.0,0.0,-0.0,-0.0,-0.0,0.0,-0.0,-0.0,0.0,-0.0,-0.0,0.0,0.0,0.07689438182304364
Cells_EBV_transformed_lymphocytes,-0.034858390118995684,-0.009253749761112703,0.06392830497915966,-0.0,-0.0,0.0,0.800984978692697,0.0,0.08881035912300166,-0.0,-0.5232319165983601,-0.14469032219365072,0.17480599427530288,1.02248956424472,0.40525899746115296,-0.0,-1.520734767189767,-0.4470819079632251,-0.0,0.48588390133063664,0.0,0.12872383761119494,1.0124070825613958,0.0,0.11590043172169807,-0.0,1.8532010952689295,-2.025307373930752,-0.4001093745428801,0.0,0.319781795709901,-2.1731651335836815,0.3979768999851527,0.0,3.238141927306474,0.5700994244095109,-0.42548226420604035,0.2928823027147324,0.09346943088044621,-0.0,-0.0,1.5490560260650956,-0.48214504957218257,-1.2552452679829458,-0.0,1.798752266678102,-0.0,-2.640301208241499,0.0,-0.0,-0.0,0.0,-0.2620229578975927,0.0,0.8916958483041444,-2.6374982083559875,0.0,-0.0,-1.9996553820775451,-0.0,-1.3308551345632598,-2.231072560918843,-1.7583944111222591,1.0789024029198617,-0.8549669811565428,0.0,-0.0,-0.0,154.05671200153805,-0.0,0.0,0.0,-44.507604721234905,7.473865769451508,0.0,0.0,0.0,0.0,-0.0,0.0,-352.21673340745235,-0.6273154507408906,-47.39642161476595,0.0,0.0,0.0,0.0,0.0,0.0,0.0,-0.0,-321.25149981258284,-0.0,-7.187989359775724,-0.0,9.243401907455773,473.2782448506464,-73.46330053877989,-0.0,41.07705968823883,2.421495218660108,0.0,-57.16524656501788,-0.0,0.0,0.0,-0.0,0.0,0.0,0.0,0.0,0.0,-0.0,21.484152531299298,-27.60337787386477,63.34866005258965,11.983379653096849,0.0,-0.0,0.0,-2.4468303258630653,0.0,-181.22011249035705,7.606343764419843,11.688306845642657,0.0,0.0,0.0,-16.62911903105675,-781.6172415479969,-0.0,0.0,-49.646027723906606,0.0,-0.0,-27.49139786353482,-0.0,0.0,-0.0,0.0,-0.0,4.6328312626082955,0.0,-0.0,-0.0,115.01834907109598,-0.0,0.0,0.0,0.0,0.0,85.84094985215785,1381.5651063904622,0.0,-0.0,-0.0,-3.165978510732783,13.720071671211207,25.86306960911065,0.0,-0.0,0.0,0.0,0.0,-0.0,-38.80354741368445,13.316068129734415,0.0,344.8044863763856,2219.869488004415,-0.0,-0.0,0.0,65.22193276994538,69.14839552617089,83.84772997240353,-22921.52142802354,26.716627478468737,5.294229115217248,0.0,0.0,0.0,252.64696873663914,0.0,-0.0,-0.0,0.0,0.0,0.04088517651223311
Cells_Transformed_fibroblasts,0.01852338853555147,-0.002420733882078265,0.1313661059227458,0.15501154891884586,-0.0,-0.4875207384180048,0.2819153147509363,0.4135585666490315,0.3739126176272626,0.0,-0.0,-0.0,1.5941184757878963,-0.032856704181554244,-0.0,-3.514117922035366,-1.217545654090865,-0.0,-0.0,0.09064282890191358,0.8298706031392908,0.058909750744275534,-0.0,-1.9023972997753422,-0.28379778353521556,-4.846445171140779,0.0,-0.6945914723804587,-0.0,0.0,2.797988174432709,-1.9641686678848196,-0.24463632877042055,-2.237345661046584,0.0,0.0,-0.6936907137171886,0.7848821043721526,0.0,0.378737581153202,-1.1821806143996754,1.505703778177459,-1.8166472266270115,-0.8814801336555349,0.0,0.0,-0.0,0.0,-2.9796061631443167,0.0,0.0,0.0,-0.26804673403527396,1.0553139022397813,0.0,0.3760514450724391,-0.4520631350852942,-0.09145308066315315,0.0,-0.0,0.0,0.0,-3.0296458910885073,0.0,1.4962274347888687,0.0,0.0,0.0,0.0,0.0,-0.0,0.0,-0.0,0.0,0.0,-0.0,81.63614346698425,-0.0,-173.75731984715944,-0.0,-162.9423507023407,-32.100348697274825,-0.0,0.0,0.0,-0.0,-17.210995947302678,0.0,3.5081173394178102,-0.0,0.0,-0.0,-2.1292732898785585,-9.60579846981808,-1085.0532215068472,-11.965126801409255,-0.0,0.0,350.7041297916692,-0.0,-0.0,0.0,0.0,0.0,-0.0,527.4185353306939,7.329567781823027,-1.8417616881420122,-0.0,0.0,-0.0,153.43957624425687,0.0,12.144980510375468,-2.4227137594065002,0.0,0.0,-0.0,0.0,-0.0,-0.0,13.31176915620618,0.0,0.0,-11.64610030933131,0.0,-0.0,0.0,-0.0,-349.230460426983,-0.0,-0.0,-7.971714935439008,37.44659615943257,-0.0,-0.0,-0.0,0.0,-0.0,-0.0,0.0,28.32230211972265,0.0,0.0,0.0,0.0,-0.0,-0.0,0.0,0.0,5.438056100395267,42.072863509530634,0.0,-0.0,-0.0,0.0,0.0,10.129043871931698,0.0,82.40827531309748,-25.59474564751786,-0.0,-0.0,0.0,0.0,33.91991383112658,0.0,-0.0,0.03539244206444784,1556.5066119444616,0.0,-10.209794924947063,20.253778096511763,0.0,56.13667485922185,0.0,0.0,33.74357987384845,1.276954423263023,0.0,13.5455171210427,-66.39991304797495,186.69269885678307,0.0,-0.0,-0.0,0.0,0.0,0.08334311687281115
Colon_Sigmoid,0.0019186090078670331,0.005179049586868136,0.014648791731694448,0.03896989251177569,0.044547245299781386,-0.1392517429914595,0.8835553450651558,-0.16643714903600618,0.36283781715726,0.24552228306684817,0.4872161218093086,0.2647916226077517,-0.6193601752661668,-0.04614060455327512,0.052633895204828376,0.20025702156056346,-0.45720415690678545,0.21388576009102833,-0.0,-0.38157730625137937,0.2831002098199308,-0.6582935066379999,-0.0,1.2493629253212697,0.6527805756549935,-1.1210764264828255,0.0,0.3543321167581577,-0.0,1.1255149035049166,0.11019159385702261,0.13271696461865654,1.8773709489381674,1.473474784968109,-0.6964155124940212,-0.5924840390974065,-1.2029847444735604,-0.1489375913788364,-0.45162572975989407,-0.20918758880373967,-0.23801232196390495,0.38099391871414173,-1.0109681916215738,0.4968972331657115,0.0,-1.1950390649205176,-1.551961110697668,-0.0,0.14669102175534043,0.0,-0.7381294495968577,-0.34399138849559174,-0.048824978429910716,-0.8155255960420246,-0.6691978068152657,-1.6799739895997787,0.21518851194378882,-0.8981240374960805,0.22370264036063092,-0.43139344854137884,-1.5782098289463082,-1.0242055071800227,0.2611821587496399,-0.21782752252820695,1.0273905157825807,0.15202152476729003,-0.5284620800080605,0.0,-0.0,0.0,0.0,-0.0,0.0,0.0,-0.0,0.0,0.0,0.0,0.0,-0.0,0.0,0.0,0.0,0.0,-0.0,-0.0,0.0,-0.0,0.0,-0.0,-0.0,0.0,0.0,0.0,0.0,0.0,-0.0,0.0,0.0,0.0,0.0,0.0,0.0,-0.0,-0.0,-0.0,0.0,0.0,0.0,0.0,-0.0,0.0,0.0,0.0,0.0,-0.0,-0.0,0.0,-0.0,-0.0,0.0,0.0,0.0,3.6494518827465456,0.0,0.0,0.0,0.0,0.0,0.0,0.0,0.0,0.0,0.0,0.0,0.0,0.0,0.0,0.0,0.0,0.0,-0.0,0.0,0.0,0.0,-0.0,0.0,0.0,0.0,0.0,0.0,0.0,0.0,0.0,0.0,0.0,0.0,3.7826530233401927,0.0,-0.0,-0.0,0.0,0.0,0.0,0.0,-0.0,-0.0,-0.0,0.0,-0.0,0.0,0.0,-0.0,-0.0,0.0,-0.0,-0.0,-0.0,0.0,-0.0,0.0,0.0,0.0,0.0,-0.0,0.0,0.0,0.0,0.007868652051794434
Colon_Transverse,-0.000628303732259322,-0.0,0.037765334856805124,-0.035152110842564456,0.0,-0.0,-0.0,-0.0,-0.0,0.0,0.0,-0.0,0.0,-0.0,0.0,0.0,0.0,-0.03562363263451978,0.0,0.0,0.0917345360603962,-0.0,0.0,0.3585217600861123,-0.0,-0.0,0.0,0.0,-0.42918721722102704,0.0,-1.1136993980088257,-0.0,-0.0,0.0,0.0,0.744198424848273,0.0,0.0,-0.0,-0.6293171641858941,-0.8201191648518303,-0.1466845096833469,-0.5120143549588131,0.0,-0.0,-0.27402579746084826,0.0,0.0,0.3085826063986115,0.0,-0.42847264149145936,0.5964503508301395,-0.0,-0.0,0.0,-0.0,-0.2336453763987457,-0.0,-0.0,-0.0,0.0,0.05665904333011576,0.0,-0.0,0.0,0.0,-0.007950655987157447,0.0,0.0,0.0,-0.0,-0.0,0.0,-0.018080924890941694,-0.0,-0.0,-0.0,-0.0,0.0,0.0,-0.0,-6.6302070334228445,0.0,-0.0,-0.0,-0.0,-14.90330830266032,-0.0,-0.0,0.0,-0.0,-0.0,-0.0,-0.0,-601.1085737322775,-0.0,0.0,-0.0,125.91951273447303,-8.712539816685412,-0.0,-0.0,0.0,-0.0,-0.0,-0.0,-4.719633500592171,-10.856810114750118,0.0,-0.0,-0.0,0.0,-0.0,-0.0,-0.0,-0.0,-4.969721252225461,0.0,-14.525111313437572,-0.0,-56.91975498661266,-0.0,-18.455503328673085,0.0,-0.0,0.0,-0.0,-0.0,0.0,0.0,0.0,0.0,-0.0,-0.0,0.0,-0.0,-0.0,-0.0,0.0,-0.0,0.0,0.0,-0.0,-0.0,-0.0,0.0,-0.0,-0.0,-0.0,-0.0,-0.0,0.0,0.0,0.0,0.0,-0.0,-0.0,-0.0,0.0,0.0,-0.0,-0.0,0.0,-0.0,0.0,0.0,-0.0,-0.0,-0.0,0.0,0.0,-7.052789819762155,-0.0,0.0,-0.0,0.0,0.0,0.0,-0.0,0.0,-0.0,0.0,0.0,-0.0,-0.0,-0.0,0.0,0.0,0.01978344792894038
Esophagus_Gastroesophageal_Junction,0.0,0.0,0.03586663391477343,0.0745328251468447,0.42904027574935577,0.0,1.778037575367156,1.4279564920501404,1.2800682024057104,1.3743495219879327,2.2090299809217413,0.8130829312670722,0.46983155954710865,0.25130544179447717,1.4379909664858044,0.17821187902644936,0.0,0.757395377458223,0.0,0.5558425437175777,1.2723558593269675,0.7285429430572584,0.4004456639397076,2.101299696114181,1.5274898850095704,0.0,1.4150564749484429,0.7774247495854353,0.17082153770480224,2.095407509369943,1.2442755656775957,0.44652319498704823,1.5426893842769718,2.9253741752421707,0.0,0.1634963907153774,0.0,0.14972795804750894,1.2722116412528648,1.4218304975810532,0.4127259516815139,1.186233405007945,0.0,0.8752420266999739,1.9158332800461482,0.0,0.0,0.5402343527857153,0.0,0.21485061417754253,0.5517405422702412,0.2829666049168943,0.41431662232360933,0.8629780519749412,0.6192982835555284,0.0,0.5385201584834077,0.0,0.9931391966234866,0.0,0.0,0.0,0.6093232052109884,0.648092284829281,1.8584857766973732,0.8528858123503505,0.0,0.0,0.0,0.0,0.0,0.0,0.0,0.0,0.0,0.0,0.0,0.0,0.0,0.0,0.0,0.0,0.0,0.0,0.0,0.0,0.0,0.0,0.0,0.0,0.0,0.0,0.0,0.0,0.0,0.0,0.0,0.0,0.0,0.0,0.0,0.0,0.0,0.0,0.0,0.0,0.0,0.0,0.0,0.0,0.0,0.0,0.0,0.0,0.0,0.0,0.0,0.0,0.0,0.0,0.0,0.0,0.0,1.2276617480153103,0.0,0.0,0.0,0.0,0.0,0.0,0.0,0.0,0.0,0.0,0.0,0.0,0.0,0.0,0.0,0.0,0.0,0.0,0.0,0.0,0.0,0.0,0.0,0.0,0.0,0.0,0.0,0.0,0.0,0.0,0.0,0.0,0.0,2.405931238826295,0.0,0.0,0.0,0.0,0.0,0.0,0.0,0.0,0.0,0.0,0.0,0.0,0.0,0.0,0.0,0.0,0.0,0.0,0.0,0.0,0.0,0.0,0.0,0.0,0.0,0.0,0.0,0.0,0.0,0.0,0.012935034997133443
Esophagus_Mucosa,0.0,0.0,0.0,0.0,0.0,0.0,0.0,0.0,0.0,0.0,0.0,0.0,0.0,0.0,0.0,0.0,0.0,0.0,0.0,0.0,0.0,0.0,0.0,0.0,0.0,0.0,0.0,0.0,0.0,0.0,0.0,0.0,0.0,0.0,0.0,0.0,0.0,0.0,0.0,0.0,0.0,0.0,0.0,0.0,0.0,0.0,0.0,0.0,0.0,0.0,0.0,0.0,0.0,0.0,0.0,0.0,0.0,0.0,0.0,0.0,0.0,0.0,0.0,0.0,0.0,0.0,0.0,0.0,0.0,0.0,0.0,0.0,0.0,0.0,0.0,0.0,0.0,0.0,0.0,0.0,0.0,0.0,0.0,0.0,0.0,0.0,0.0,0.0,0.0,0.0,0.0,0.0,0.0,0.0,0.0,0.0,0.0,0.0,0.0,0.0,0.0,0.0,0.0,0.0,0.0,0.0,0.0,0.0,0.0,0.0,0.0,0.0,0.0,0.0,0.0,0.0,0.0,0.0,0.0,0.0,0.0,0.0,0.0,0.0,0.0,0.0,0.0,0.0,0.0,0.0,0.0,0.0,0.0,0.0,0.0,0.0,0.0,0.0,0.0,0.0,0.0,0.0,0.0,0.0,0.0,0.0,0.0,0.0,0.0,0.0,0.0,0.0,0.0,0.0,0.0,0.0,0.0,0.0,0.0,0.0,0.0,0.0,0.0,0.0,0.0,0.0,0.0,0.0,0.0,0.0,0.0,0.0,0.0,0.0,0.0,0.0,0.0,0.0,0.0,0.0,0.0,0.0,0.0,0.0,0.0,0.0,0.0,0.0,-2.220446049250313e-16
Esophagus_Muscularis,0.0034316482526558756,-0.0022257656535519046,0.04745025687066448,0.1260131807586431,0.0,-0.13147364336195735,0.9083659464243437,0.24481191769771218,0.6152103574447501,0.12302008952162524,0.5763331363347731,-0.21303051082883126,0.3912833288381628,-0.20349558805524892,0.5745427971599538,-0.9847207957208559,-1.232085136992558,-0.03397556416708186,-0.4057815374609385,0.2434196021442404,0.45312352094236247,0.0,-0.8216617113417971,2.3386925890167785,0.9239594859287916,-3.2998200113958776,1.151297498322887,-0.4229106910226544,0.27398441586531147,1.6318367049209601,0.826450850545961,0.0,1.6094574167534972,0.9338514427341401,-1.9819354271485177,-0.20924206975097298,-0.8731183868112281,-0.026536314550005838,0.2753159001098228,0.2584137050901002,-0.4269058143859617,0.8958493959435828,-0.6628214709520062,0.45493097428939283,0.6042642769601327,-0.7044239854368826,-0.9947903977473562,0.0,-1.2548619922001985,0.0,0.0,-0.18618854075449653,-0.14261875744133834,0.0,-0.8191266751292641,-0.9119448606404821,-0.015333479765767669,-0.9629964280390773,0.21473295793558128,-0.9645666091421434,-1.7909475736086884,-0.9050294498095489,0.0,0.4746187094185079,0.7735726564007906,0.10938661666971009,-1.337943912598864,0.0,-0.0,0.0,-0.0,-0.0,0.0,-0.0,-0.0,0.0,0.0,0.0,0.0,-0.0,0.0,-0.0,0.0,0.0,-0.0,-0.0,-0.0,-0.0,0.0,-0.0,-0.0,0.0,-0.0,-0.0,0.0,-0.0,-0.0,0.0,0.0,-0.0,-0.0,0.0,0.0,-0.0,-0.0,-0.0,0.0,-0.0,-0.0,-0.0,-0.0,0.0,0.0,-0.0,0.0,0.0,-0.0,0.0,-0.0,-0.0,-0.0,0.0,-0.0,0.0,-0.0,0.0,0.0,-0.0,0.0,-0.0,0.0,0.0,-0.0,0.0,-0.0,-0.0,0.0,0.0,0.0,-0.0,0.0,-0.0,0.0,0.0,0.0,-0.0,0.0,0.0,0.0,0.0,0.0,-0.0,0.0,0.0,0.0,0.0,-0.0,4.59764789656634,-0.0,-0.0,-0.0,-0.0,0.0,0.0,0.0,-0.0,-0.0,-0.0,-0.0,-0.0,0.0,0.0,0.0,-0.0,0.0,0.0,-0.0,-0.0,0.0,0.0,0.0,-0.0,0.0,0.0,-0.0,0.0,0.0,0.0,0.02022763089848667
Heart_Atrial_Appendage,-0.055529497512864824,-0.0037097389687465493,-0.06068633230784213,-0.0,0.0,0.36242352722985355,-0.10512363597669784,-0.0,0.0,-0.0,-0.0,0.8453380162613618,-0.0,0.34393263244762345,-0.0,-0.19180526090583985,-0.0,-1.2788679998506316,0.0,-0.0,0.0,0.0,0.0,0.1377699005327438,-0.0,-0.0,-0.3427183386189467,0.019323019643060567,-0.0,0.0,-0.0,0.0,0.0,0.7714652911582051,-0.0,0.0,-0.0,-0.0,-0.0,-0.8862056845010892,0.0,-0.0,-0.0,0.0,-0.0,-0.0,0.0,0.9052491229685722,0.0,0.0,-0.0,-0.0,0.0,0.0,0.0,0.0,-0.0,-0.8833383137237728,-0.36981079386425536,-0.7881043067956954,-0.8479078115354822,1.2067865668553006,0.0,-0.0,0.40333341013785606,0.0,-0.0,-0.0,-0.0,0.0,-0.0,0.0,-0.0,-4.9700271725698135,-0.0,-0.0,-0.0,0.0,0.0,-0.0,-0.0,-0.0,0.0,0.0,-16.938255497246843,-0.0,-5.914039276132445,-1.3574469204886872,0.0,0.0,-0.0,-0.0,0.0,-9.22123297398394,434.1418563036261,-0.0,-0.0,-0.0,-0.0,-12.240105237335609,-0.0,-0.0,0.0,-0.0,-9.688927613688742,0.0,0.0,-0.0,-0.0,-0.0,-35.698262948798636,-19.18943067583546,-0.0,3.4444802993301424,-0.0,10.83319012601175,-0.0,-0.0,-0.0,-0.0,0.0,-0.0,0.0,-0.0,-0.0,0.0,-0.0,-0.0,-0.18575999893443285,0.0,0.0,0.0,-0.0,0.0,0.0,-0.0,-0.0,-0.0,-0.0,-4.213849959862832,-0.0,0.0,-0.0,-0.0,-0.0,-8.582014651047887,-0.0,0.0,0.0,-0.0,-0.0,0.0,-0.0,0.0,-0.0,-0.0,-0.0,-0.0,0.0,-0.0,-11.202031537245912,-0.0,-0.0,-0.0,0.0,0.0,-0.0,-0.0,-0.0,-0.0,-0.0,0.0,0.0,-0.0,0.0,-196.56932066693085,0.0,-0.0,-0.0,-0.0,-0.0,-15.678650872998691,-490.0434661128271,0.0,-258.21115307633187,-0.0,0.0,0.0,0.06956886489638925
Heart_Left_Ventricle,-0.023717657352909614,-0.021401052687380843,-0.0,0.058110347440843785,-0.0,0.09120214284214098,-0.0,-0.0,0.31307469584045405,-0.0,-0.0,0.0,0.4365683497709348,1.0546112674982338,-0.04238205929576432,-0.7292105609392963,-0.21493587611880824,-2.782118971015889,0.4291735267683466,0.3329855045644981,1.1394351348628167,0.2801190746137686,-0.0,0.4979248766980765,-0.0,-2.1572185669310766,-0.0673943588038377,-0.0,0.0,-0.0,0.0,0.0,0.0,1.4342792481661797,-0.48513204885023853,-0.0,-0.4161737054256085,-0.017065537208281932,0.0,-0.0,-0.0,0.7034195359967033,0.0,0.0,0.0,-0.0,0.0,0.0,-1.9738087787312033,0.7563989298951093,1.4555913064465023,-0.0,0.0,1.2306997953164667,0.0,0.0,-0.0,-2.941366820992438,0.0,-0.27050848198017785,-0.9813425400294075,0.129064513614919,-1.6483399829971055,1.5050421052782048,0.0,0.5497551319841703,0.0,-5.17265785234081,-0.0,0.0,-0.0,0.0,-38.929976493470605,-0.0,-0.0,-0.0,0.0,0.0,-0.0,-0.0,0.0,-34.42174812880097,0.0,0.0,-21.65152739106209,-47.03709600288918,-26.911318772087046,0.0,0.0,0.0,-2.034068909656544,0.0,0.0,-17.04771512465633,0.0,-0.0,0.0,-0.0,0.0,-0.0,-0.0,-0.0,95.02115283759694,-0.0,0.0,-0.0,0.0,-27.930263165500463,-1.789030271696778,-0.0,-39.54442459152242,-372.9597456827754,-0.0,0.0,-0.0,27.668196314854868,-8.734327000504724,4.406555728160226,0.0,0.0,59.160170590553165,0.0,32.019074549591366,-8.636713778986731,-7.765369703502279,0.0,-0.0,0.0,-0.0,0.0,0.0,0.0,-0.0,0.0,-0.0,-0.0,0.0,0.0,0.0,-0.0,-0.0,0.0,-0.0,0.0,-0.0,-189.12663161533837,0.0,1.350015257448103,0.0,-0.0,0.0,0.0,-1243.9909887468768,0.0,0.0,-0.0,-0.0,0.0,23.424392629773518,0.0,-0.0,-0.0,-0.0,-0.0,0.0,-0.0,0.0,-0.0,-0.0,-0.0,0.0,0.0,14.114885551309108,0.0,0.0,-0.0,0.0,0.0,0.0,-0.0,-0.0,-40.55988525632423,-0.0,0.0,-432.89837697652314,0.0,-0.0,0.0,0.02198914104857952
Kidney_Cortex,-0.023345970035793796,-0.0030029894719444962,-0.01206266092773518,0.08731397534695746,0.32109972654450764,0.2435040111691843,0.15205188734741643,0.0,0.0,0.4618119243953742,0.0,-0.0,-0.0,0.0,-0.0,-0.0,-0.0,-0.0,0.0,-0.4125670152178636,1.083073127973134,0.23812340027061019,-0.0,-0.0046005290400090056,0.0,-0.0,0.038145901874359234,-0.23356187407559933,-0.0,-0.0,-0.0,-2.1809071504546473,-0.0,-0.0,0.0,0.0,1.2467977052048291,0.565556160131236,0.0,-0.8597206598213267,-0.7961406209206368,0.8575038859953159,0.4115067021587116,-0.0,-0.0,0.0,0.8083609235749037,0.0,-0.0,0.0,0.0,0.0,0.7175521111132864,0.0,0.0,0.3119547118714216,-0.0,-0.0,-0.0,0.0,1.950665309792472,1.09510550199374,-0.0,0.0,-0.0,0.0,1.6909537121585796,-0.0,0.0,-0.0,0.0,0.0,0.0,-0.0,-0.0,-0.0,0.0,-0.0,0.0,0.0,-0.0,-0.0,-0.0,-0.0,0.0,-0.0,-0.0,-0.0,-0.0,0.0,0.0,-0.0,-0.0,-0.0,-0.0,-0.0,0.0,-0.0,-0.0,-0.0,-0.0,-0.0,-0.0,-0.0,0.0,0.0,0.0,-0.0,0.0,-0.0,0.0,0.0,-0.0,-0.0,-0.0,-0.0,-0.0,-0.0,0.0,-0.0,0.0,-0.0,0.0,-0.0,0.0,-0.0,-0.0,0.0,0.0,0.0,-0.0,-0.0,0.0,-0.0,-0.0,-0.0,-0.0,-0.0,-0.0,0.0,0.0,0.0,-0.0,-0.0,-0.0,-0.0,-0.0,0.0,-0.0,-0.0,-0.0,-0.0,-0.0,0.0,-0.0,0.0,0.0,-0.0,0.0,0.0,0.0,0.0,-0.0,-0.0,-0.0,0.0,-0.0,-0.0,-0.0,0.0,-0.0,-0.0,-0.0,0.0,-0.0,0.0,0.0,-0.0,0.0,-0.0,-0.0,0.0,-0.0,-0.0,-0.0,-0.0,-0.0,0.0,0.02190836948329533
Liver,-0.021995777491784236,-0.006736166887795937,-0.0,-0.0,-0.0,0.0,0.0,-1.3542693976846896,-0.23646856807187955,-0.0,0.0,-0.06346935076560756,1.4672969123453374,0.022926054954486515,-0.0,0.0,0.0,-0.8610945394797921,2.3103411221697017,-1.0607114697479239,0.0,0.0,-0.0,-0.0,-0.0,1.0306837764002852,-0.049593134607135075,-0.09562368796000101,-0.9841755538136104,-0.8420194784529307,0.0,-0.46022463652591244,-0.0,-1.2646762791946833,0.0,2.440746306461762,1.5463716882504264,0.42462456149280653,-0.0,-1.3218810269465477,-0.11050141202465397,-2.065738819729633,-0.0,0.19100423259327753,-0.0,1.1125349051298676,0.2603297396592495,0.0,-0.0,0.0,0.534319744174923,0.0,-0.0,0.0,0.0,0.0,-0.0,-0.0,-2.1330293651623182,-0.0,0.8492290295816318,5.531701356180662,0.0,0.83361326671663,0.0,0.0,2.6902462427588647,0.0,-0.0,-0.0,-0.0,0.0,0.0,-0.0,-0.0,0.0,0.0,0.0,-0.0,10.277859704670448,-0.0,-1.0026843478975243,-0.0,-0.0,33.98593274684538,-0.0,-62.4857182550614,0.0,-0.0,627.2863311780945,0.0,-0.0,-0.0,0.0,0.0,-0.0,-0.0,0.0,-0.0,-0.0,-14.611256159086988,-0.0,-0.0,-0.0,0.0,0.0,-1.5830533851236928,-0.0,-0.0,-0.0,-0.0,0.0,-0.6556798481318741,-0.0,0.0,-4.557721882281459,2.3244153207847824,-0.0,0.0,0.0,-0.0,-0.0,0.0,-4.266751318946503,-0.0,-12.466055901076825,-0.0,-0.0,-29.78537715651812,0.0,-66.99165512474355,0.0,0.0,-5.752097027429535,-0.0,-0.0,-69.9712882877385,-0.0,-0.0,-0.0,-0.0,0.0,-169.54925049063365,0.0,0.0,-0.0,-0.0,0.0,0.0,-0.0,-41.20804199801989,-0.0,0.0,21.654474115536335,-0.0,0.0,-0.0,-0.0,144.0143603338611,47.798779009666305,15.873217982850985,0.0,-0.0,-8.378456567566749,-0.0,3.265288459708241,-0.0,0.0,-55.7779256456168,213.47592475887623,0.0,-22.064437851875645,-0.0,38.751376669253425,-0.0,274.5509191394263,-0.0,0.0,1.5059249041315772,-0.0,-0.0,0.0,-0.0,-0.0,0.0,-0.0,-28.955965422042958,0.0,0.03787463490840515
Lung,-0.01842918764548531,0.004074670896555891,0.0,-0.1569161683092219,0.0,0.0,-0.0,0.0,-0.8371961417532691,0.0,0.046552634358485966,0.0393101444128779,-1.4702312547189054,0.0,0.0,0.3516551188996898,0.0,-0.0,-0.0,-0.0,-0.0,-0.7249431759087327,1.9160749025897699,0.0,-0.0,0.0,1.1077365908896333,0.5924413701211492,-0.9585573524158569,0.0,-0.0,-0.05383636712833643,-0.4880578556474583,-0.0,0.5463761876033505,2.5230603765733273,1.7199383992277866,-0.0,-0.5571852115828617,-0.12957667922912336,-0.3494519993324687,-1.8169776913695181,-0.3843557909723941,0.0,-0.15078063895570712,-0.0,0.0,0.4985693184241655,0.7624321986451572,-0.0,-1.0334703482728758,0.47501611568217345,0.00017777877180448186,-1.261201518649542,0.3796591169309855,-0.0,0.0,0.9404047638014862,-0.0,0.0,0.715340121658097,0.8927522131473181,2.273321301104292,-0.0,-0.0,-1.1872847039309287,-0.26993704895568293,0.0,-0.0,-0.0,-0.0,-0.0,0.0,-2.4027818417207927,0.0,0.0,-15.691608027062628,0.0,0.0,0.0,-0.0,0.0,-0.0,-0.0,-0.0,0.0,-3.122869348012013,-9.326008802027177,-0.0,0.0,-0.0,0.0,-0.0,-0.0,-0.0,0.0,0.0,-0.0,-0.0,-0.0,-0.0,-0.0,-0.0,-0.0,-16.839575592263103,-0.0,-0.0,-0.0,0.0,0.0,0.0,59.96469224941308,-2.496220272389666,-0.0,-19.73497213752974,-11.36072028556049,-0.0,-0.0,-5.216094797695195,-0.0,-91.48327598976608,-0.0,-58.1831790899617,0.0,8.159426347328717,-0.0,-0.0,-0.0,-0.0,-109.95763986833491,-0.0,-0.0,0.0,-0.0,-0.0,-0.0,-0.0,-0.0,0.0,-0.0,0.0,-0.0,-11.848892902699971,-6.771441953273669,-0.0,-0.0,-0.0,-0.0,-10.755979858903123,-0.0,-0.0,0.0,-0.0,2.875676796606171,-0.0,-18.274297913748207,-0.0,-2.3458393016319428,-0.0,-15.641729697807827,-0.0,-0.0,-38.304528282765475,0.0,-0.0,6.91037045738005,0.0,0.0,-0.0,0.0,-0.0,0.0,-0.0,-0.0,-0.0,-0.0,15085.762245182566,-0.0,-4.430823620785772,-0.0,0.0,0.0,-0.0,-0.0,-0.0,-0.0,0.0,0.0,0.060716272359436996
Minor_Salivary_Gland,0.0,0.0,0.0,0.0,0.3106030541342498,0.016172046567787306,1.932290096705509,1.1640143262821623,1.846801701631029,0.597136542766491,1.992776393673677,2.0946456688405903,0.5134226126093332,3.9286012717259693,2.706328151677506,1.5809424166469537,1.6198463180169145,0.0,0.0,0.0,0.5928680165782129,0.0,3.427059435183012,2.0462389089339243,0.7458289785654597,1.181029481300218,1.7041783145940366,0.8239439014697888,0.0,0.7704007341530197,0.0,0.6841206169970191,0.0,2.608900760499807,1.995906972827552,2.1629894856354994,3.441521039178598,2.5863199965446224,0.08723775946241591,0.0,0.7798781406096701,0.0,0.0,1.4101596015077622,0.3051429840770616,1.4789823281322356,0.0,2.553657700283192,3.996156771321277,2.526230277463168,0.0,3.5608323747857207,0.5976323223668171,1.4614411424657685,1.6406868431756683,0.0,1.5193566450041958,2.149304656821225,0.0,0.5454090611573237,0.9169603518192199,2.65088774278003,3.790775042154547,0.0,3.231613175171,0.9860769950457375,0.0,0.0,0.0,0.0,0.0,0.0,0.0,0.0,0.0,0.0,0.0,0.0,0.0,0.0,0.0,0.0,0.0,0.0,0.0,0.0,0.0,0.0,0.0,0.0,0.0,0.0,0.0,0.0,0.0,0.0,0.0,0.0,0.0,0.0,1.4985163079699968,0.0,0.0,0.0,0.0,0.0,0.0,0.0,0.0,0.0,0.0,0.0,0.0,12.999566919059193,0.0,0.0,0.0,0.0,0.0,0.0,0.0,0.0,0.0,6.250260405101405,7.271989508502508,0.0,0.0,0.0,0.0,0.0,0.0,0.0,0.0,0.0,0.0,0.0,0.0,0.0,0.0,0.0,0.0,0.0,0.0,0.0,0.0,0.0,0.0,0.0,0.0,0.0,0.0,0.0,0.0,0.0,0.0,0.0,0.0,7.959948180355881,0.0,0.0,0.0,0.0,0.0,0.0,0.0,14.609267971592455,0.0,0.0,0.0,0.0,0.0,0.0,0.0,0.0,0.0,0.0,0.0,0.0,0.0,0.0,0.0,0.0,0.0,0.0,0.0,0.0,0.0,0.0,0.043440798795969515
Muscle_Skeletal,0.0,0.0,0.0,0.2899012765805715,0.2563608072488513,0.02970679954345095,5.5268203667058255,2.3427464555729913,4.461952175627873,0.0,2.4734287720181976,2.614967381017301,1.943735472879474,5.264513112842563,3.6089756343037602,0.9303554730613726,0.2651181271435822,0.7853904757242863,0.0,5.848907121228133,7.092851274997354,5.403956502216951,0.0,7.464001296386435,5.757373286276933,0.08152722708717722,3.091318787918274,2.0801755811473224,4.625145379176615,4.27132700477967,7.644451000005009,3.37955532597843,8.34153606828436,5.294301716721191,0.0,2.31805444826789,0.2889935426832016,5.619992689660893,3.600403827942878,3.768629942571041,3.4203673200870037,8.261761511426426,2.955227948023679,5.354457301416747,2.887599766167175,5.211701693360344,0.0,4.656242303414349,0.0,5.366478659306921,4.647818952907898,0.723900396807511,2.6631416934832473,6.888375110288682,0.0,1.9143373624460431,7.858279058295463,0.0,4.981040180181569,3.6766089944563403,0.0,0.7854209169261066,1.6840934297684735,7.475242367473196,2.13513217021988,8.625003628926644,3.157919786726376,0.0,0.0,0.0,0.0,0.0,0.0,6.378152332225961,0.0,0.0,0.0,0.0,0.0,0.0,0.0,0.0,0.0,0.0,0.0,0.0,0.0,0.0,0.0,0.0,0.0,0.0,0.0,0.0,0.0,0.0,0.0,0.0,0.0,0.0,0.0,0.0,0.0,0.0,0.0,0.0,0.0,0.0,0.0,0.0,0.0,0.0,0.0,0.09695248105095036,0.0,0.0,0.0,0.0,0.0,0.0,0.0,0.0,0.0,0.0,0.0,0.0,0.0,0.0,0.0,0.0,0.0,0.0,0.0,0.0,0.0,0.0,0.0,0.0,0.0,0.0,0.0,0.0,0.0,0.0,0.0,0.0,0.0,0.0,0.0,0.0,0.0,0.0,0.0,0.0,0.0,0.0,0.0,13.73307310434904,0.0,0.0,0.0,0.0,0.0,0.0,0.0,0.0,0.0,0.0,0.0,0.0,0.0,0.0,0.0,0.0,0.0,0.0,0.0,0.0,0.0,0.0,0.0,0.0,0.0,0.0,0.0,0.0,0.0,0.0,0.04223950456742587
Nerve_Tibial,0.0,0.0014682196279191552,0.0,0.0,0.9603033469063391,0.005222265816504103,1.640966463761392,1.0658156942491286,1.2762942855247401,0.0,0.0,3.7990373550342182,0.0,1.882204784954426,2.9192402685622545,1.329011419616951,0.5796567154893836,2.0520417875011563,0.0,0.0,0.5911602613662917,0.0,3.411136154393095,1.7181399716676793,1.5186904941501524,3.3385934168653133,0.9094570646813879,1.7885859824715211,0.0,1.073080571892849,0.2553876488681174,1.285510796690745,2.2560454334362294,2.6715289207983264,4.404186470098878,1.763176613646391,2.526685960783537,2.294991174899899,0.1465467451348657,0.5721187970315706,1.48248921816391,0.0,0.9410290114546946,1.3199659544520015,0.0,1.0022880939269792,0.5766122151159873,1.6188709908481311,2.829983216215987,0.0,0.7003985038702972,0.0,0.9695614522955911,0.6034205214541577,1.15816217713713,0.01875614708676656,0.7428755779798519,1.8101917089129362,0.0,2.8942101965385345,1.518230363619757,1.9644581010734625,4.762601214649712,0.0,3.685210389680849,0.18887225015698234,0.0,0.0,0.0,0.0,0.0,0.0,0.0,0.0,0.0,0.0,0.0,0.0,0.0,0.0,0.0,0.0,0.0,0.0,0.0,0.0,0.0,0.0,0.0,0.0,0.0,0.0,0.0,0.0,0.0,0.0,0.0,0.0,0.0,0.0,8.549208665562155,0.0,0.0,0.0,0.0,0.0,0.0,0.0,0.0,0.0,0.0,0.0,0.0,1.4030885192919686,0.0,0.0,13.450319318840792,0.0,0.0,0.0,0.0,0.0,0.0,11.349859803467243,19.115337863188838,0.0,0.0,0.0,0.0,0.0,0.0,0.0,0.0,0.0,0.0,0.0,0.0,0.0,0.0,0.0,0.0,0.0,0.0,0.0,0.0,0.0,0.0,0.0,0.0,0.0,0.0,0.0,0.0,0.0,0.0,0.0,0.0,0.0,0.0,0.0,0.0,0.0,0.0,0.0,0.0,0.0,3.35346216590136,0.0,0.0,0.0,0.0,0.0,0.0,0.0,0.0,0.0,0.0,0.0,0.0,0.0,0.0,0.0,0.0,0.0,0.0,0.0,0.0,0.0,0.0873533091030052
Ovary,0.0,0.0,0.03409752584475161,0.0,0.6107836386095652,0.22248143691369773,2.465508695893425,1.0443857291302312,1.5485321437379247,1.2439811074070959,1.951892968326537,3.0015641810239786,0.0,1.4086938499600186,4.319683104436714,2.023169331487228,2.2468137321975052,1.5080271495627364,0.0,0.0,0.9016968194445292,0.0,3.7693140215648886,3.191919587625355,1.3940748239980525,5.398934501944616,2.1375593480228456,2.2746381366689743,0.0,2.7850913838755207,1.709090944571365,3.1099157764389616,1.2323124888903254,4.341521893207681,5.467863418590285,3.309314205659106,3.069567256985654,0.6854026806241549,0.5045476214381839,1.8640819718835486,1.8084179998919838,0.0,0.0,1.3096623056667054,0.0,1.262678393722081,0.821695378570484,1.6370667702293642,3.4228976742009145,0.4450591767428627,0.0,2.401366060521034,1.5181911976304934,0.0,0.527537889209816,0.0,1.221421825337582,1.3928023334730482,0.9190116817641993,2.263584579375522,0.0,1.7597104542882678,5.088323923243144,0.0,0.712988972667458,1.5548839462377664,0.7128040889954933,0.0,0.0,0.0,0.0,0.0,0.0,0.0,0.0,0.0,0.0,0.0,0.0,0.0,0.0,0.0,0.0,0.0,0.0,0.0,0.0,0.0,0.0,0.0,0.0,0.0,0.0,0.0,0.0,0.0,0.0,0.0,0.0,0.0,0.0,0.0,0.0,0.0,0.0,0.0,0.0,0.0,0.0,0.0,0.0,0.0,0.0,0.0,0.0,0.0,5.805987238666423,0.0,0.0,0.0,0.0,0.0,0.0,38.94015890898059,12.432506952970977,0.0,0.0,0.0,0.0,0.0,0.0,0.0,0.0,0.0,0.0,0.0,0.0,0.0,0.0,0.0,0.0,0.0,0.0,0.0,0.0,0.0,0.0,0.0,0.0,0.0,0.0,0.0,0.0,0.0,0.0,0.0,0.0,0.2811832790217372,0.0,0.0,0.0,0.0,0.0,0.0,0.0,0.7913296313754181,0.0,0.0,0.0,0.0,0.0,0.0,0.0,0.0,0.0,0.0,0.0,0.0,0.0,0.0,0.0,0.0,0.0,10.746396333360615,0.0,0.0,0.0,0.0,0.08193469297515832
Pancreas,-0.03695972303822219,-0.005671593999350218,0.04298255450371118,-0.0594883548035843,-0.0,0.0,0.0,-0.0,-0.0,0.0,0.9536295813069651,0.0,0.8628903431329525,0.0,0.393085537250367,1.0516233567810747,2.0435981119315665,-0.0,0.25434235184422943,-0.0,-0.3871180204699356,-0.0,-0.0,-0.0,-0.0,0.0,-0.0,-0.0,-0.0,-0.0,-0.0,-0.0,-0.2805336333853113,-0.0,0.4416202481989812,0.7549211538694223,0.6633953176542432,0.2339606969974429,0.0,-0.0,-1.342721143037305,-1.630010794514424,-1.789150248248225,-0.0,-0.0,-0.0,-0.0,0.0,-0.0,-0.0,-0.0,2.9350257769840065,-0.0,-0.0,0.0,-0.0,0.0,1.2894255548710938,-0.4465662667435681,0.0,1.8958417364016853,0.825777576240643,0.8327044662876332,-0.0,-0.0,-0.0,0.0,0.0,0.0,0.0,-0.0,0.0,39.01334005281604,0.0,-0.0,0.0,0.0,44.162847313484804,0.0,-15.066919434086156,-66.25277273609254,-0.0,-4.435413556197004,-5.4208922736735925,52.50945087422299,11.649171701344418,-74.14806329346088,8.108645333309255,32.18544002901537,0.0,-0.0,0.0,-31.670409557155573,-0.0,-145.34694229247702,-0.0,0.0,0.0,173.62852071797036,0.0,-0.0,5.5155258750360945,-0.0,70.34903296124008,-0.0,0.0,0.0,-15.009844658073764,7.559252944801841,-0.0,-0.0,0.0,15.688348788768343,-3.5646756878052264,-0.0,-39.1436386867246,1.3588652991071144,0.0,-0.0,-0.0,-0.0,35.822609518514305,-0.0,0.0,-0.0,0.0,-0.0,0.0,0.0,0.0,0.0,-0.0,-0.0,0.0,0.0,0.0,-78.55510672821498,136.06238015644112,-0.0,-0.0,19.771669397386734,0.0,165.88213916364913,0.0,-0.0,0.0,-0.0,0.0,-0.0,0.0,0.0,-1.5474509924253117,0.0,-0.0,0.0,-0.0,-0.0,0.0,0.0,0.0,-0.0,0.0,0.0,5.612385744526055,0.0,13.331897725120498,0.0,-0.0,-0.0,1529.7588036196448,0.0,-42.03702237310344,-0.0,-0.0,0.0,84.42897032107403,-0.0,0.0,-0.0,-0.0,0.0,0.0,0.0,0.0,-0.0,0.0,-3.7449943448711376,0.0,0.05262068010561072
Pituitary,-0.013054674409780172,0.0,-0.0,-0.1257213146526303,0.0,0.33364982203714627,-0.0,-0.0,-0.29754421402771186,-0.3952905486293777,-0.0,-0.0,0.0037125361908108296,-0.0,0.0,0.05248789469308197,1.1752511677925503,0.0,0.0,-1.76332049053402,0.0,-0.0,0.269327269475792,-0.0,0.0,1.895031389729061,-0.0,0.034871944880955456,0.0,0.18847784741856727,-0.0,0.0,-0.0,0.0,2.0100812949976765,1.6785852051947434,0.23298791573275485,0.0,-0.0,-0.45106728077535124,-0.0,-0.9469436679716436,-0.0,-0.0,-0.0,-0.0,0.0,-0.0,0.14638900152847298,0.0,-0.23454173359506494,-0.0,0.031079180459624642,-0.25261306687729873,-0.0,-0.10052440280993877,0.0,0.0,0.0,0.0,0.5957945296136535,0.0,0.0,0.02394926158598925,-0.0,0.0,-0.0,0.0,-0.0,-0.0,0.0,-0.0,-0.0,-0.0,-0.0,0.0,0.0,-0.0,0.0,0.0,-0.0,52.83408229901219,0.0,-0.0,-0.0,24.067477211773493,0.0,0.0,-0.0,0.0,0.0,0.0,-0.0,16.505143065186402,-1072.8490203925985,0.0,-0.0,-0.0,-0.0,-0.0,-0.0,-0.0,-68.15658723312707,-0.0,0.0,0.0,-22.901102071593918,0.0,0.0,-0.0,0.0,-48.61782880020861,-2.474362727225978,-0.0,0.0,-13.628800060333557,0.0,-0.0,0.0,-0.0,0.0,-0.0,29.234508750137973,7.513633030586341,0.0,-0.0,-0.0,-0.0,-0.0,0.0,-0.0,0.0,3.392502903442859,-0.0,0.0,0.0,-0.0,-0.0,-0.0,0.8974649350789695,0.0,0.0,-0.0,-0.0,-0.0,0.0,-0.0,0.0,0.0,-0.0,-21.953989533777442,0.0,79.6576858994664,0.0,-0.0,0.0,0.0,-0.0,4.121151822118886,-0.0,34.76487373807099,0.0,-0.0,16.5811592634061,-0.0,-0.0,-7.468275180107864,-0.0,-0.0,0.0,-0.0,-0.0,-7.33956411540859,0.0,-24.939818938242798,-0.0,-4679.122030875546,0.0,7.612746812455996,0.0,0.0,56.940046529201304,0.0,-6.2173652677956435,-519.3092070572019,-0.0,0.0,0.0,0.015226954095659662
Prostate,-0.014450460748948216,0.008158185197646871,-0.02042765657723856,-0.09338247930679479,0.6853880522142055,0.24795951132487282,1.338863848763733,-1.7308432547419745,-0.35021904771576057,-0.0,0.6510665329678981,-0.0,-1.2785060063850033,0.5077581102603018,0.25437484226185514,1.0235284265816238,-0.40263093791331983,1.1281031387123615,0.6099789361853317,-2.4374277175051837,-0.0,-0.5050532842031179,1.2233786106745,0.8421891324880314,0.27411647808393524,1.5822996498346291,0.3572715612111098,0.9161213152848162,-2.6894582230890904,0.11161562911962547,-0.386579852246263,0.7039131798033331,0.07780896054246096,0.0,0.7273583930055546,0.6034051709317974,0.8638134190142879,1.226866805253379,-0.7091808497871397,-0.8861682851287509,-0.04226667137823945,-1.5198780544307233,-1.6696770828881569,-0.4770787155202437,-0.03165442940816986,-0.9787652656669039,-0.0648838705217396,0.734325415373031,1.7132277230915776,0.4488669951736942,-0.7783533010107392,-0.0,-0.0,-0.4105336897830528,0.28627677797782536,-0.4392778111494554,0.788137252696638,0.46408441023925656,-1.7541774803699743,-0.1311485763292461,0.9368966679385485,-0.0,1.806795214940766,1.0161802239087445,-0.062274543826387425,-0.31616119482204835,-0.18430733171081146,0.0,0.0,0.0,1.406624266132939,-0.0,0.0,0.0,0.0,0.0,0.0,0.0,0.0,0.0,-0.0,0.0,0.0,0.0,0.0,0.0,0.0,-0.0,-0.0,0.0,0.0,0.0,0.0,0.0,0.0,0.0,-0.0,-0.0,0.0,0.0,2.273482819305127,0.0,-0.0,-0.0,0.0,0.0,0.0,-0.0,0.0,0.0,0.0,0.0,-0.0,0.0,-0.0,-0.0,4.0977014444630235,0.0,0.0,0.0,0.0,-0.0,-0.0,9.76101785561235,8.844699140862554,0.0,-0.0,0.0,0.0,0.0,0.0,-0.0,0.0,-0.0,-0.0,0.0,-0.0,0.0,0.0,0.0,0.0,0.0,-0.0,-0.0,-0.0,0.0,0.0,0.0,-0.0,0.0,-0.0,0.0,0.0,-0.0,-0.0,0.0,0.0,0.0,0.0,0.0,0.0,0.0,0.0,0.0,-0.0,0.0,-0.0,0.0,-0.0,0.0,0.0,-0.0,-0.0,0.0,-0.0,0.0,0.0,0.0,0.0,0.0,0.0,0.0,-0.0,-0.0,-0.0,0.0,0.0,0.0,0.04134254718949082
Skin_Not_Sun_Exposed_Suprapubic,-0.050136841866906305,0.003171721930118987,-0.008350585577177891,-0.03832716884417754,0.0,0.46859698708715963,-0.0,-0.0,-0.0,-0.7918120811200714,-0.2531632535503026,0.0,-3.835024597912163,0.09736155823012745,0.0,0.2758213114765311,0.0,0.0,-1.2772710284861828,-0.0,-1.5955733117121227,-1.0233370169932416,0.0,1.003797721328229,0.24423555606996725,1.564009992290954,-0.0,0.31800252536980544,-0.0,0.0,0.0,0.4092705709139506,0.0,0.09015906727409137,1.6791988240417781,0.5890972943041088,1.3883271268903108,-0.0,-0.9694744314078855,-0.7529500403235119,0.0,-2.685266606014376,-2.009581786280901,0.0,-0.23445319859248215,-0.0,-0.0,0.8886691495622226,2.5173489564039615,0.0,-2.8204414975349836,0.6121465837234557,-0.0,-0.39021854038477616,-0.0,-0.932071062142892,0.0,0.4483775941318232,-0.0,0.0,0.0,-0.0,0.27399832015894454,-0.6234414188875864,0.0,-0.12682932058293092,-0.0758458182074727,0.0,0.0,-0.0,0.0,-0.0,0.0,-0.0,-0.0,-0.0,-0.0,-0.0,6.929714096549671,0.0,-0.0,0.0,0.0,0.0,-0.0,25.018424139002313,-0.0,-0.0,-0.0,0.0,-0.0,0.0,-0.0,0.0,-0.0,0.0,-0.0,0.0,-46.75273205307238,-0.0,0.0,-0.0,0.0,-0.0,-53.148097163396116,-0.0,0.0,-0.0,6.765919071863811,-0.0,0.0,-0.0,-0.0,7.354548128592892,-0.0,-10.704382301872908,0.0,0.0,-33.25989451629336,0.0,-66.9004141167248,-0.0,-0.0,7.904728988280868,5.342636256100856,-59.0793311789472,-0.0,-0.0,-0.0,-32.62734900724346,0.0,-0.0,-4.273367572877618,-0.0,-0.0,0.0,-35.99654840530095,-0.0,0.0,-0.0,0.0,0.0,0.0,-0.0,0.0,0.0,-0.0,0.0,0.0,-0.0,-0.0,31.99374224490099,-0.0,-0.0,-0.0,-4.875173095323896,-0.0,0.0,0.0,-0.0,-0.0,0.0,0.0,0.0,0.0,-0.0,0.0,0.0,0.0,48.31906507064422,0.0,-0.0,-6.9631794420362345,-0.0,0.0,0.0,9353.907755213913,0.0,-84.72145246658529,0.0,0.0,-0.0,0.0,-0.0,-0.0,-14.320202551580206,-0.0,0.0,0.13255976206616882
Skin_Sun_Exposed_Lower_leg,-0.0374434949286485,0.004544481614869276,-0.007891243562066283,-0.0,0.0,0.2859505309295325,-0.0,0.0,-0.407915764661229,-0.7289397040879246,-0.05860284576962663,0.0,-3.479657128619524,0.44651137200582375,0.0,0.0,0.0,0.0,-2.8221698736409824,-0.3080751247267121,-1.6883010213954355,-1.0015966602676563,0.0,1.1949613392528888,0.338899315409271,0.5278253369415922,0.0,0.5400316242229353,-0.0,0.0,1.0781350888164865,1.1764825428666865,0.0,1.7165149280163785,1.299749055545384,0.0,1.1661507159390092,0.0,-2.035681385008379,-0.312448885026936,-0.0,-1.3059536369163935,-1.3785722544191532,0.0,-0.0,-0.0,-0.9349892412188623,1.3732549230288311,0.40171846218986074,0.010113198715399641,-3.2654032374027886,0.3546209068096579,-0.0,-0.14111789740067487,0.0,-0.6538991390888207,0.3561532595520186,1.1054519575428736,-0.0,0.0,0.0,-1.5696148136331867,1.3103155907367046,-1.0011524381644452,0.0,-0.451860311345018,-0.16500827806589652,0.0,0.0,-0.0,0.0,-0.0,0.0,0.0,0.0,-0.0,-0.0,-0.0,184.09314512098825,-0.0,-0.0,0.0,-0.0,0.5482670853769138,-0.0,71.21479249427632,0.0,0.0,0.0,0.0,-0.0,-0.0,-0.0,0.0,0.0,0.0,-0.0,0.0,-27.417900920302763,0.0,5.883569334525964,0.0,0.0,-0.0,-39.15038356349738,-0.0,0.0,0.0,0.0,0.0,1.9278952112914103,0.0,0.0,12.765678597940864,0.0,-0.7322436513768508,0.0,2.0891842634124833,-28.177540995810702,0.0,-28.17735635993733,0.0,-19.600717869527013,9.42993211330049,18.953991377372724,-21.26121524142298,-0.0,-0.0,-0.0,-171.35348234156845,0.0,-0.0,-14.780195143575726,-0.0,-0.0,12.778172906455524,-0.4740513044094319,-0.0,28.8511809675161,-0.0,-0.0,0.0,6.793405506554987,0.0,0.0,0.0,0.0,-0.0,0.0,0.0,0.0,5.880732964839364,-0.0,-28.3191298648447,-0.0,-0.0,-0.0,0.0,-0.0,0.0,0.0,0.0,-0.0,0.0,0.0,0.0,0.0,0.0,0.0,537.6279609205019,0.0,0.0,-0.0,-0.0,0.0,-0.0,10188.938346614144,0.0,-75.40133071861814,0.0,12.211876990743198,-0.0,0.0,0.0,-0.0,-19.477538830151207,-0.0,0.0,0.11488910571925937
Small_Intestine_Terminal_Ileum,-0.012007221060150817,0.003388199220521981,0.048508356252517634,-0.2689986819889797,-0.7085751434109704,-0.03151157553158681,-0.4408495793110465,-0.0,-1.1931619605511012,-0.0,-0.0,0.0,0.0,0.0,0.0,0.958860190018138,0.1725351395189197,-0.36059627158567364,-0.0,-0.0,-0.0,-1.4909428320129736,0.0,0.6243137000360826,-0.09923797214345334,-0.0,0.0,0.5305895329545969,-0.7818604018439554,0.0,-0.6200979671394014,-0.0,-0.29684337741732525,-0.0,0.0,0.9693469486342914,1.2234134906238094,0.0,-0.7610799723711842,-0.7795491549910555,-0.6132176133649888,-2.3399672680535146,-0.9702374114489938,0.0,-0.0,-0.2932055379614386,0.0,0.134029256789642,0.20325758948456701,-0.0,-0.7302028180936078,0.0,-0.5920251542101747,-0.0,0.0,-0.22861299210946542,-0.0,0.0,-0.0,-0.4021138356554845,1.0379938729416154,0.0,0.0,-0.0,-0.0,-0.0,-0.7556763170136548,0.0,0.0,-0.0,0.0,-0.0,0.0,-0.0,-0.0,0.0,-0.0,0.0,0.0,0.0,-0.0,-0.0,-0.0,-0.0,-0.0,-0.0,-0.0,-0.0,-0.0,0.0,-0.0,-0.0,-0.0,0.0,-0.0,0.0,0.0,0.0,0.0,-0.0,0.0,-0.0,-0.0,-0.0,-0.0,-0.0,-0.0,-0.0,0.0,-0.0,0.0,-0.0,-0.0,-0.0,0.0,-0.0,-0.0,0.0,-0.0,0.0,-0.0,-0.0,-0.0,-0.0,-0.0,0.0,-0.0,-0.0,0.0,0.0,-0.0,-0.0,-0.0,-0.0,0.0,-0.0,-0.0,-0.0,0.0,0.0,0.0,0.0,0.0,-0.0,0.0,0.0,0.0,0.0,-0.0,-0.0,-0.0,0.0,0.0,0.0,0.0,-0.0,-0.0,-0.0,0.0,0.0,0.0,-0.0,0.0,-0.0,0.0,0.0,0.0,0.0,-0.0,0.0,0.0,-0.0,-0.0,-0.0,-0.0,0.0,0.0,0.0,-0.0,0.0,-0.0,0.0,0.0,-0.0,0.0,-0.0,-0.0,0.0,0.02719654382451886
Spleen,0.004415566722590792,0.002169097010638246,0.04026716829019008,-0.2555991789388878,-0.0,-0.019049099326548063,0.0,0.0,-1.5033170869734152,0.0,0.0,0.0,-1.9188414562651492,0.0,0.07113100283289499,0.8425944269760904,1.5841630900591277,1.1266555020236357,0.9653793353392175,-0.9483419864465111,-0.0,-0.0,2.737714725552124,1.3536389374126139,-0.3299204610522572,0.0,0.040333583142760886,0.2023849753692458,-0.8221825086588676,1.1663467642395793,-0.0,-0.0,-0.0,0.0,0.0,2.8190833343972583,0.880408712414848,0.0,-1.1770556668387795,-0.4047667317063826,-0.31134691143660564,-0.7642213640948451,-1.554493888130141,-1.0573065329259366,-1.4962549963322358,-0.0,0.0,-0.18273643016085128,0.0,-0.0,-0.8560059404794282,0.0,-0.0,0.0,-0.0,-0.0,1.0574307605854563,0.0,-0.31907295210226416,0.2213207630084125,0.27139585237498787,0.989253459445166,1.6457913101471058,1.3575489613998062,-0.707300625627959,-0.0,0.0,0.0,-0.0,-0.0,0.0,-0.0,0.0,-0.0,-0.0,14.454855338083524,0.0,-0.0,0.0,43.98017320221633,-0.0,0.0,-0.0,-0.0,0.0,0.0,-20.78818459695662,0.0,-0.0,0.0,0.0,0.0,-0.0,0.0,-0.0,2.091595745687277,477.5052380837934,0.0,-0.0,0.0,-0.0,-0.0,-9.236634417140118,-0.0,17.664905352902984,-0.0,-0.0,0.0,2.812079684509897,-0.0,0.0,-0.0,-0.0,-4.394283882222395,-0.0,-0.0,0.0,-3.2572336679217337,3.3033691548320685,0.0,-187.99700758419644,-0.0,-131.08506859351354,0.0,2.299179684915057,0.0,-0.0,-0.0,0.0,0.0,-0.0,-0.0,-0.0,-16.85941889594063,0.0,0.0,-0.0,-0.0,0.0,9.937483977964988,22.83729345898757,-0.0,-0.0,-45.61621203298845,0.0,0.0,-0.0,10.170506681169561,-0.0,-0.0,-0.0,0.0,0.0,9.549340357205473,-0.0,-0.0,-0.0,-0.0,0.0,8.384911095482883,57.307451230491075,0.0,-0.0,-0.0,-28.848955504650235,-0.0,0.0,0.0,-0.0,830.1406753991387,0.0,-0.0,-8.874085072467729,0.0,-0.0,327.9465806221288,0.0,-0.0,33.82332240170818,0.0,13.669118609122098,77.11343504357734,-33.68716217005783,-7.761643333176617,-0.0,-0.0,0.0,0.0,0.030164844900405385
Stomach,-0.011566448007024081,-0.0037461299705712214,0.031204806057625774,-0.0010449797859910276,0.0,-0.0,-0.0,0.0,-0.0,0.0,0.0,0.0,0.0,0.0,0.0,0.0,0.0,-0.0,0.0,-0.0,0.0,-0.0,0.0,0.0,-0.0,-0.0,0.041522817148614014,0.0,-0.0,-0.0,-0.0,0.0,0.0,-0.5388641201238623,-0.0,0.6692059420227359,0.0,-0.0,-0.0,-0.0,-1.069767945087062,-0.6596508782022468,-0.7821430678105821,0.0,0.0,-0.12691534301574697,0.0,0.0,0.0,0.0,-0.008431453584578044,0.7946702203463842,-0.2339681774161875,-0.0,0.4617972011674945,-0.0,-0.0,0.0,-0.0,-0.0,0.44145396751811816,0.5551955656130263,0.0,-0.0,0.0,-0.0,-0.0,-0.0,0.0,-0.0,-0.0,-0.0,0.0,-0.0,-0.0,2.3896422312801677,-0.0,0.0,-0.0,-0.0,-0.0,-22.035513989194637,0.0,-6.024302788139777,-0.0,-0.0,-47.63192064992408,-0.0,0.0,0.0,-0.0,0.0,-0.0,-0.0,-225.41827171108054,-0.0,-0.0,0.0,132.44614476436487,-0.0,-0.0,-0.0,-0.0,0.0,-0.0,0.0,-0.0,-7.0392869363101065,0.0,-0.0,-0.0,-0.0,-0.0,-1.2070079854832771,0.0,-15.05530590179363,-3.994251075093886,-0.0,-0.0,0.0,-0.0,0.0,-0.0,-0.0,-0.944289323215499,-0.0,0.0,-0.0,0.0,0.0,0.0,-0.0,-0.0,-0.0,0.0,0.0,-0.0,0.0,0.0,-0.0,0.0,0.0,0.0,-0.0,0.0,-0.0,0.0,0.0,-0.0,0.0,0.0,-0.0,-0.0,0.0,0.0,-0.0,-0.0,-0.0,0.0,0.0,-0.0,-0.0,0.0,-0.0,0.0,0.0,-0.0,-0.0,-0.0,0.0,0.0,-14.947415768893423,-0.0,-0.0,-0.0,0.0,0.0,0.0,-0.0,-0.0,-0.0,0.0,0.0,-0.0,-0.0,-0.0,-0.0,0.0,0.031681026365420695
Testis,0.0,0.0,0.0,0.044829830793908614,0.0,0.3246211916542675,0.7406696345336512,0.0,0.0,0.0,0.0,0.0,0.0,0.0,7.416734662007245,1.4737284905248822,7.031117284821335,1.1465342886440943,0.0,0.0,0.3700202211697573,0.0,7.208233056756526,1.583440908391883,2.685447173207702,5.650407538005205,2.8580349683920216,0.5495053134475206,1.7788341158253285,2.0089928308967577,2.5601834062673774,2.501344903110115,5.229947311397572,2.13559882380529,6.775807451545099,0.5176807130960137,2.048385384496612,4.837665704457966,0.15755319861558204,0.0,1.4435142418649112,0.0,0.0,0.0,0.0,1.4004173616029247,0.0,0.0,0.0,0.0,4.482612689677692,0.0,0.0,0.0,0.0,0.0,2.117568073141573,0.0,0.0,1.412253857211825,0.31883623608415024,0.0,0.2106691779205489,5.0789273922318365,0.0,3.558034772230937,0.0,0.0,0.0,0.0,24.641251624621567,0.0,0.0,0.0,0.0,0.0,0.0,0.0,369.8922174380528,0.0,0.0,0.0,0.0,0.0,43.255645262626324,0.0,60.12069552956055,0.0,0.0,0.0,0.0,0.0,8.107158184195377,15.986075438180295,0.0,13.259406241942571,0.0,0.0,0.0,0.0,11.509579691813116,0.0,0.0,0.0,30.97278881088516,0.0,0.0,48.59203034760351,0.0,0.0,0.0,0.0,0.0,0.0,0.0,0.0,0.0,0.0,11.958807212216781,0.0,0.0,0.0,0.0,0.0,13.788633829128212,0.0,0.0,0.0,0.0,0.0,0.0,0.0,0.0,0.0,0.0,0.0,0.0,0.0,0.0,29.797055110021713,0.0,0.0,0.0,0.0,0.0,0.0,0.0,8.750272372659731,0.0,0.0,0.0,0.0,0.0,0.0,0.0,0.0,0.0,0.0,0.0,8.17681179620443,61.83648730226801,0.0,0.0,0.0,0.0,17.069593238984986,0.0,0.0,0.0,3448.7129605017376,0.0,0.0,0.0,115.77291015462153,0.0,0.0,0.0,1.4480935289233723,29.884363314996715,0.0,0.0,0.0,0.0,0.0,0.0,0.0,19.193392092786862,0.0,0.05061014078361992
Thyroid,0.0,0.004431028980562536,0.010104854378369358,0.0,0.9892345378630124,0.0,2.2159883687342217,0.7496934507648205,0.9178676492078792,0.6804270885760915,0.8229047752528602,1.201189317322785,0.0,0.1529385292756503,2.5321622664620236,1.7390160218549597,1.6695707583037394,0.2098502410776189,1.5982422939301777,0.0,1.4124589789474755,0.2352530783178982,3.529228185964473,1.7654056036807053,0.9638416288635521,2.4593325767242855,1.0736175986830458,1.097263413491807,0.0,0.06798530467594631,0.26648423093699714,0.0,0.12777248079997489,1.6205159983989934,2.5448796183538147,2.5399063158809763,3.223236579951602,2.5985227761309195,0.0,0.0,0.0,0.0,0.0,0.35067494126359827,0.3091212647283307,0.09006455193266062,2.0204600594340842,1.934973452508795,1.7337185530282722,0.005504613930726395,0.0,1.3092027923785192,0.7291324729890237,0.8955263320245266,1.3407119691459743,1.3108231241665882,0.3057943259825078,1.7536520892179701,0.0,3.4159462486738854,2.2569877523681585,2.1805656209075184,3.6832134428791834,0.0,0.6931926718818214,0.5189785387857482,0.0,0.0,0.0,0.0,0.0,0.0,0.0,0.0,0.0,0.0,0.0,0.0,0.0,0.0,0.0,0.0,0.0,0.0,0.0,0.0,0.0,0.0,0.0,0.0,0.0,0.0,0.0,0.0,0.0,0.0,0.0,0.0,0.0,0.0,2.4714320359619766,0.0,0.0,0.0,0.0,0.0,0.0,0.0,0.0,0.0,0.0,0.0,0.0,0.0,0.0,0.0,0.0,0.0,0.0,0.0,0.0,0.0,0.0,10.90630291700211,16.22472042607616,0.0,0.0,0.0,0.0,0.0,0.0,0.0,0.0,0.0,0.0,0.0,0.0,0.0,0.0,0.0,0.0,0.0,0.0,0.0,0.0,0.0,0.0,0.0,0.0,0.0,0.0,0.0,0.0,0.0,0.0,0.0,0.0,0.0,0.0,0.0,0.0,0.0,0.0,0.0,0.0,0.2201026607157806,0.0,0.0,0.0,0.0,0.0,0.0,0.0,0.0,0.0,0.0,0.0,0.0,0.0,0.0,0.0,0.0,0.0,0.0,0.0,0.0,0.0,0.0,0.029773414115758734
Uterus,0.0,0.006757712987047769,0.03876397089322269,0.0,0.6838842874439435,0.018411683605483765,2.423768715223682,1.1766021967830929,0.0,1.258916196548723,1.1241706446283368,2.0254988842317028,0.0,1.1384931974609296,2.494848635288331,1.4515543276303062,0.7493986659403311,1.7175619994992133,0.0,0.0,0.8133063145932184,0.0,1.6798968877025757,2.8577381528672072,1.5507980975773574,2.3652332713528943,1.1514346093477223,1.7733363211442148,0.0,2.941509604243735,1.853935548269109,1.591286877835121,1.8419007657083153,4.393274429452981,3.147231799970369,1.3677037025241514,0.6879399703485946,0.3761989321378324,0.0,1.699517861169412,1.3029443387543318,0.0,0.0,0.8317488778449244,0.0,0.0,0.06607432794922435,1.351600832210717,1.5989240200403112,0.0,0.14660250428700228,1.1824876536740623,2.001895555382644,0.0,0.0,0.12416023574187189,0.08550470976887428,0.5136563704441963,2.155977211925872,1.6449385433575183,0.0,0.779561729439764,4.221053516346007,0.0,1.3397490442737772,1.4118494130279264,0.035822403481733316,0.0,0.0,0.0,0.0,0.0,0.0,0.0,0.0,0.0,0.0,0.0,0.0,0.0,0.0,0.0,0.0,0.0,0.0,0.0,0.0,0.0,0.0,0.0,0.0,0.0,0.0,0.0,0.0,0.0,0.0,0.0,0.0,0.0,8.424758648603389,0.0,0.0,0.0,0.0,0.0,0.0,0.0,0.0,0.0,0.0,0.0,0.0,0.0,0.0,0.0,0.0,0.0,0.0,0.0,0.0,0.0,0.0,19.279563550538985,16.36085275787404,0.0,0.0,0.0,0.0,0.0,0.0,0.0,0.0,0.0,0.0,0.0,0.0,0.0,0.0,0.0,0.0,0.0,0.0,0.0,0.0,0.0,0.0,0.0,0.0,0.0,0.0,0.0,0.0,0.0,0.0,0.0,0.0,0.34586720176881086,0.0,0.0,0.0,0.0,0.0,0.0,0.0,1.745607964652587,0.0,0.0,0.0,0.0,0.0,0.0,0.0,0.0,0.0,0.0,0.0,0.0,0.0,0.0,0.0,0.0,0.0,0.0,0.0,0.0,0.0,0.0,0.07106623068640494
Vagina,0.0,0.007107750619081285,0.0,0.0,0.7912731591405098,0.0,2.081478376736245,1.5164765470643957,0.9437222777383135,0.2993255649223445,0.4832705974103121,0.8060470552283403,0.0,3.41446406516645,1.455063153469454,1.922229716027982,0.743982298521486,0.0,0.0,0.0,0.6334091293722856,0.0,2.762822413477848,1.4721707390753171,0.9760128892519805,2.4046014892784253,0.49114962090974457,1.6196826277038836,0.0,1.404741713679055,0.0,1.862167258915705,1.0570180899048924,2.856550775272385,5.310306222540274,1.556269531516015,1.7508308401186121,0.0,0.0,0.13277544741035457,0.9638767743577299,0.0,0.0,0.7851482428301662,0.0,0.008085971373423732,0.3722658238411024,2.3036741060312935,2.671516236874333,2.2239258537527706,0.0,1.2145406310300906,1.4870268673135967,1.411877673575684,0.0,0.6115836805653081,0.8936121537687064,0.575378419172255,0.935964526440458,0.1877365176962584,0.26857555024903745,0.6138358179195993,4.469980564723492,0.0,2.8151042603446634,0.44424731942455375,0.0,0.0,0.0,0.0,0.0,0.0,0.0,0.0,0.0,0.0,0.0,0.0,0.0,0.0,0.0,0.0,0.0,0.0,0.0,0.0,0.0,0.0,0.0,0.0,0.0,0.0,0.0,0.0,0.0,0.0,0.0,0.0,0.0,0.0,0.0,0.0,0.0,0.0,0.0,0.0,0.0,0.0,0.0,0.0,0.0,0.0,0.0,9.352238430318742,0.0,0.0,4.901302360721272,0.0,0.0,0.0,0.0,0.0,0.0,12.648008274655272,11.242281027406985,0.0,0.0,0.0,0.0,0.0,0.0,0.0,0.0,0.0,0.0,0.0,0.0,0.0,0.0,0.0,0.0,0.0,0.0,0.0,0.0,0.0,0.0,0.0,0.0,0.0,0.0,0.0,0.0,0.0,0.0,0.0,0.0,0.0,0.0,0.0,0.0,0.0,0.0,0.0,0.0,6.735110906551357,0.0,0.0,0.0,0.0,0.0,0.0,0.0,0.0,0.0,0.0,0.0,0.0,0.0,0.0,0.0,0.0,0.0,0.0,0.0,0.0,0.0,0.0,0.0504550019997736
Whole_Blood,-0.1100674176429277,-0.003600667226668452,-0.02631023605394822,-0.37753834587443535,2.0618037998989514,0.6686595049644256,-0.0,0.0,-1.585363040458234,5.693909299997102,0.0,2.8280753346768237,-0.0,0.014786496235521921,1.5212973112544148,1.2063531996184762,0.0,0.0,0.0,-0.6758054998724881,-3.2854804984196053,0.5946963889428637,7.949273740736395,1.3720848496776232,-1.6249650819324477,0.0,1.3282325037388494,-0.0,-5.086681314942499,0.0,0.0,-4.731113968163707,-4.2846837444359505,0.0,0.0,2.6253056405144477,2.9423654438655826,0.0,0.18290761040786388,-1.4845412926391528,-0.2620973926536907,0.0,0.0,-1.5185471080956126,-4.6477262213025465,0.0,-0.24238714080558865,-1.533169751254997,-0.0,-0.13004686963149326,-0.0,0.023621907862869516,0.0,0.0,-0.0,0.7244730385653354,0.6679239613918516,2.245458728084296,-4.426458884121483,0.0,0.7365610076090106,2.4989536173254265,3.056303789737948,1.1816585580557883,0.6085186480433663,0.0,2.2942678446095557,-0.0,0.0,-0.0,0.0,0.0,0.0,-0.0,-0.0,-0.0,-0.0,0.0,-0.0,-0.0,-0.0,-0.0,-0.0,-0.0,-0.0,0.0,-0.0,-0.0,-0.0,0.0,-0.0,-0.0,0.0,-0.0,0.0,0.0,0.0,0.0,-0.0,-0.0,-0.0,-0.0,0.0,0.0,-0.0,-0.0,0.0,0.0,0.0,0.0,-0.0,0.0,0.0,-0.0,-0.0,-0.0,0.0,-0.0,0.0,-0.0,-0.0,-0.0,-0.0,-0.0,0.0,-0.0,0.0,-0.0,-0.0,-0.0,-0.0,0.0,-0.0,-0.0,-0.0,-0.0,0.0,-0.0,-0.0,0.0,0.0,-0.0,-0.0,-0.0,0.0,-0.0,-0.0,0.0,0.0,-0.0,-0.0,0.0,0.0,0.0,-0.0,0.0,-0.0,-0.0,0.0,-0.0,-0.0,0.0,-0.0,-0.0,-0.0,-0.0,0.0,-0.0,-0.0,0.0,0.0,0.0,-0.0,-0.0,-0.0,-0.0,-0.0,0.0,0.0,-0.0,-0.0,-0.0,0.0,-0.0,0.0,-0.0,-0.0,0.0,0.040033711969784
