tissue,log_3_utr_length,log_5_utr_length,log_cds_length,gc_content_5_utr,gc_content_cds,gc_content_3_utr,AAA,AAC,AAG,AAT,ACA,ACC,ACG,ACT,AGA,AGC,AGG,AGT,ATA,ATC,ATG,ATT,CAA,CAC,CAG,CAT,CCA,CCC,CCG,CCT,CGA,CGC,CGG,CGT,CTA,CTC,CTG,CTT,GAA,GAC,GAG,GAT,GCA,GCC,GCG,GCT,GGA,GGC,GGG,GGT,GTA,GTC,GTG,GTT,TAC,TAT,TCA,TCC,TCG,TCT,TGC,TGG,TGT,TTA,TTC,TTG,TTT,exp_var_sc
Adipose_Subcutaneous,0.0,0.0,0.0,0.0,0.0,0.0,1.4042926911978737,2.0357670763460103,0.0,0.508204762125296,0.276119014483322,2.3736141954314283,0.0,2.0563794920502563,1.6535011609214851,0.0,0.0,0.054469527986502134,0.0,0.4483880933009348,0.16589508665115282,0.0,2.2910269132935213,1.6096875497333745,0.9213756243889465,0.11042129245678842,1.783890901582609,1.3760049060280384,0.2922661233256093,0.3117719974134988,0.9551511131623875,2.3428100847532045,1.1254657420762402,2.9085828041388697,1.7882007505603454,1.4380180386000676,2.0155389093373333,1.6778243462506177,0.0,0.42221091754443985,0.5155181556947135,0.0,0.0,1.3551155421473262,0.0,0.0,0.0,1.2432338943859174,2.0289529725824016,0.4429061833940056,0.0,1.0195529373963677,0.2188727308639568,0.5084228573460802,1.0280396744201754,0.0,1.0410232201904293,1.8127228966182944,1.287029721665602,1.087360246907608,0.6121089535672233,1.4103909172228821,2.0956606665917694,0.10328642220275705,2.080049889006695,0.05104929327816342,0.0,0.0425953663113513
Adipose_Visceral_Omentum,-0.01536308663964764,0.001487173380758487,0.006601218845411612,-0.016775381572553788,0.2620586572965399,-0.04469450968431769,0.0,0.0,-0.1972892132962144,0.0,0.0,0.2249491083879393,-0.0,0.0,0.0,0.0,0.0,0.0,0.0,-0.0,-0.0,0.0,0.5718401523987879,-0.0,-0.0,-0.0,0.051125474977056926,0.0,-0.0,0.0,-0.0,-0.0,-0.0,-0.0,0.0,0.0,1.3834443838861876,0.0,-0.0,-0.0,-1.2501893752809403,-1.3604251075589342,-0.0,-0.08568786411308142,-0.0,-0.0,0.0,-0.0024797449136730824,0.0,-0.0,-0.0,0.0,0.0,-0.0,0.0,-0.0,-0.0,0.0,-0.0,0.0,0.0,1.4265039355882638,1.3195655843901661,0.0,1.1373068465909684,-0.0,0.0,0.027987789332586832
Adrenal_Gland,0.0,0.0,0.014660124069754931,0.0,0.0,0.0,1.7076604908091042,0.0,0.6464313666685303,1.5433589280570794,0.15668426472773792,0.6625198009099724,1.578730512315613,0.6385242889065122,0.11768758048149981,0.1841648034313435,0.0,0.0,1.3532463375413786,0.5241451120831342,3.3661023948965894,2.2800385145319657,0.0,0.0,0.26218212517754746,0.0,0.023894016699773417,0.0,1.042380814451591,1.2951327287892445,2.4557814224195895,0.0,0.0,0.3652372306515215,0.7058044768321757,2.2588300329209714,1.1030463916479598,3.6974430927456017,1.1463449019478982,0.2542093259257676,0.6055376214036466,1.0886708992673542,1.181197785454169,1.187125785791637,2.5067958483128194,1.2610265744992115,2.5687976544704796,1.1551228565829257,0.0,0.6694641373086979,0.6046580156944388,1.9430502345172338,1.8916624288461399,3.5115108105891015,1.7027337383217742,2.4108979920082745,0.0,0.0,1.054930453358054,0.3502937298664383,0.9917093644442279,3.704729126600274,0.0,1.0495792590929525,1.8806224531028777,4.066184418816268,0.8199259259621197,0.030171412008289433
Artery_Aorta,-0.014921354299863014,0.0034352678086321557,0.0030223921943414414,-0.018199903191866953,0.26893316241497434,0.03631550139912557,0.0,1.1368315825905788,0.0,-0.0,0.0,0.6197759218089439,-0.0,-0.0,-0.0,-0.0,-0.465291851738084,-0.0,-0.3898550814091203,0.0,-0.0,-0.0,-0.0,0.0,0.0,-1.0202689869116737,0.6222220678024535,0.0,0.0,1.0140713772886347,0.0,-0.0,-0.0,0.0,-0.0,-0.0,-0.0,-0.0,-0.0,0.3404625666341056,0.2291396764481431,0.8247005473946821,-0.5370790427066574,-0.0,-0.0,-0.8851942452913499,-0.0,0.0,0.0,-0.0,-0.0,0.0,0.5794427131359421,-0.0,0.0,0.0,-0.0,-0.12100319354669353,-0.0,-0.0,-0.23795062776665377,0.14436759429453108,0.32495112825419253,-1.0561832671874474,1.1277302983640654,-0.0,-0.51429587819283,0.01322712415066496
Artery_Coronary,0.00019557635033228395,0.0019163967864396214,0.008520575610530245,0.0,0.0,0.0,0.07365231212661674,1.5392103765779275,0.0,0.0,0.0,0.7859277973267506,0.0,0.0,0.0,0.0,0.0,0.0,0.0,0.0,0.0,0.0,0.0,0.0,0.0,0.0,0.38481150722041313,0.0,0.0,0.7408682149192809,0.0,0.0,0.0,0.0,0.0,0.0,0.0,0.0,0.0,0.4685490949385229,0.0,0.3914156893895742,0.0,0.0,0.0,0.0,0.0,0.0,0.0,0.0,0.0,0.0,0.0,0.0,0.0,0.0,0.0,0.0,0.0,0.0,0.0,0.0,0.0,0.0,1.3551147929749208,0.0,0.0,0.006204111998345585
Artery_Tibial,0.0006750494550882048,-0.0026057555052953507,0.0052554561216539165,0.16400219951459566,0.0,-0.2664353988982935,0.9427089160068226,2.4186213054462264,0.5866431017948834,-0.533221385218414,0.851577678872185,0.0,-2.9933996075149722,-0.5809654158884339,0.2653894313527452,-1.355095792316133,-3.0220371809132054,-0.8803817137108485,-3.5107006343410103,-0.0,-0.018515491978434977,-0.527561590535911,-1.5289754339179786,1.744891275720684,1.6278140485080488,-3.3312935953312475,0.3983709927350238,1.0347342621219318,0.5831351245507381,1.362181914058921,4.185436725324735,-0.1283681578335834,1.2792242525736301,2.5707203033248915,-2.437921978493241,-0.12704917887082418,-1.791392252216718,-0.1403932647690157,-0.0,1.3256069954165912,-0.0,2.1518749702515496,-0.9480087286938007,0.2748147997324003,0.14936493877632404,-0.0,-1.5974065790108942,0.30889627592326385,-0.4197067782389833,-0.9098513972012768,0.06372333488653664,-1.0086120971462533,0.7763541472252298,0.0,-1.2432113941549785,0.24908966598701612,2.732248380909913,-1.122330284829813,1.5121206829811153,-0.0055216818264195635,-1.9748415243506903,-1.0650010908532543,1.5142014914063922,-1.9190052656105978,1.5638134196572924,0.8009165976020044,-1.6769478789106511,0.009018254459321029
Brain_Amygdala,0.07174464018704647,0.0,-0.04934575104255528,0.12856308770990085,-0.0,-0.19573161615441675,-0.0,-0.0,1.3198898689609873,0.0,-0.0,-0.970528055697496,1.8235778122415136,-0.30758573513907844,-0.20808676193554776,-0.9145124270317423,-0.0,0.9269600423963616,0.2666192131738146,2.4411571005857327,0.0,1.6040115357322815,-1.6825155699242471,-2.8882328128796186,-0.34478569926295854,0.0,-0.0,-0.0,1.8743438601453852,-0.749230554771952,-0.44458699615396263,0.04301635676204984,-0.0,-1.6909117398720699,-2.6697058365424593,-2.655537750430345,-0.9267911347961887,-0.0,1.1223001961762409,1.5318491600032689,0.4743030973617704,2.3108882853952903,3.5943964638236783,-0.0,1.328937011585282,0.34369906458311134,0.019994601813357712,-0.7930912564312302,-0.0,0.0,1.76844394248503,-0.34276398824737125,-0.0,0.0,0.0,1.9430710501320594,0.0,-0.0,0.0,-0.0,0.0,-0.0,-1.993294244656696,0.0,-0.038854851972349363,-0.0,1.0094148378155599,0.06972148231882969
Brain_Anterior_cingulate_cortex_BA24,0.07266192434346802,0.0020755588831577933,0.0,0.1765462093059117,0.0,0.0,0.6422850194782773,1.9473354659313578,4.491458548824636,3.3595138153668445,0.900203088081202,0.31917142717569347,5.60566741289883,0.0,0.0,0.476100243439208,3.099401804257488,3.977003200441396,4.353102755752222,6.253904781986063,4.198921804864245,4.223332250852442,0.0,0.0,1.597473215475233,3.8948988051395386,0.8850181388080636,2.0857656626527032,5.867776738587779,0.5764911002495425,1.7396385989550025,2.3293193432476396,0.8774839351440181,0.0,0.0,0.0,0.0,1.3204393760897504,3.4508155080330707,4.365403764068022,3.0387782984705485,5.171841305488071,7.002260656277408,2.670974161163941,5.528675870645655,3.8201179659847546,4.003991390700825,0.32346280024988877,0.987391085030109,2.979996720920378,5.73307920057643,0.3032788332984743,2.6955960093558518,1.992091924366664,2.1397260186944744,5.451519319316527,1.85088548563361,2.996002958848502,5.720761134356789,2.8119810767126747,3.8194194558318197,1.4842289587878932,0.0,4.062031462062926,0.907651031194562,1.9227795961546654,4.7097490674035205,0.05521269570393528
Brain_Caudate_basal_ganglia,0.05887687036562672,0.0,0.0,0.11880605728120981,0.0,0.0,0.5153467996658917,0.9989347109496208,2.3060729099564417,2.9077128462219797,1.6245026204349564,0.6042115003332116,3.4780809632121747,0.4367090101576382,0.8888072464301595,0.0,2.801212344961355,3.627306582236988,3.4346207912434807,3.5845250624213794,2.286589180316644,3.59185160267037,0.0,0.0,1.0233294997854478,2.058265483945296,0.04358782384265128,0.7242683138106494,3.685580856344647,0.35677381022567395,0.8239493202843207,1.2501503474236513,1.3168444831480108,0.0,0.0,0.0,0.022046685356078056,0.0,2.4776792167787076,2.751386280956269,2.604949050565371,3.20552451707309,5.052380101761676,0.8918867678636756,4.539472501367444,3.6913547206457444,3.5443618829484262,0.0,0.6098772780825528,1.398607603269988,5.4324065942227024,0.0,2.140015549866225,2.1440867547978724,1.700931597210734,5.086581672785169,0.9144071717787596,2.9868375089926165,4.426398674039777,1.1223656110507094,3.3648907569693645,1.1058452925334776,0.0,0.13024682137499177,0.6581722367708029,0.528588408346567,3.371032164474272,0.058035241667368176
Brain_Cerebellar_Hemisphere,0.08170233426106521,0.004524364095064776,0.04882929464280543,0.0,0.0,0.0,0.5987211811758176,1.944725538288237,1.500212327474489,2.556961340118289,1.0979475098053673,0.7731953060691464,2.2374056517718377,0.0,1.8598636719327666,3.256467892334144,4.491006811997814,2.844799832099145,2.3394604047786403,2.1623053846543785,0.4157373976198829,1.699705957893247,1.231035792860358,3.1303746495448332,1.08623505051977,6.439556686502709,0.0,0.4858975273363716,1.7942488975495718,0.910981612654187,0.0,0.0,1.8926420795872039,1.3370868463500347,2.7258730152709316,0.7438797622128659,0.34518399453757836,0.0,2.5523534810305746,1.1967679866502057,2.7088520484772554,1.3467825414949173,3.851657727313053,1.1733990691508958,1.5848504193707313,2.602443612019043,4.921247758094276,0.0,0.0,1.861816317585796,2.232041708378877,1.455142354667493,0.850543410410797,0.0,1.981631875651727,0.7627191670141054,1.42871923060649,2.129723558987895,5.584125928802573,5.409626186079619,1.8756251584603871,0.0,1.8123242167106688,0.9402871729848794,0.0,3.6734813431257116,1.8129132351339117,0.08554595537108789
Brain_Cerebellum,0.04592382494733661,0.015247644221960071,0.044985261582794235,-0.34743980862232887,0.7292613808722864,-0.0,-0.0,0.29723603384008207,0.0,-0.0,-0.0,0.0,0.0,-0.0,0.0,1.4567441694002394,2.1251949107315613,0.0,-0.0,0.0,-0.5972891145937167,-0.11683103401317572,0.0,0.440671704261344,-0.0,2.2290985049025127,-0.4324386535249824,-0.0,-0.0,-0.0,-0.0,-0.42278501795368323,-0.0,0.0,0.0,0.0,-0.0,-0.5398995677257362,0.0,0.0,0.9956339886640261,-0.9550878533857774,0.1733096436190666,0.01234000431794642,-0.7763920002855015,0.3473821402618848,1.6974780208473452,-0.9435247706806912,-0.8549707844232731,0.0,-0.0,0.051682492687394124,-0.0,-0.02377033641444116,-0.0,-0.2553965263006562,-0.0,0.5802797743488186,0.0,1.4485116720253959,0.0,-1.9064639736900848,0.47969960556195046,-0.44754017830070153,-0.38307701474646993,0.03803541388631224,-0.0,0.030895101101350964
Brain_Cortex,0.06806104116616213,0.0003972432323398257,-0.013401429499855847,0.09591831193481655,-0.0,0.0014514884017396306,-0.0,0.0,0.9291236685611846,0.0,-0.11114203671188048,-0.32901880985916965,4.0308539207837715,-1.0627664054915318,-1.6567994112137503,-0.21520140219019662,0.0,0.0,0.0,2.842201046916754,0.48915804299815163,0.0,-2.637081655030796,-1.2028502240251626,-0.0,0.7114744611900865,-0.8247460102503146,0.0,1.5772568536159572,-0.0,0.0,-0.0,-0.0,-1.5171742574312737,-0.263946113949322,-2.704612636938217,-1.38589155315283,-0.0,0.5343182089849687,1.9238913972682925,0.7265792679982823,1.3337476022955213,3.3505566176762653,0.0,0.0,0.7158743571885984,0.0,-0.4384279539606452,-0.33081749612033307,-0.0,0.0,-0.0,0.0,0.0,-0.0,0.0,-0.0,0.0,2.429966731350402,-0.10264507496726707,-0.4160149487608956,-1.4485745245364032,-2.1649779570321,0.0,-0.4795443756801365,0.0,0.0,0.03423547707058361
Brain_Frontal_Cortex_BA9,0.09664547273986297,0.004451772646891374,0.0,0.20758769065825064,0.0,0.0,1.1909939770710831,2.739827050520727,4.400056586225961,3.765540790210332,1.6353186766331766,0.8835935511751253,5.713678766695967,0.0,0.0,0.9983844862812069,2.8718943004694775,3.895371680842415,2.7416913727508385,6.395232005255699,4.670628876544173,3.4257909367715893,0.0,0.0,1.6312803116542998,3.9060753911006336,0.625793776549241,1.5100010738204723,5.752685683554751,1.618272534503281,3.6840703706380196,2.242403211440197,0.8415868113660712,0.0,0.0,0.0,0.0,1.1045609277263628,3.702058784627006,4.910373921279504,3.5706837560296973,5.473173914970496,6.836467986694711,2.7342116310417066,5.59785534698657,3.938816972784383,4.179657651886997,0.4024932907297472,0.0,3.3104230576258225,6.3328185786306,1.1203698247467209,2.491387669227077,2.6921839210680365,2.392584154833199,5.235263404905299,2.8653730975765113,2.9052651788838575,6.94625457958255,1.8469744822120333,2.9313601939536422,1.2921104784922623,0.0,3.619170215846301,0.6397042226654819,2.8130179212251196,4.647409646321676,0.08138261108672984
Brain_Hippocampus,0.07846637191181023,-0.001959247193372598,-0.04813678989854238,0.19881278124215357,-0.00472277114742557,-0.2924920441561865,-0.0,-0.0,0.3866265230480135,0.0,-0.0,-0.0,0.40520503326110446,-0.0,-0.7040440907684354,-0.4263422952834371,0.0,0.40146921850852435,0.014805901200349577,2.860259064168221,0.0,0.5346880097380927,-0.8237442569051034,-1.5392220666542766,-0.8246720457568257,-0.0,-0.08353644812368514,-0.0,1.4029740240133863,-0.23979302855446324,-0.0,0.0,-0.0,-0.0,-0.12866474261385333,-2.4221399499306893,-1.4851985419892852,-0.0,0.9675899307224208,1.8562270213835779,0.8971151488352986,2.66721600221729,3.469853391983001,0.0,1.9486841024353094,0.0,0.0,-0.9465545584635239,-0.0,0.0,0.8896315365997732,-0.5461180070869152,0.0,0.0,0.0,0.42343306375690326,-0.0,0.0,0.0,0.0,0.10142567807324145,-0.0,-2.0229621405461042,0.0,-0.0,-0.0,1.2158964946312976,0.06870282262484506
Brain_Hypothalamus,0.060432257164968264,0.002690726651256559,0.0,0.10694714168676878,0.0,0.0,0.8895013421548806,1.6341031953420675,3.0225392869242897,3.2741190664565676,0.5305578449625705,1.0578968962513307,1.8460921890910407,0.0,0.5565610649382703,0.0,3.4106932739303555,4.284560511834146,3.5831592498367058,3.557661655926135,4.0643534424945535,2.1571451421986505,0.0,0.0,1.206156012049269,1.9323626394945397,0.3691276563752316,1.378409838541003,4.471494497162643,0.0,0.27814302678813985,2.67312231747475,0.0,0.0,0.0,0.0,0.6073309288192118,0.994069558889449,3.6504793861056886,2.5363891199520485,3.169271147889556,4.478610479760747,6.286039632461572,1.9621386056567514,5.1263934904596145,3.908665230400504,3.8744713641475403,0.5745678095239131,1.3876096611875395,1.8858335156797703,7.405512503294958,0.0,2.9039950798019323,2.8546890395708933,2.1324332190158444,4.883796182360754,1.0040603119264118,2.2975363701746225,2.836679289059217,2.708710007728337,5.015780974761684,1.5514282872450746,0.0,3.0760136935885933,1.6780362935288256,1.629185081441013,5.476334833916179,0.06434220089574727
Brain_Nucleus_accumbens_basal_ganglia,0.07444634829351784,-0.0018621898476984477,-0.050752411628114634,0.10469992412154604,-0.39091056731039675,-0.41622624241193074,-0.12980365480928405,-0.0,0.6798924796658395,0.0,-0.0,-0.0,0.0,-0.0,-0.0,-0.7967440988209165,0.0,0.0,0.0,1.6003139752251578,0.0,1.5517100694081372,-2.6572505457021847,-2.3573936062913066,-0.0,-0.0,-0.7838359276440227,-0.0,1.1501157326160918,-1.0902466407637226,-0.0,0.0,-0.0,-0.0,-0.47938855177566914,-3.0598128453473317,-1.1682009816258345,-0.0,0.4307741606581092,0.5648675113377747,0.6793767445407578,1.8533974092217138,2.5893333308456135,0.04498450748299554,1.3065773499705882,0.0,0.0,-0.3188919934928601,-0.0,-0.0,0.0,-0.0,0.0,0.0,-0.0,0.08032262194090913,-0.0,0.0,0.0,-0.0,0.0,-0.0,-2.1028871726807905,-0.0,-0.944073117536278,-0.0,0.7087991226165459,0.06931463752548073
Brain_Putamen_basal_ganglia,0.06439213023550358,-0.0011211313325002984,-0.04789550449139599,0.24349380000307316,-0.623038273397009,-0.2078303626313057,-1.199536752697886,0.0,0.8174682896616704,0.0,-0.0,-0.4708802246163069,0.0,-0.7280311215130812,-0.7591826363937825,-1.084509479368374,-0.0,0.0,0.0,1.2655143125750299,0.0,1.9517985412557122,-2.1343445023514778,-2.0617097354454423,-0.27339804948903723,-0.0,-0.21622325906504775,-0.0294017995878597,0.6053290998239461,-0.7209182091240278,-0.0,0.0,0.0,-0.0,-0.0,-2.979532081737142,-1.6648858155681407,-0.0,0.14588160806469003,0.8872528306055361,1.0327510040155856,1.4222566277034248,2.295374565674735,0.0,2.1344705220855733,0.7048427603411388,0.3009340800617463,-0.3848619708005543,-0.0,0.0,0.0,-0.027655040716465656,0.11647469546932737,0.0,0.0,1.10210348561827,-0.0,0.0,0.0,-0.0,0.5739168092726832,-0.0,-2.2435714601721637,-0.0,-0.0,-0.0,0.5925989031668066,0.05364339611896696
Brain_Spinal_cord_cervical_c_1,0.049759544015500826,0.0029187808747548174,-0.07918838602940284,0.14546575626881922,0.5424375057898146,-0.32548655041077407,-0.0,-0.0,0.10616200040577245,0.0,0.5793754379074664,0.0,0.0,-0.0,-0.0,-0.0,-0.0,0.5416429510440383,0.778165675818272,1.597638866445529,0.0,1.507623722834027,0.0,-1.5533945315394235,-0.2318558034506691,-0.0,-0.0,-0.9609372770945216,-0.0,-1.0158753458879477,-0.0,0.0,-0.0,-0.0,-0.0,-0.9960122772984116,0.0,0.0,2.039334954747235,0.0,1.5472771834024535,1.765492908643168,2.9777813618965943,0.0,0.0,1.032181134380208,0.46546741076680553,-0.2112584932693744,0.0,-0.0,0.14082834123911317,-0.0,0.0,0.0,0.0,2.0117390613230097,-0.0,0.0,-0.0,0.0,-0.0,0.500157434108957,-0.0,0.0,0.4398529418516878,-0.0,1.9261352256045094,0.05132315561918055
Brain_Substantia_nigra,0.058765162454333775,0.0,0.0,0.10795452895583374,0.0,0.0,0.021578758060516408,0.5714375469346267,3.4848259459449986,1.1377846533653293,1.8063167126536663,1.3179217164739365,4.555140353475434,0.0,0.0,0.0,2.4202365105242363,4.59348693237392,3.9489091597518784,4.2788191991495115,3.907616309454509,2.789400986637735,0.10493476832010393,0.0,0.294603513155995,0.5206536405925838,0.1720033862665795,0.0,5.37252293023274,0.06014744571100745,0.0,2.224069528753599,0.596191546445637,0.0,0.0,0.0,0.26794167766444876,0.1284669490069383,3.5998055043703023,2.0971766560386507,2.4735692611214404,4.097936432283777,4.956821498149261,1.196519691284233,3.56746712800243,3.235526488551412,3.459596807676515,0.0,1.573769860991285,0.08289504643819572,5.333428036099089,0.5564090955257759,1.7743988837099212,1.9883656422164084,1.842926249399154,4.372612054842132,1.5123899240987144,2.4045553708246183,1.006256288545659,0.8746567114941829,3.266683892097904,2.495165259008725,0.0,3.2862350677440664,1.2754144343474432,0.3504204646490419,3.945606581585838,0.05904549218900135
Breast_Mammary_Tissue,-0.029458001579306024,0.008584923994657823,-0.021488639934099992,-0.07781232553353476,0.0,0.07389532644587134,0.5544025468085055,0.1390112572062137,-0.9039765744981918,-0.12537578196335716,-0.0,1.154101713796657,-3.4497311274971474,0.7854778331407601,0.9542432256648526,0.30157968885547354,-1.051101380197903,-0.2006938081532648,-1.9125630972991705,-1.8880853160826496,-0.31541758075553883,-1.1183560759484439,1.247268073050892,0.0,0.06900758068892131,-0.09996493341396001,0.8388212760916592,0.0,-0.6555887765440725,-0.37738079449008843,-1.4693256469925828,0.7769843605584735,-0.2580033515231032,0.0,0.7018954241467708,0.11312930359669295,1.1278299818878044,0.5532562534868989,-1.1866156824180014,-0.40097234001743826,-0.8823245074887754,-2.1356368290406813,-1.8894500972730928,0.23939573237049167,-0.7095406155025834,-1.3440360399510825,-1.2080022748135097,0.21919708502369045,1.7028753562188441,0.0,-2.498082302357266,0.36755476135638737,0.059157592629236665,-0.0,0.49745282232192545,-1.7327753823945968,-0.2985561693790799,0.7181651970215555,0.14229648895889666,-0.04601182856430804,0.12678729709908046,0.0,1.9182805076953129,-1.0205271533959488,0.7109456163626411,-0.5901409815239694,-1.205467057227666,0.07546333423136187
Cells_EBV_transformed_lymphocytes,-0.047708494171716485,-0.012004827622953082,0.06824042879766883,0.026155912537939027,-0.39052165449581333,0.13475696655856742,0.8251799614839663,0.0,1.1914199435398205,-0.0,-0.18661222197000604,-0.0,0.0,1.0784280164470907,0.0,-0.0,-0.10731283726339365,-0.06355252235357206,-0.0,1.2254448605154105,0.5214454931357405,0.4675776234959846,0.15648609971606098,0.0,0.5493501100697029,-0.0,2.2450659175458236,-1.8991546969971593,-0.0,0.0,0.0,-0.12378689765935842,0.38794967563348964,0.0,1.6800120866285007,0.6633758926959497,-0.7845688584736542,0.3520202146041671,0.4892368758165821,-0.0,-0.2781602357664188,1.8500960102264716,-0.14497417299999216,-0.7919941675682416,-0.0,2.7551312414873563,-0.0,-1.6453688118109053,0.0,0.0,-0.0,0.0,-0.31991502727944676,0.0,0.6095455961366205,-2.234332709157034,0.0,0.0,-0.0,0.0,-1.7843418277439527,-2.016634751107852,-1.57757162758216,0.0,-0.7777599936312508,0.0,-0.0,0.046593093061437774
Cells_Transformed_fibroblasts,0.011876514441651944,0.0,0.1415818487087208,0.1610011208167618,0.0,0.0,3.8189602983364064,3.6500250614592793,4.0779301702366215,2.3663582991705687,2.5786256528444076,2.7600160993208522,5.990018201377891,1.7329009373236857,1.3358727903680632,0.0,1.5472159513912789,1.1090297374166314,0.329268712395735,3.385927702938509,4.550344930157314,3.227729101172394,1.657968832322303,0.0,2.0577564204293814,0.0,3.847248459925823,0.573316395492041,2.484018095588774,3.4762549577535755,7.295964797226982,0.3729116004535511,1.2078074625236408,0.0,2.5193192630151526,3.7157678913478667,1.2389189077706262,4.852038713369244,3.344083195869049,3.4184727683833342,0.7118616709305172,4.8495396253877985,0.0,1.3285297907709472,4.749320560614465,3.340431834516285,1.1306309985409835,3.3425752525753065,0.0,3.84056120080062,3.6353503840776855,3.235021229565609,1.2026184229353882,4.695548442794919,2.3895018447010745,3.5139354100283047,0.3800922186356248,1.7343548609962085,3.4706875250348723,3.0718904745419513,3.1695867627785512,3.337773834426058,0.0,3.368086932210014,4.4941830496954855,3.1227751746268693,2.3250591243927676,0.07002616840860099
Colon_Sigmoid,0.0010584676183598252,0.005151670842007629,0.013411194031632647,0.04059767748728802,0.08929200032315854,-0.13345542313424386,0.9013921179861284,-0.10845624201465248,0.4535704706791237,0.26355731354729744,0.4687527550108727,0.2628948337961808,-0.7236381304187657,-0.0,0.020983958015036722,0.1389207678156027,-0.4600005974242952,0.19994798452375742,-0.0,-0.3230297877806693,0.31308009711636603,-0.6119499089428448,-0.0,1.2241253669061645,0.6380326370619768,-1.0885835616339279,0.0,0.2971054181778097,-0.0,1.0850992799403418,0.1127376671713075,0.20660328711097165,1.7930660569036478,1.5921509209315143,-0.7206691191158863,-0.6082436853095704,-1.264147470120879,-0.12547863300512666,-0.4766216720225706,-0.22957170364457005,-0.2841342948472844,0.4172043062279766,-1.0828683318008316,0.5296510479725969,0.0,-1.1310510514374452,-1.602370989904788,-0.0,0.1274718242527661,0.0,-0.6518420548332688,-0.31726313838127634,-0.09543801572499973,-0.8300410420475012,-0.6579317665944064,-1.6809087127419153,0.17071685942366546,-0.8299740156085281,0.15136000139714437,-0.42911799729245026,-1.648323397941167,-1.0887602908974647,0.25386245607369484,-0.21609193367329663,1.0175317006865268,0.15110960561648606,-0.5190698327084962,0.00621767145056229
Colon_Transverse,-0.006851484692825389,-0.003510279617896275,0.039329612693939926,-0.0941403702016255,-0.3964905019778317,-0.11083187068514122,-0.16443566261002185,-0.0,-0.39669868916936074,-0.0,-0.0,-0.0,0.0,-0.0,-0.0,0.06791420585172094,0.0,-0.17497109376875233,-0.0,-0.0,0.0,-0.05784509925429719,-0.0,0.12831874533334828,-0.0,-0.2746754252602629,0.0,0.16461037545982857,-0.0,0.0,-0.0,-0.0,0.0,-0.0,0.0,0.4529146597758227,0.5269366813055862,-0.0,-0.14039345444744203,-0.4569761862561521,-0.9970385940240025,-1.0730824464190543,-0.7401817380012564,0.0,-0.0,-0.7703775716823635,0.0,0.0,0.47062410858468545,-0.0,-0.10508811177389771,0.042021751768031516,-0.0,-0.0,0.0,-0.26598690150580556,-0.36575927317057044,-0.0,-0.0,-0.3463221685191291,0.0,0.0,-0.0,-0.08012191532318311,0.0,-0.0,-1.043461534525665,0.019888066214553857
Esophagus_Gastroesophageal_Junction,0.0,0.0,0.03389740453590979,0.06938576441278779,0.0,0.0,1.4999566414609822,1.365185198612278,1.246719696952331,1.0777422798906249,2.114756287437833,0.9429624398273571,0.7156367121222306,0.21425456258599943,1.319967400854295,0.24311506270366373,0.0,0.6760432680297828,0.0,0.4894574269327282,1.1808650474014513,0.3931133257602494,0.30289822607908207,2.188565519326791,1.6012071950103128,0.0,1.4976087253258614,0.9958721693526608,0.3979020399564346,2.148905140155175,1.5089059759382395,0.6848631692048128,1.7605745548041873,3.272929563885505,0.0,0.25986012712039347,0.0,0.050133787601922254,1.1322666851293386,1.5085950038328373,0.48952647770137203,1.0731425419583105,0.0,1.1383500019757133,2.1143649551880994,0.0,0.0,0.7784996960358781,0.0,0.3996831582170181,0.5805110640287572,0.42528780597051824,0.4615019579334022,0.7546682278195277,0.48556455334185455,0.0,0.46139518406364444,0.0,1.2474202634832305,0.0,0.0,0.0,0.490854669085887,0.3841743791963889,1.7236468171582708,0.7822537069835512,0.0,0.012513763138019218
Esophagus_Mucosa,0.0,0.0,0.0,0.0,0.0,0.0,0.0,0.0,0.0,0.0,0.0,0.0,0.0,0.0,0.0,0.0,0.0,0.0,0.0,0.0,0.0,0.0,0.0,0.0,0.0,0.0,0.0,0.0,0.0,0.0,0.0,0.0,0.0,0.0,0.0,0.0,0.0,0.0,0.0,0.0,0.0,0.0,0.0,0.0,0.0,0.0,0.0,0.0,0.0,0.0,0.0,0.0,0.0,0.0,0.0,0.0,0.0,0.0,0.0,0.0,0.0,0.0,0.0,0.0,0.0,0.0,0.0,-2.220446049250313e-16
Esophagus_Muscularis,0.0022785559288966027,-0.001308183686660988,0.045697385285065034,0.11673137642750746,-0.0,-0.11145430322482318,0.8530994014969713,0.2563747851418402,0.5908369274468308,0.10950304911454682,0.5872701889039414,-0.24748196021681645,0.47335876341737726,-0.22431001188016494,0.521214452520598,-1.0574857164458125,-1.342181937052481,-0.14808522794241658,-0.6451937419318117,0.22710699620467178,0.3988949276728132,0.0,-0.8674168229892362,2.2907061963665023,0.8410780837188216,-3.3506039753553902,1.1108089814616606,-0.47817800528625815,0.24362344036654332,1.5642053991285818,0.9869691290772399,-0.0,1.4644748432736647,1.233988840302795,-2.2379307433494477,-0.2535773096516601,-0.923886786551909,-0.09967198508258777,0.19205347799447497,0.1805224996963765,-0.45293836655894365,0.8646561311103174,-0.7666203148845258,0.3927289476404563,0.521834533506471,-0.7036935016409457,-1.066712362844206,-0.0,-1.3446095880790665,0.0,0.0,-0.24722822810672423,-0.22246211878117578,-0.0,-0.870454824067495,-0.994436839752153,-0.144839007058719,-0.9668121891481388,0.3323886122247572,-1.015054259555385,-1.8965934253733994,-1.0386797508394383,0.0,0.6188727673428187,0.6990255531750932,0.14014345343265625,-1.3712983995007497,0.019599722012307974
Heart_Atrial_Appendage,-0.05561287895895402,-0.005010019119565222,-0.048724062855364285,0.0037249346678214588,1.1898623928263679,0.48047395403696136,0.09036632212457446,0.0,0.9007871169208573,0.2155812301145713,0.0,0.7618278912285872,-0.0,1.7749344387797905,0.0,-0.27158534064324297,-0.0,-0.0,0.9589814285939453,-0.0,1.006308915755437,1.8998741000855082,1.3435120551709183,0.02789462277278333,-0.12703270809530318,0.0,-0.0,-0.0,-0.035595940724164006,0.0,-0.0,-0.0,-0.0,0.0,0.0,0.06456810508411853,-0.0,0.08467053907208766,0.9665382689266846,-1.0774356318045055,0.0,0.4031017990624963,0.0,-0.0,-0.3447107518739716,-0.0,0.9052742866151088,0.07692155132375401,-0.0,0.0,0.0,0.0,0.0,0.0,0.0,1.8104492590193693,0.0,-0.8909083652333802,-0.0,-0.0,-0.5241634465449335,1.6161700859277017,0.5324054601602504,0.0,1.3980814259176642,0.6505942928178269,0.5623793116121177,0.06092247066156198
Heart_Left_Ventricle,-0.029960338760184592,-0.028677141463148256,0.003068973872230482,0.1363231848008958,-0.13510987032273108,0.2441877669001497,-0.0,-0.0,0.05486800877685602,-0.0,-0.0,0.0,0.0,0.4120016562449065,-0.1558664627956513,-0.8062044624040844,-0.0,-2.0941410075522406,0.0,0.4076193486822696,0.8575622903130873,0.5127429491412783,-0.0,0.3007257057511278,-0.2511888298896767,-1.8350075856296462,-0.08469210059138821,-0.0,0.0,-0.0,0.0,0.0,0.0,0.0,-0.0,-0.0,-0.9810951618523425,-0.0,0.19824079438687361,-0.4912183813119093,-0.21408973254383823,0.7277538035383325,0.0,0.0,0.0,-0.0,0.0,0.07432985063589499,-2.2267638852297833,0.0,0.0,-0.0,0.0,0.8711486941143374,0.0,0.0,-0.0,-3.1218943683978653,0.0,-0.0,-0.9748374745636625,0.0,-1.6318258749937027,0.6854825071706385,0.0,0.23601856308608035,0.0,0.016418550323960446
Kidney_Cortex,-0.023345179414992437,-0.0030028422697441328,-0.012068389345575548,0.0872651182849018,0.3213235145860907,0.24348279137511028,0.15224784067647074,0.0,0.0,0.4621121766299501,0.0,-0.0,-0.0,0.0,-0.0,-0.0,-0.0,-0.0,0.0,-0.41246596856383555,1.0826636110158354,0.23840293646751415,-0.0,-0.004651554668553592,0.0,-0.0,0.038005331168490704,-0.23389321434575733,-0.0,-0.0,-0.0,-2.181123270930599,-0.0,-0.0,0.0,0.0,1.2466823334776063,0.5666295666195303,0.0,-0.859771946210213,-0.7966946654370952,0.8577019771593277,0.4113425080407554,-0.0,-0.0,0.0,0.8081493634416077,0.0,-0.0,0.0,0.0,0.0,0.7180996959059279,0.0,0.0,0.31168761070246714,-0.0,-0.0,-0.0,0.0,1.9504494449382017,1.0948582136116507,-0.0,0.0,-0.0,0.0,1.690230265463642,0.021910912464579324
Liver,-0.021889439481618044,-0.010517303350796132,0.007518178831619767,0.015886288289525607,-0.1077882118606984,0.05968777423508484,0.18845671128371755,-0.9243691367128667,-0.7515868389077204,-0.0,0.0,-0.0,0.0,0.0,-0.0,0.0,0.0,-0.0,1.8067520848160699,-1.3105195741902016,0.03270840790799104,0.0,0.0,-0.0,-0.0,0.9950618665780878,-0.0,-0.4969756518953187,-0.43723321074397636,-0.5419623580257464,0.0,-1.00510959421031,-0.0,-0.0,0.0,2.460266933651122,2.1405274278392206,0.1475828601961839,-0.0,-1.3300594459249286,-0.3380674825377417,-2.1379092984631973,0.0,0.3756875210901492,-0.0,0.8563457993529511,0.5206161532651775,-0.0,-0.0,0.0,0.0,0.0,0.0,0.0,0.0,0.0,0.0,-0.0,-0.0,-0.0,1.3069228777262694,5.385691835102857,0.0,0.6791542843364856,0.0,0.0,3.004805872774472,0.031077455852168923
Lung,0.0,0.000934392885738065,0.0,0.0,0.0,0.0,0.9193652099176581,1.5859547342641291,0.14127210052380107,1.6819386717010216,2.517798171263988,1.2587182238932009,0.0,1.7555626956232437,1.8614215922186588,1.6524524080749707,1.1192340017238969,0.0,0.8854476418851087,0.0,1.2445460103469927,0.0,5.138368563051177,1.3675413768789721,0.6468120167210973,1.0089114994319797,2.5424261321085737,2.0392158059356693,0.0,1.4596083423806265,0.00013287565935105782,0.0,0.0,0.8370949074212958,3.9211712621773147,4.149871482683742,3.585623589210834,1.1355735463634984,0.201726294127307,0.049089734878415815,0.6773943736059039,0.0,0.0,1.2711831056029492,0.0,0.6185242501725328,1.3412490474758132,2.2925964153596543,2.4501535541956265,0.0,0.0,2.143665650660161,1.7408882742726974,0.0,2.6715995973465176,0.0,0.5020862299929398,2.2981607817402208,0.11682902595397221,1.8134425032815042,2.1325603288792507,2.5919206158990935,4.228846106534694,0.0,0.2402044128667461,0.0,0.0,0.051624162270584195
Minor_Salivary_Gland,-0.05125249157330304,0.003954230045309832,-0.00012217413037398343,-0.14878289231881348,0.0771185728584421,0.3477076912462955,0.0,0.0,0.0,-0.0,0.0,0.1691166428155855,-0.0,1.0534490289110405,0.0,0.30018084296559827,0.0,-0.0,-0.0,-0.16843856349955397,-0.39021516950604285,-0.6350367075274763,0.0,0.11372852140271857,-0.0,0.0,0.0,-0.0,-1.136569071386013,-0.0,-0.0,-0.0,-0.4575900397690319,0.0,0.0,0.1696715313975992,1.2009707483260117,0.0,-0.7124779155541214,-0.8956018759661392,-0.6472550244478698,-2.0651769793124277,-0.8813950285731882,0.0,-0.0,0.0,-0.0,0.5917562439213077,1.5639192805441768,0.0,-0.9743405797203549,0.7769069651271286,-0.0,-0.0,0.0,-0.0,0.0,0.5498197904626608,-0.0,0.0,0.0,0.1665302079897599,2.100306100442986,-0.0,1.2598200744709696,-0.0,-0.5844643959720771,0.07717376184207114
Muscle_Skeletal,0.0,0.0,0.0,0.2887831057187281,0.0,0.02414314111235062,5.48570684117821,2.5415146245081934,4.886799300907124,0.0,2.487525018534195,2.9307108308566026,2.175347521418066,5.626828001768869,3.6197852242632416,1.0030296543232498,0.688475013327072,0.757861820615694,0.0,6.099302795327783,7.397673494234639,5.382790086959472,0.0,7.649304988507161,5.873883424234869,0.27309894404287643,3.271579188663958,2.311434257984342,4.919380725788742,4.3905015599527735,8.079397400102748,4.027247537746155,8.54003985979323,6.056631160245734,0.0,2.5449323258687016,0.3326669689042043,5.7578016825913245,3.554953315842988,3.9452929750023777,3.4946171365591603,8.39194835904576,2.967919144986972,5.825124178488959,3.0550693915473537,5.634432771222708,0.0,5.022005123797653,0.0,6.0465626380903075,5.089955278490438,1.060671910870141,2.7194294247794106,6.875658845185365,0.0,1.8382031781665316,7.812297763433523,0.0,5.349150880132548,3.7843634981026244,0.0,0.8983409399622391,1.7685976159778687,7.448762238325669,2.240554688975867,8.76637671462106,3.0301205765577874,0.04125824313100179
Nerve_Tibial,0.0,0.0017822246323071047,0.0,0.0,1.01166259626061,0.015046543038793133,1.6461069912070179,1.083680878299963,1.5432992370343066,0.0,0.0,3.8624702594917206,0.0,1.9715964893989313,2.8618285041339746,1.3153019290343246,0.6563209098020186,1.9663720496823995,0.0,0.0,0.8056570853732631,0.0,3.2651589248569395,1.625825690377343,1.5013571252392874,3.3745517431001972,0.9281451113497736,1.7321169112026547,0.0,1.0882189607969686,0.47740688253018426,1.634188788428374,2.185874597604694,2.9317117965554464,4.346410471439745,1.6315344204069253,2.488116408552849,2.3836615602710736,0.17719577890857208,0.5424023007791098,1.44394803813436,0.0,0.8010565784135932,1.398958909959301,0.0,1.1348937169678655,0.4788422533960308,1.7110766344676513,2.783216595956436,0.11408732028061867,0.7809051104885458,0.0,0.8849790677646286,0.5697634642164958,1.1366271985890861,0.019293563489090094,0.6212162575685621,1.950996138008848,0.0,2.9035256231669186,1.355814246063187,1.8909579344747247,4.724319470120787,0.0,3.7094305556339684,0.2588105097276007,0.0,0.08415763017086686
Ovary,0.0,0.0,0.02481455397392182,0.0,0.3760024760053971,0.23641501610830296,2.4144733947555364,1.2637907475691808,2.0830471903660968,1.167876157314834,1.7390175264628522,3.1123684453177165,0.0,1.5976746041389207,4.220649826544357,1.7985021703033335,2.484731295033456,1.3769051960678758,0.0,0.0,1.1220236098385232,0.0,3.521608801635413,3.2037099805893186,1.5385832445621828,5.5446086058990005,2.2428743799819686,2.3398587638442656,0.0,2.7894763550810855,2.1593919210214754,3.889804902565005,1.2643416983518139,4.998852028155279,5.300374321050172,3.2651261170704338,3.083410002736897,0.8845074937181651,0.3902194107092905,1.9722163510311008,1.78782663932654,0.0,0.0,1.7881425770260568,0.0,1.6064185159554676,0.663444462972724,2.093785300151653,3.690202428716188,1.1146504382063036,0.24767649260689462,2.6720877296514813,1.5031847548488106,0.0,0.515386176975611,0.0,1.0840444694923932,1.859632838126891,0.9014149120352893,2.3286669074171633,0.0,1.610715811288315,4.921828588011033,0.0,0.6207494560877447,1.5206464890825826,0.6987411561763145,0.07075535877378492
Pancreas,-0.037654241682198976,-0.005345215202780619,0.04681732875910424,-0.0650393923947117,-0.0,0.0,0.0,-0.0,-0.0,0.0,1.056180047359676,-0.0,0.8039382011932839,0.0,0.6438892895330938,0.9953879706744432,2.077948203737184,-0.0,0.08810546412228203,-0.0,-0.468788046868938,-0.0,-0.0,-0.0,-0.0,0.0,-0.0,-0.0,-0.013511102528119495,-0.09169630988512113,-0.0,-0.0,-0.33278524609992716,-0.0,0.49475421742465886,0.7633878808010227,0.6960830879693214,0.28557157524798826,0.0,0.0,-1.3319103687733174,-1.5011184412527652,-1.8526892140717184,-0.0,-0.0,-0.0,-0.0,0.0,-0.0,-0.0,-0.0,3.111037967643693,-0.0,-0.0,0.0,-0.0,0.0,1.2160705348706433,-0.7399079727649633,0.0,1.994345234367042,0.8571821690485705,0.7720207744798193,-0.0,-0.0,-0.0,0.0,0.05152000440678872
Pituitary,-0.019512855981620465,0.003806021050904539,-0.01058951639689798,-0.20985632695549736,-0.10140122621389579,0.4873974852784354,-0.0,-0.04780539142091857,-0.8887995966109825,-0.40830396538580416,-0.0,-0.0,0.0,-0.0,0.0,0.0,0.3776118673886964,0.0,0.0,-2.253022007000158,0.0,-0.13817179668314652,0.0,-0.0,0.0,1.3222780854157623,-0.0,0.0,0.0,0.0,-0.0,0.0,-0.0,-0.0,0.0,1.1655931103231754,0.3607116112633933,0.0,-0.34425807822640836,-0.5845830028878197,-0.060598534882352735,-1.2276023791104462,-0.12801226909600322,-0.46116317544687874,-0.0,-0.0,-0.0,-0.0,0.0,-0.0,-0.0,-0.0,0.0,-0.06749215540464176,-0.08155648364005473,-0.0,0.0,0.0,0.0,0.0,0.41947346571588,0.0,0.0,0.0,-0.540827552715745,-0.0,-0.0,0.01539788216177429
Prostate,-0.014749229605994552,0.007168542052025962,-0.021826744952378095,-0.07929744341807209,0.0,0.23864874483210424,0.7840304393915012,-1.9364657533149094,-0.42840332525592634,-0.46409624475085975,0.3697042999236292,-0.0,-1.549225024925111,0.37050830965954207,0.014860796515577953,0.9766235528591442,-0.394638565398908,0.8963235412056909,0.23738474350149152,-2.6629924267307454,-0.05219724976458564,-1.0111175115904574,0.9027806429714327,0.8315292539644457,0.23433487314225843,1.377278693718438,0.3445148698249709,1.103583552925706,-2.3612356392959017,0.09900526398996691,-0.5090081998714913,1.191053624785965,0.3078577536735433,0.0,0.6505230347653226,0.5411653429600595,0.7826235093944126,1.075446367281094,-0.9240039925457502,-0.9166676051226549,-0.05515218794756585,-1.7153218189108599,-1.7705507872020345,-0.09826246273332487,0.0,-0.9256766613747529,-0.16454105080473128,1.001359725208784,1.9672173001514732,0.6701963279465214,-1.1321075244930963,-0.026307476290918154,-0.0,-0.7239998970054619,0.07029075272504891,-1.0012275999456135,0.5584010669482439,0.5969512817889652,-1.9176621592825573,-0.4197260236746099,0.8430625607501273,-0.07826359432905797,1.5571907612142333,0.5776984437119446,-0.3000865464778539,-0.6227595267851851,-0.6343840094131769,0.03841759744979045
Skin_Not_Sun_Exposed_Suprapubic,-0.05670509994755395,0.011531671542976739,-0.022784274816012688,-0.15124168089851298,0.599042471747765,0.6196748097226942,0.0,-0.0,-0.03626147117417704,-0.02024553323543491,-0.0,0.0,-2.009477996454433,0.0,0.0,0.2615629390877685,0.0,0.0,-0.0,-0.0,-1.9543752378213486,-0.591076677515079,0.0,0.6084270335475942,0.2799841762372199,1.6585214371831416,-0.0,0.0,-0.0,-0.0,0.0,0.0,-0.0,0.0,0.0,0.3868943111186008,1.524257892202056,-0.0,-1.0760161543386981,-0.9460572209931624,0.0,-2.8008949770052443,-2.2871656663566156,-0.0,-1.0456602880328023,-0.0,-0.0884960686626864,0.5051743647445576,1.7895457484440753,0.0,-1.0040421286830015,0.0,-0.5816261047044461,-0.0,-0.0,-0.0,0.0,0.0754301397112155,-0.0,0.0,0.0,-0.0,0.330526552428081,-0.0,0.0,-0.0,-0.0,0.1365422818287645
Skin_Sun_Exposed_Lower_leg,-0.039522380017920106,0.004679007594375001,-0.010313191472766162,-0.0,0.0,0.2936860493080241,-0.0,0.0,-0.2351911806825206,-0.7304629598064885,-0.09458765212527749,0.0,-3.652034340929096,0.4208927833637521,0.0,0.0,0.0,0.0,-3.002252789932012,-0.23385136178888843,-1.6486952008855569,-0.9817101567810823,0.0,1.1473486968690854,0.39873970194503644,0.6855165797277514,0.0,0.5489571500108439,-0.0,0.0,1.2805614909700707,1.4335881113006932,0.0,1.673676610929252,1.4752229206163026,0.0,1.1423967139675215,0.0,-2.0782468356765387,-0.31462918233127246,-0.0,-1.331512912561795,-1.3654408029970726,0.0,-0.016863418825352604,-0.0,-1.1122989672906551,1.4283476973997262,0.4117442298354211,0.0,-3.2091008572661783,0.43149067794407525,-0.02187026168421585,-0.09507495781323906,0.0,-0.7440534656938912,0.3607951253251467,1.2328303506333136,-0.08778961436909356,0.0,0.0,-1.551144439050246,1.208703166534007,-1.1323010343771287,0.0,-0.3504794711193509,-0.2154360336053024,0.11203524094816575
Small_Intestine_Terminal_Ileum,-0.012007221060150817,0.003388199220521981,0.048508356252517634,-0.2689986819889797,-0.7085751434109704,-0.03151157553158681,-0.4408495793110465,-0.0,-1.1931619605511012,-0.0,-0.0,0.0,0.0,0.0,0.0,0.958860190018138,0.1725351395189197,-0.36059627158567364,-0.0,-0.0,-0.0,-1.4909428320129736,0.0,0.6243137000360826,-0.09923797214345334,-0.0,0.0,0.5305895329545969,-0.7818604018439554,0.0,-0.6200979671394014,-0.0,-0.29684337741732525,-0.0,0.0,0.9693469486342914,1.2234134906238094,0.0,-0.7610799723711842,-0.7795491549910555,-0.6132176133649888,-2.3399672680535146,-0.9702374114489938,0.0,-0.0,-0.2932055379614386,0.0,0.134029256789642,0.20325758948456701,-0.0,-0.7302028180936078,0.0,-0.5920251542101747,-0.0,0.0,-0.22861299210946542,-0.0,0.0,-0.0,-0.4021138356554845,1.0379938729416154,0.0,0.0,-0.0,-0.0,-0.0,-0.7556763170136548,0.02719654382451886
Spleen,0.008238646095921865,0.008985577271472497,0.04557251586894077,-0.3520162628589521,-0.8411239483496438,-0.14749284181116498,-0.0,0.0,-1.9756630186632083,-0.0,0.0,0.0,-0.0,-0.0,0.0,0.868490146193096,1.6279852340512213,0.026105325490205056,0.0,-1.656821198544051,-0.21115056859450065,-0.20477484680986474,1.9652278797599856,1.2064249177005153,-0.2969237153448572,-0.0,0.13172284353300187,1.051627759523091,-0.008394042548823045,0.9287922693215528,-0.0,-0.0,-0.0,0.0,0.0,2.574371947441856,1.5955321435967442,-0.0,-2.131236708976882,-0.26790733369169595,-0.11114161909765478,-1.4285946185798863,-1.4860812974243203,-1.0809221912245917,-0.9897071912284415,-0.0,0.0,-0.0,0.0,-0.0,-0.0,0.0,-0.0,-0.0,-0.0,-0.0,0.0,0.0,-0.0,0.0,0.5831792246095274,0.3137328162703317,0.7399864317559519,0.0,-1.290630197300386,-0.20833111657229314,-0.0,0.02801275275502846
Stomach,-0.01627787597157134,-0.006776732804622437,0.0458076794236933,-0.04066499823797684,0.011271864979665099,0.00546607332253305,0.0,0.0,-0.0,0.0,0.0,0.0,0.0,0.0,0.0,0.0,0.0,-0.0,0.0,-0.0,0.0,-0.0,0.0,0.0,-0.0,-0.0,0.0,0.0,-0.0,-0.0,-0.0,0.0,0.0,-0.0,-0.0,0.6313543177157255,0.2639786089621871,-0.0,-0.0,-0.0,-1.4532902537370886,-0.7960500207065678,-0.5808898649768275,-0.0,0.0,-0.28224466015852817,0.0,-0.0,0.0,-0.0,-0.0,0.3568259244337076,-0.4715681219439701,-0.0,0.40318228278509144,-0.0,-0.0,0.0,-0.0,-0.0,0.6771496281357549,0.34833731474029966,0.0,-0.0,0.0,-0.0,-0.0,0.029484531600076247
Testis,-0.12710461396266184,-0.015310137196168782,0.03072111944842516,0.3546277488266951,0.0,1.1708890006990147,0.3143403307182502,-1.442334777889809,-3.0386992758812457,-1.9837775050119584,-0.0,-0.36729830405012337,-0.0,0.0,6.248400382522301,1.3489593325619358,5.829547999024969,1.2832197613315306,0.0,-3.180782879416625,0.24611505565731082,-1.136272580671102,5.4789301443888405,0.0,1.3720703631372224,4.347239923038361,1.4568817313683824,-0.0,0.6985975938028864,0.6894272116684216,0.0,0.2099096117294031,2.1935403492072827,0.0,3.513566036720039,0.0,-0.0,3.1166207842074263,0.0,-1.0392345270444805,0.06883339483536856,-0.07237762174190476,-0.0,-2.2495959711603133,-0.7113278161653027,0.0,-4.020715016111267,-0.2249749074722667,-2.693810680676685,-0.0,1.7113988956869424,-4.376061096854398,-0.7744496552051592,0.0,-0.0,-1.2919463759598981,0.3855296208376852,-3.6515087506157626,0.0,1.5550026130341401,-0.0,-2.912262481902884,0.0,3.6394383350518678,-1.6560947195718991,2.124860328746635,0.0,0.09303762022758588
Thyroid,-0.018916331611391484,0.013773376902274507,0.01484832831505855,-0.21434238110156917,0.0,0.06953433770352606,0.5483849268170372,-0.011572070560004099,-0.0,-0.5804455568197926,-0.20465344012874878,0.33938809333873504,-1.7828828513510302,-0.965836048296798,1.1848750738428935,1.000752711766425,0.6850494148774147,-0.8806171696800187,0.2991320220929787,-2.4079031010316183,0.24017795757117177,-1.0577916722618068,1.987554525620145,0.7668958083541602,0.06325895244339967,0.8487456954170393,0.07386257460307673,0.26459440943903534,-0.0,-0.8260761307195778,-0.0,-0.6075583329108314,-0.1242040857187236,0.38998002892795425,1.2510710672120045,1.4818221419299327,2.1120770342971737,1.3695399042294514,-1.257515897329155,-0.8370488800827288,-0.9963811343322008,-1.6743032553264907,-1.9214626702776672,-0.0,0.04157220063824765,-0.6662927846571987,1.0430234514935144,1.3956944145066228,1.1077347592267062,-0.659775714019252,-0.7923805929939817,0.5487742294875724,-0.0,-0.0,0.3499074922501131,0.0,-0.6298374161132753,0.9399879752990427,-0.7024352259994237,1.9443998722830442,1.2417873114235394,1.0135814430614938,2.139467043147925,-2.114576016374908,-0.21601168355892975,-0.35793111727824883,-1.3626548575513873,0.032286581060523956
Uterus,0.0,0.00660609863313714,0.0346697208520289,0.0,0.6320673103608137,0.02413376311223153,2.380623305783063,1.23620530404434,0.234048580433025,1.1720361119115739,0.9616271647895682,2.0869738487563994,0.0,1.2556211987450585,2.405663670229596,1.3203944322549719,0.8911305776401043,1.6505218110513182,0.0,0.0,0.939208226513278,0.0,1.499890467419968,2.7980498714437956,1.5785217571668693,2.4389319048452265,1.1845925130548718,1.7563780373838418,0.0,2.944642737101298,2.0921060946003194,2.013012778047317,1.761498213159805,4.845596026588223,2.98405442349212,1.24905308532847,0.6297772090337334,0.4615876804267596,0.0,1.678447727985449,1.280416699879185,0.0,0.0,1.0240707279179484,0.0,0.0,0.010014656697780622,1.5566996767211454,1.6248175102180225,0.0,0.26315125099525044,1.224359939610278,1.9162772024612242,0.0,0.0,0.06936349842551803,0.006886100814223118,0.7211157109065881,2.019817750031773,1.6736807388042858,0.0,0.6191696075009404,4.027386977250269,0.0,1.2753109296133103,1.4018672453397436,0.07349691417876165,0.06468584155083701
Vagina,0.0,0.00638636978462576,0.0,0.0,0.3318070977391878,0.0,1.8712979001403982,1.5529977537828779,1.1828358845061169,0.0,0.36557975623454403,0.9997289822654459,0.0,3.4697600258694714,1.4275099457546971,1.9885763583885923,1.1134579685805908,0.0,0.0,0.0,0.8680879658296966,0.0,2.6237629921331918,1.5720967692557197,1.1366087887929712,2.434183646611272,0.6551735282014145,1.9225474171181676,0.0,1.5211615022523974,0.14545904834869544,2.6695184944316246,1.3903058021441874,3.446234572914285,5.376370602078118,1.6257162676018933,1.8487557638354268,0.0,0.0,0.2708294248089136,1.0207733927905158,0.0,0.0,1.2949631020304386,0.0,0.30048743592789257,0.4247076161903747,2.760093511846945,3.0611345254018,2.612466221014821,0.0,1.4449686977344185,1.605134775528768,1.396356264653547,0.0,0.35349992685231524,0.8066399075424351,0.8941194984583778,1.46945312062377,0.13402257693832872,0.3273782645058922,0.7673946407379827,4.451009089267917,0.0,2.780767687325449,0.4897239729069235,0.0,0.0483554844498818
Whole_Blood,-0.10741883024603094,-0.0037916534991253798,-0.03739593009170859,-0.3539409406743518,-0.0,0.5212319084839534,-1.53780105159521,-0.0,-2.246276119604993,3.1849462743049957,0.0,3.042183809893313,-1.3437276198601853,0.0,0.504128824319861,1.651005386903342,0.0,-0.0,0.0,-1.2902417545805094,-4.574112724688023,-0.0,6.628202559959223,1.8874845990735518,-1.3909295879844608,-0.0,1.5862477673901936,0.19627787924184759,-4.082530905946986,0.0427943042418919,0.0,-3.899589011383843,-3.3017778992030284,1.6437991450773473,0.0,2.805592151872808,2.753635094191578,-0.0,-0.0,-1.342700572477777,-0.0,-0.1944457697973975,0.0,-0.049779901204761334,-3.739716725561975,0.0,-0.489150204286906,-0.0,0.0,-1.0897557522963957,-4.010083789089583,0.5772883285355592,0.0,-0.0,-0.9969797026232462,0.0,0.0,2.656023460195213,-6.723692024524865,0.0,0.7213075755221369,2.917495066796163,2.121187094787326,0.0,0.09746422989616325,-0.0,0.1205519660853669,0.040566691201846417
