,log_3_utr_length,log_5_utr_length,log_cds_length,gc_content_5_utr,gc_content_cds,gc_content_3_utr,AAA,AAC,AAG,AAT,ACA,ACC,ACG,ACT,AGA,AGC,AGG,AGT,ATA,ATC,ATG,ATT,CAA,CAC,CAG,CAT,CCA,CCC,CCG,CCT,CGA,CGC,CGG,CGT,CTA,CTC,CTG,CTT,GAA,GAC,GAG,GAT,GCA,GCC,GCG,GCT,GGA,GGC,GGG,GGT,GTA,GTC,GTG,GTT,TAC,TAT,TCA,TCC,TCG,TCT,TGC,TGG,TGT,TTA,TTC,TTG,TTT,energy_5utr,exp_var_sc
Adipose_Subcutaneous,-0.03226790813780342,-0.007777963489834643,-0.01406217389363253,-0.0747841992988156,0.7706897819544354,0.05154316765688893,-0.011182192857551797,-0.011182192857551797,-0.011182192857551797,-0.011182192857551797,-0.011182192857551797,-0.011182192857551797,-0.011182192857551797,-0.011182192857551797,-0.011182192857551797,-0.011182192857551797,-0.011182192857551797,-0.011182192857551797,-0.011182192857551797,-0.011182192857551797,-0.011182192857551797,-0.011182192857551797,-0.011182192857551797,-0.011182192857551797,-0.011182192857551797,-0.011182192857551797,-0.011182192857551797,-0.011182192857551797,-0.011182192857551797,-0.011182192857551797,-0.011182192857551797,-0.011182192857551797,-0.011182192857551797,-0.011182192857551797,-0.011182192857551797,-0.011182192857551797,-0.011182192857551797,-0.011182192857551797,-0.011182192857551797,-0.011182192857551797,-0.011182192857551797,-0.011182192857551797,-0.011182192857551797,-0.011182192857551797,-0.011182192857551797,-0.011182192857551797,-0.011182192857551797,-0.011182192857551797,-0.011182192857551797,-0.011182192857551797,-0.011182192857551797,-0.011182192857551797,-0.011182192857551797,-0.011182192857551797,-0.011182192857551797,-0.011182192857551797,-0.011182192857551797,-0.011182192857551797,-0.011182192857551797,-0.011182192857551797,-0.011182192857551797,-0.011182192857551797,-0.011182192857551797,-0.011182192857551797,-0.011182192857551797,-0.011182192857551797,-0.011182192857551797,-0.01122694048057855,0.03313594593142344
Adipose_Visceral_Omentum,-0.020703991116140893,-0.0035168507795149072,-0.009375380350024293,-0.026881345124423958,0.30727408520987826,0.0032754864607949285,-0.0040335928501357456,-0.0040335928501357456,-0.0040335928501357456,-0.0040335928501357456,-0.0040335928501357456,-0.0040335928501357456,-0.0040335928501357456,-0.0040335928501357456,-0.0040335928501357456,-0.0040335928501357456,-0.0040335928501357456,-0.0040335928501357456,-0.0040335928501357456,-0.0040335928501357456,-0.0040335928501357456,-0.0040335928501357456,-0.0040335928501357456,-0.0040335928501357456,-0.0040335928501357456,-0.0040335928501357456,-0.0040335928501357456,-0.0040335928501357456,-0.0040335928501357456,-0.0040335928501357456,-0.0040335928501357456,-0.0040335928501357456,-0.0040335928501357456,-0.0040335928501357456,-0.0040335928501357456,-0.0040335928501357456,-0.0040335928501357456,-0.0040335928501357456,-0.0040335928501357456,-0.0040335928501357456,-0.0040335928501357456,-0.0040335928501357456,-0.0040335928501357456,-0.0040335928501357456,-0.0040335928501357456,-0.0040335928501357456,-0.0040335928501357456,-0.0040335928501357456,-0.0040335928501357456,-0.0040335928501357456,-0.0040335928501357456,-0.0040335928501357456,-0.0040335928501357456,-0.0040335928501357456,-0.0040335928501357456,-0.0040335928501357456,-0.0040335928501357456,-0.0040335928501357456,-0.0040335928501357456,-0.0040335928501357456,-0.0040335928501357456,-0.0040335928501357456,-0.0040335928501357456,-0.0040335928501357456,-0.0040335928501357456,-0.0040335928501357456,-0.0040335928501357456,-0.0040228404422886395,0.010584596544664815
Adrenal_Gland,0.0035207959489677552,-0.007399154696051602,0.00895467775382761,0.12670586789516655,-0.6144578990134434,-0.19861885550722894,0.010988977210415805,0.010988977210415805,0.010988977210415805,0.010988977210415805,0.010988977210415805,0.010988977210415805,0.010988977210415805,0.010988977210415805,0.010988977210415805,0.010988977210415805,0.010988977210415805,0.010988977210415805,0.010988977210415805,0.010988977210415805,0.010988977210415805,0.010988977210415805,0.010988977210415805,0.010988977210415805,0.010988977210415805,0.010988977210415805,0.010988977210415805,0.010988977210415805,0.010988977210415805,0.010988977210415805,0.010988977210415805,0.010988977210415805,0.010988977210415805,0.010988977210415805,0.010988977210415805,0.010988977210415805,0.010988977210415805,0.010988977210415805,0.010988977210415805,0.010988977210415805,0.010988977210415805,0.010988977210415805,0.010988977210415805,0.010988977210415805,0.010988977210415805,0.010988977210415805,0.010988977210415805,0.010988977210415805,0.010988977210415805,0.010988977210415805,0.010988977210415805,0.010988977210415805,0.010988977210415805,0.010988977210415805,0.010988977210415805,0.010988977210415805,0.010988977210415805,0.010988977210415805,0.010988977210415805,0.010988977210415805,0.010988977210415805,0.010988977210415805,0.010988977210415805,0.010988977210415805,0.010988977210415805,0.010988977210415805,0.010988977210415805,0.010966957783397863,0.01126103325899519
Artery_Aorta,-0.0228179092232981,-0.0032175550984729394,-0.0025538927085252544,-0.009679601613266635,0.3946386563228358,0.10497178768921725,-0.007441210172338627,-0.007441210172338627,-0.007441210172338627,-0.007441210172338627,-0.007441210172338627,-0.007441210172338627,-0.007441210172338627,-0.007441210172338627,-0.007441210172338627,-0.007441210172338627,-0.007441210172338627,-0.007441210172338627,-0.007441210172338627,-0.007441210172338627,-0.007441210172338627,-0.007441210172338627,-0.007441210172338627,-0.007441210172338627,-0.007441210172338627,-0.007441210172338627,-0.007441210172338627,-0.007441210172338627,-0.007441210172338627,-0.007441210172338627,-0.007441210172338627,-0.007441210172338627,-0.007441210172338627,-0.007441210172338627,-0.007441210172338627,-0.007441210172338627,-0.007441210172338627,-0.007441210172338627,-0.007441210172338627,-0.007441210172338627,-0.007441210172338627,-0.007441210172338627,-0.007441210172338627,-0.007441210172338627,-0.007441210172338627,-0.007441210172338627,-0.007441210172338627,-0.007441210172338627,-0.007441210172338627,-0.007441210172338627,-0.007441210172338627,-0.007441210172338627,-0.007441210172338627,-0.007441210172338627,-0.007441210172338627,-0.007441210172338627,-0.007441210172338627,-0.007441210172338627,-0.007441210172338627,-0.007441210172338627,-0.007441210172338627,-0.007441210172338627,-0.007441210172338627,-0.007441210172338627,-0.007441210172338627,-0.007441210172338627,-0.007441210172338627,-0.007427664855833699,0.006573468668153004
Artery_Coronary,0.0011606397486454826,0.0023611584002953823,0.011871298795178464,0.02305606306134862,0.11328979339581516,-0.10185911664053209,-0.0008047195447086252,-0.0008047195447086252,-0.0008047195447086252,-0.0008047195447086252,-0.0008047195447086252,-0.0008047195447086252,-0.0008047195447086252,-0.0008047195447086252,-0.0008047195447086252,-0.0008047195447086252,-0.0008047195447086252,-0.0008047195447086252,-0.0008047195447086252,-0.0008047195447086252,-0.0008047195447086252,-0.0008047195447086252,-0.0008047195447086252,-0.0008047195447086252,-0.0008047195447086252,-0.0008047195447086252,-0.0008047195447086252,-0.0008047195447086252,-0.0008047195447086252,-0.0008047195447086252,-0.0008047195447086252,-0.0008047195447086252,-0.0008047195447086252,-0.0008047195447086252,-0.0008047195447086252,-0.0008047195447086252,-0.0008047195447086252,-0.0008047195447086252,-0.0008047195447086252,-0.0008047195447086252,-0.0008047195447086252,-0.0008047195447086252,-0.0008047195447086252,-0.0008047195447086252,-0.0008047195447086252,-0.0008047195447086252,-0.0008047195447086252,-0.0008047195447086252,-0.0008047195447086252,-0.0008047195447086252,-0.0008047195447086252,-0.0008047195447086252,-0.0008047195447086252,-0.0008047195447086252,-0.0008047195447086252,-0.0008047195447086252,-0.0008047195447086252,-0.0008047195447086252,-0.0008047195447086252,-0.0008047195447086252,-0.0008047195447086252,-0.0008047195447086252,-0.0008047195447086252,-0.0008047195447086252,-0.0008047195447086252,-0.0008047195447086252,-0.0008047195447086252,-0.0007919445335248768,0.002127632091742826
Artery_Tibial,-0.006127664554382503,-0.005106218107465953,0.00939557694476055,0.15893335936968447,0.2088799249008572,-0.12036480856662604,-0.003961993958824208,-0.003961993958824208,-0.003961993958824208,-0.003961993958824208,-0.003961993958824208,-0.003961993958824208,-0.003961993958824208,-0.003961993958824208,-0.003961993958824208,-0.003961993958824208,-0.003961993958824208,-0.003961993958824208,-0.003961993958824208,-0.003961993958824208,-0.003961993958824208,-0.003961993958824208,-0.003961993958824208,-0.003961993958824208,-0.003961993958824208,-0.003961993958824208,-0.003961993958824208,-0.003961993958824208,-0.003961993958824208,-0.003961993958824208,-0.003961993958824208,-0.003961993958824208,-0.003961993958824208,-0.003961993958824208,-0.003961993958824208,-0.003961993958824208,-0.003961993958824208,-0.003961993958824208,-0.003961993958824208,-0.003961993958824208,-0.003961993958824208,-0.003961993958824208,-0.003961993958824208,-0.003961993958824208,-0.003961993958824208,-0.003961993958824208,-0.003961993958824208,-0.003961993958824208,-0.003961993958824208,-0.003961993958824208,-0.003961993958824208,-0.003961993958824208,-0.003961993958824208,-0.003961993958824208,-0.003961993958824208,-0.003961993958824208,-0.003961993958824208,-0.003961993958824208,-0.003961993958824208,-0.003961993958824208,-0.003961993958824208,-0.003961993958824208,-0.003961993958824208,-0.003961993958824208,-0.003961993958824208,-0.003961993958824208,-0.003961993958824208,-0.003928538498550992,0.003198948187022821
Brain_Amygdala,0.08583511158862316,0.005139055345528063,-0.04880329160119366,0.23204209756154875,-0.6802724243666943,-0.3270360618915401,0.011820959691749997,0.011820959691749997,0.011820959691749997,0.011820959691749997,0.011820959691749997,0.011820959691749997,0.011820959691749997,0.011820959691749997,0.011820959691749997,0.011820959691749997,0.011820959691749997,0.011820959691749997,0.011820959691749997,0.011820959691749997,0.011820959691749997,0.011820959691749997,0.011820959691749997,0.011820959691749997,0.011820959691749997,0.011820959691749997,0.011820959691749997,0.011820959691749997,0.011820959691749997,0.011820959691749997,0.011820959691749997,0.011820959691749997,0.011820959691749997,0.011820959691749997,0.011820959691749997,0.011820959691749997,0.011820959691749997,0.011820959691749997,0.011820959691749997,0.011820959691749997,0.011820959691749997,0.011820959691749997,0.011820959691749997,0.011820959691749997,0.011820959691749997,0.011820959691749997,0.011820959691749997,0.011820959691749997,0.011820959691749997,0.011820959691749997,0.011820959691749997,0.011820959691749997,0.011820959691749997,0.011820959691749997,0.011820959691749997,0.011820959691749997,0.011820959691749997,0.011820959691749997,0.011820959691749997,0.011820959691749997,0.011820959691749997,0.011820959691749997,0.011820959691749997,0.011820959691749997,0.011820959691749997,0.011820959691749997,0.011820959691749997,0.01201697216697825,0.05621968981049197
Brain_Anterior_cingulate_cortex_BA24,0.0934204605404004,0.008209038766806004,-0.045486147597201494,0.2624737255549738,-0.7666181883250343,-0.3559589897372995,0.012964588194204839,0.012964588194204839,0.012964588194204839,0.012964588194204839,0.012964588194204839,0.012964588194204839,0.012964588194204839,0.012964588194204839,0.012964588194204839,0.012964588194204839,0.012964588194204839,0.012964588194204839,0.012964588194204839,0.012964588194204839,0.012964588194204839,0.012964588194204839,0.012964588194204839,0.012964588194204839,0.012964588194204839,0.012964588194204839,0.012964588194204839,0.012964588194204839,0.012964588194204839,0.012964588194204839,0.012964588194204839,0.012964588194204839,0.012964588194204839,0.012964588194204839,0.012964588194204839,0.012964588194204839,0.012964588194204839,0.012964588194204839,0.012964588194204839,0.012964588194204839,0.012964588194204839,0.012964588194204839,0.012964588194204839,0.012964588194204839,0.012964588194204839,0.012964588194204839,0.012964588194204839,0.012964588194204839,0.012964588194204839,0.012964588194204839,0.012964588194204839,0.012964588194204839,0.012964588194204839,0.012964588194204839,0.012964588194204839,0.012964588194204839,0.012964588194204839,0.012964588194204839,0.012964588194204839,0.012964588194204839,0.012964588194204839,0.012964588194204839,0.012964588194204839,0.012964588194204839,0.012964588194204839,0.012964588194204839,0.012964588194204839,0.013120220950859974,0.05480301872196569
Brain_Caudate_basal_ganglia,0.07868057189543773,0.0093046643492706,-0.02708709073153781,0.16792864434373866,-0.7346104729437386,-0.33973069868866557,0.013634919315975989,0.013634919315975989,0.013634919315975989,0.013634919315975989,0.013634919315975989,0.013634919315975989,0.013634919315975989,0.013634919315975989,0.013634919315975989,0.013634919315975989,0.013634919315975989,0.013634919315975989,0.013634919315975989,0.013634919315975989,0.013634919315975989,0.013634919315975989,0.013634919315975989,0.013634919315975989,0.013634919315975989,0.013634919315975989,0.013634919315975989,0.013634919315975989,0.013634919315975989,0.013634919315975989,0.013634919315975989,0.013634919315975989,0.013634919315975989,0.013634919315975989,0.013634919315975989,0.013634919315975989,0.013634919315975989,0.013634919315975989,0.013634919315975989,0.013634919315975989,0.013634919315975989,0.013634919315975989,0.013634919315975989,0.013634919315975989,0.013634919315975989,0.013634919315975989,0.013634919315975989,0.013634919315975989,0.013634919315975989,0.013634919315975989,0.013634919315975989,0.013634919315975989,0.013634919315975989,0.013634919315975989,0.013634919315975989,0.013634919315975989,0.013634919315975989,0.013634919315975989,0.013634919315975989,0.013634919315975989,0.013634919315975989,0.013634919315975989,0.013634919315975989,0.013634919315975989,0.013634919315975989,0.013634919315975989,0.013634919315975989,0.013784303500959631,0.05581652816149274
Brain_Cerebellar_Hemisphere,0.09106593894511855,0.028140166747164824,0.06947085223946112,-0.264400703951745,-0.4092470954591569,-0.5169523588364082,0.01615843190850096,0.01615843190850096,0.01615843190850096,0.01615843190850096,0.01615843190850096,0.01615843190850096,0.01615843190850096,0.01615843190850096,0.01615843190850096,0.01615843190850096,0.01615843190850096,0.01615843190850096,0.01615843190850096,0.01615843190850096,0.01615843190850096,0.01615843190850096,0.01615843190850096,0.01615843190850096,0.01615843190850096,0.01615843190850096,0.01615843190850096,0.01615843190850096,0.01615843190850096,0.01615843190850096,0.01615843190850096,0.01615843190850096,0.01615843190850096,0.01615843190850096,0.01615843190850096,0.01615843190850096,0.01615843190850096,0.01615843190850096,0.01615843190850096,0.01615843190850096,0.01615843190850096,0.01615843190850096,0.01615843190850096,0.01615843190850096,0.01615843190850096,0.01615843190850096,0.01615843190850096,0.01615843190850096,0.01615843190850096,0.01615843190850096,0.01615843190850096,0.01615843190850096,0.01615843190850096,0.01615843190850096,0.01615843190850096,0.01615843190850096,0.01615843190850096,0.01615843190850096,0.01615843190850096,0.01615843190850096,0.01615843190850096,0.01615843190850096,0.01615843190850096,0.01615843190850096,0.01615843190850096,0.01615843190850096,0.01615843190850096,0.016258853897007063,0.07087986894180975
Brain_Cerebellum,0.02755100000499701,0.00808642926729853,0.046424336171376146,-0.2998924578092126,0.3585835055109981,0.0634380106905825,-0.0032944367083093985,-0.0032944367083093985,-0.0032944367083093985,-0.0032944367083093985,-0.0032944367083093985,-0.0032944367083093985,-0.0032944367083093985,-0.0032944367083093985,-0.0032944367083093985,-0.0032944367083093985,-0.0032944367083093985,-0.0032944367083093985,-0.0032944367083093985,-0.0032944367083093985,-0.0032944367083093985,-0.0032944367083093985,-0.0032944367083093985,-0.0032944367083093985,-0.0032944367083093985,-0.0032944367083093985,-0.0032944367083093985,-0.0032944367083093985,-0.0032944367083093985,-0.0032944367083093985,-0.0032944367083093985,-0.0032944367083093985,-0.0032944367083093985,-0.0032944367083093985,-0.0032944367083093985,-0.0032944367083093985,-0.0032944367083093985,-0.0032944367083093985,-0.0032944367083093985,-0.0032944367083093985,-0.0032944367083093985,-0.0032944367083093985,-0.0032944367083093985,-0.0032944367083093985,-0.0032944367083093985,-0.0032944367083093985,-0.0032944367083093985,-0.0032944367083093985,-0.0032944367083093985,-0.0032944367083093985,-0.0032944367083093985,-0.0032944367083093985,-0.0032944367083093985,-0.0032944367083093985,-0.0032944367083093985,-0.0032944367083093985,-0.0032944367083093985,-0.0032944367083093985,-0.0032944367083093985,-0.0032944367083093985,-0.0032944367083093985,-0.0032944367083093985,-0.0032944367083093985,-0.0032944367083093985,-0.0032944367083093985,-0.0032944367083093985,-0.0032944367083093985,-0.003230184629166438,0.0199655073667917
Brain_Cortex,0.062195626066125075,-0.002072654536675478,-0.025511511847212676,0.1628201954971856,-0.09522716120847946,0.07261446333133693,-0.0028219956780162303,-0.0028219956780162303,-0.0028219956780162303,-0.0028219956780162303,-0.0028219956780162303,-0.0028219956780162303,-0.0028219956780162303,-0.0028219956780162303,-0.0028219956780162303,-0.0028219956780162303,-0.0028219956780162303,-0.0028219956780162303,-0.0028219956780162303,-0.0028219956780162303,-0.0028219956780162303,-0.0028219956780162303,-0.0028219956780162303,-0.0028219956780162303,-0.0028219956780162303,-0.0028219956780162303,-0.0028219956780162303,-0.0028219956780162303,-0.0028219956780162303,-0.0028219956780162303,-0.0028219956780162303,-0.0028219956780162303,-0.0028219956780162303,-0.0028219956780162303,-0.0028219956780162303,-0.0028219956780162303,-0.0028219956780162303,-0.0028219956780162303,-0.0028219956780162303,-0.0028219956780162303,-0.0028219956780162303,-0.0028219956780162303,-0.0028219956780162303,-0.0028219956780162303,-0.0028219956780162303,-0.0028219956780162303,-0.0028219956780162303,-0.0028219956780162303,-0.0028219956780162303,-0.0028219956780162303,-0.0028219956780162303,-0.0028219956780162303,-0.0028219956780162303,-0.0028219956780162303,-0.0028219956780162303,-0.0028219956780162303,-0.0028219956780162303,-0.0028219956780162303,-0.0028219956780162303,-0.0028219956780162303,-0.0028219956780162303,-0.0028219956780162303,-0.0028219956780162303,-0.0028219956780162303,-0.0028219956780162303,-0.0028219956780162303,-0.0028219956780162303,-0.0026772209432899415,0.021960842060051222
Brain_Frontal_Cortex_BA9,0.11529760021833724,0.01373949921096654,-0.02729149243505608,0.28765679178676995,-0.8420243146397937,-0.43059766313412107,0.014242455075650074,0.014242455075650074,0.014242455075650074,0.014242455075650074,0.014242455075650074,0.014242455075650074,0.014242455075650074,0.014242455075650074,0.014242455075650074,0.014242455075650074,0.014242455075650074,0.014242455075650074,0.014242455075650074,0.014242455075650074,0.014242455075650074,0.014242455075650074,0.014242455075650074,0.014242455075650074,0.014242455075650074,0.014242455075650074,0.014242455075650074,0.014242455075650074,0.014242455075650074,0.014242455075650074,0.014242455075650074,0.014242455075650074,0.014242455075650074,0.014242455075650074,0.014242455075650074,0.014242455075650074,0.014242455075650074,0.014242455075650074,0.014242455075650074,0.014242455075650074,0.014242455075650074,0.014242455075650074,0.014242455075650074,0.014242455075650074,0.014242455075650074,0.014242455075650074,0.014242455075650074,0.014242455075650074,0.014242455075650074,0.014242455075650074,0.014242455075650074,0.014242455075650074,0.014242455075650074,0.014242455075650074,0.014242455075650074,0.014242455075650074,0.014242455075650074,0.014242455075650074,0.014242455075650074,0.014242455075650074,0.014242455075650074,0.014242455075650074,0.014242455075650074,0.014242455075650074,0.014242455075650074,0.014242455075650074,0.014242455075650074,0.0144298193782424,0.06890796904355456
Brain_Hippocampus,0.08471894792357133,0.004143525340381282,-0.04082600309203282,0.22189482462783178,-0.5841563785486417,-0.3092943381156633,0.010054650571779636,0.010054650571779636,0.010054650571779636,0.010054650571779636,0.010054650571779636,0.010054650571779636,0.010054650571779636,0.010054650571779636,0.010054650571779636,0.010054650571779636,0.010054650571779636,0.010054650571779636,0.010054650571779636,0.010054650571779636,0.010054650571779636,0.010054650571779636,0.010054650571779636,0.010054650571779636,0.010054650571779636,0.010054650571779636,0.010054650571779636,0.010054650571779636,0.010054650571779636,0.010054650571779636,0.010054650571779636,0.010054650571779636,0.010054650571779636,0.010054650571779636,0.010054650571779636,0.010054650571779636,0.010054650571779636,0.010054650571779636,0.010054650571779636,0.010054650571779636,0.010054650571779636,0.010054650571779636,0.010054650571779636,0.010054650571779636,0.010054650571779636,0.010054650571779636,0.010054650571779636,0.010054650571779636,0.010054650571779636,0.010054650571779636,0.010054650571779636,0.010054650571779636,0.010054650571779636,0.010054650571779636,0.010054650571779636,0.010054650571779636,0.010054650571779636,0.010054650571779636,0.010054650571779636,0.010054650571779636,0.010054650571779636,0.010054650571779636,0.010054650571779636,0.010054650571779636,0.010054650571779636,0.010054650571779636,0.010054650571779636,0.010185736985995593,0.0578734824925613
Brain_Hypothalamus,0.08831419424562861,0.013694569485484791,-0.052733748149473396,0.1684047055862972,-0.8228640093806575,-0.4641783277980765,0.017246327369985236,0.017246327369985236,0.017246327369985236,0.017246327369985236,0.017246327369985236,0.017246327369985236,0.017246327369985236,0.017246327369985236,0.017246327369985236,0.017246327369985236,0.017246327369985236,0.017246327369985236,0.017246327369985236,0.017246327369985236,0.017246327369985236,0.017246327369985236,0.017246327369985236,0.017246327369985236,0.017246327369985236,0.017246327369985236,0.017246327369985236,0.017246327369985236,0.017246327369985236,0.017246327369985236,0.017246327369985236,0.017246327369985236,0.017246327369985236,0.017246327369985236,0.017246327369985236,0.017246327369985236,0.017246327369985236,0.017246327369985236,0.017246327369985236,0.017246327369985236,0.017246327369985236,0.017246327369985236,0.017246327369985236,0.017246327369985236,0.017246327369985236,0.017246327369985236,0.017246327369985236,0.017246327369985236,0.017246327369985236,0.017246327369985236,0.017246327369985236,0.017246327369985236,0.017246327369985236,0.017246327369985236,0.017246327369985236,0.017246327369985236,0.017246327369985236,0.017246327369985236,0.017246327369985236,0.017246327369985236,0.017246327369985236,0.017246327369985236,0.017246327369985236,0.017246327369985236,0.017246327369985236,0.017246327369985236,0.017246327369985236,0.017336646441697554,0.07019386342275646
Brain_Nucleus_accumbens_basal_ganglia,0.08479960674964962,0.00989148045992154,-0.03485308889893791,0.14943156005901517,-0.7507438485114828,-0.38159536256159465,0.014885706429667973,0.014885706429667973,0.014885706429667973,0.014885706429667973,0.014885706429667973,0.014885706429667973,0.014885706429667973,0.014885706429667973,0.014885706429667973,0.014885706429667973,0.014885706429667973,0.014885706429667973,0.014885706429667973,0.014885706429667973,0.014885706429667973,0.014885706429667973,0.014885706429667973,0.014885706429667973,0.014885706429667973,0.014885706429667973,0.014885706429667973,0.014885706429667973,0.014885706429667973,0.014885706429667973,0.014885706429667973,0.014885706429667973,0.014885706429667973,0.014885706429667973,0.014885706429667973,0.014885706429667973,0.014885706429667973,0.014885706429667973,0.014885706429667973,0.014885706429667973,0.014885706429667973,0.014885706429667973,0.014885706429667973,0.014885706429667973,0.014885706429667973,0.014885706429667973,0.014885706429667973,0.014885706429667973,0.014885706429667973,0.014885706429667973,0.014885706429667973,0.014885706429667973,0.014885706429667973,0.014885706429667973,0.014885706429667973,0.014885706429667973,0.014885706429667973,0.014885706429667973,0.014885706429667973,0.014885706429667973,0.014885706429667973,0.014885706429667973,0.014885706429667973,0.014885706429667973,0.014885706429667973,0.014885706429667973,0.014885706429667973,0.01504156049368281,0.05632143596270245
Brain_Putamen_basal_ganglia,0.07214952743122646,0.0047958669158949625,-0.04086973268938336,0.2672921187700196,-0.7087063460677453,-0.25546067839546727,0.0106556794616159,0.0106556794616159,0.0106556794616159,0.0106556794616159,0.0106556794616159,0.0106556794616159,0.0106556794616159,0.0106556794616159,0.0106556794616159,0.0106556794616159,0.0106556794616159,0.0106556794616159,0.0106556794616159,0.0106556794616159,0.0106556794616159,0.0106556794616159,0.0106556794616159,0.0106556794616159,0.0106556794616159,0.0106556794616159,0.0106556794616159,0.0106556794616159,0.0106556794616159,0.0106556794616159,0.0106556794616159,0.0106556794616159,0.0106556794616159,0.0106556794616159,0.0106556794616159,0.0106556794616159,0.0106556794616159,0.0106556794616159,0.0106556794616159,0.0106556794616159,0.0106556794616159,0.0106556794616159,0.0106556794616159,0.0106556794616159,0.0106556794616159,0.0106556794616159,0.0106556794616159,0.0106556794616159,0.0106556794616159,0.0106556794616159,0.0106556794616159,0.0106556794616159,0.0106556794616159,0.0106556794616159,0.0106556794616159,0.0106556794616159,0.0106556794616159,0.0106556794616159,0.0106556794616159,0.0106556794616159,0.0106556794616159,0.0106556794616159,0.0106556794616159,0.0106556794616159,0.0106556794616159,0.0106556794616159,0.0106556794616159,0.010802796876884997,0.04216011034837197
Brain_Spinal_cord_cervical_c_1,0.05738745132643814,0.011947306022206046,-0.06878550534089733,0.15221558474929728,-0.6332683840616056,-0.2777738097307726,0.012228666472282284,0.012228666472282284,0.012228666472282284,0.012228666472282284,0.012228666472282284,0.012228666472282284,0.012228666472282284,0.012228666472282284,0.012228666472282284,0.012228666472282284,0.012228666472282284,0.012228666472282284,0.012228666472282284,0.012228666472282284,0.012228666472282284,0.012228666472282284,0.012228666472282284,0.012228666472282284,0.012228666472282284,0.012228666472282284,0.012228666472282284,0.012228666472282284,0.012228666472282284,0.012228666472282284,0.012228666472282284,0.012228666472282284,0.012228666472282284,0.012228666472282284,0.012228666472282284,0.012228666472282284,0.012228666472282284,0.012228666472282284,0.012228666472282284,0.012228666472282284,0.012228666472282284,0.012228666472282284,0.012228666472282284,0.012228666472282284,0.012228666472282284,0.012228666472282284,0.012228666472282284,0.012228666472282284,0.012228666472282284,0.012228666472282284,0.012228666472282284,0.012228666472282284,0.012228666472282284,0.012228666472282284,0.012228666472282284,0.012228666472282284,0.012228666472282284,0.012228666472282284,0.012228666472282284,0.012228666472282284,0.012228666472282284,0.012228666472282284,0.012228666472282284,0.012228666472282284,0.012228666472282284,0.012228666472282284,0.012228666472282284,0.012328702226114575,0.04028004279950359
Brain_Substantia_nigra,0.08313793205727027,0.005856158047449234,-0.050985952960287004,0.19517338600251186,-0.7107685457215549,-0.39621761419011525,0.01409200723329565,0.01409200723329565,0.01409200723329565,0.01409200723329565,0.01409200723329565,0.01409200723329565,0.01409200723329565,0.01409200723329565,0.01409200723329565,0.01409200723329565,0.01409200723329565,0.01409200723329565,0.01409200723329565,0.01409200723329565,0.01409200723329565,0.01409200723329565,0.01409200723329565,0.01409200723329565,0.01409200723329565,0.01409200723329565,0.01409200723329565,0.01409200723329565,0.01409200723329565,0.01409200723329565,0.01409200723329565,0.01409200723329565,0.01409200723329565,0.01409200723329565,0.01409200723329565,0.01409200723329565,0.01409200723329565,0.01409200723329565,0.01409200723329565,0.01409200723329565,0.01409200723329565,0.01409200723329565,0.01409200723329565,0.01409200723329565,0.01409200723329565,0.01409200723329565,0.01409200723329565,0.01409200723329565,0.01409200723329565,0.01409200723329565,0.01409200723329565,0.01409200723329565,0.01409200723329565,0.01409200723329565,0.01409200723329565,0.01409200723329565,0.01409200723329565,0.01409200723329565,0.01409200723329565,0.01409200723329565,0.01409200723329565,0.01409200723329565,0.01409200723329565,0.01409200723329565,0.01409200723329565,0.01409200723329565,0.01409200723329565,0.014192195533690992,0.058244387953409804
Breast_Mammary_Tissue,-0.043388265868690226,-0.0016853735182047452,-0.033034741073972015,-0.12227579211957762,0.825845360123333,0.17603475491585052,-0.012925812262487586,-0.012925812262487586,-0.012925812262487586,-0.012925812262487586,-0.012925812262487586,-0.012925812262487586,-0.012925812262487586,-0.012925812262487586,-0.012925812262487586,-0.012925812262487586,-0.012925812262487586,-0.012925812262487586,-0.012925812262487586,-0.012925812262487586,-0.012925812262487586,-0.012925812262487586,-0.012925812262487586,-0.012925812262487586,-0.012925812262487586,-0.012925812262487586,-0.012925812262487586,-0.012925812262487586,-0.012925812262487586,-0.012925812262487586,-0.012925812262487586,-0.012925812262487586,-0.012925812262487586,-0.012925812262487586,-0.012925812262487586,-0.012925812262487586,-0.012925812262487586,-0.012925812262487586,-0.012925812262487586,-0.012925812262487586,-0.012925812262487586,-0.012925812262487586,-0.012925812262487586,-0.012925812262487586,-0.012925812262487586,-0.012925812262487586,-0.012925812262487586,-0.012925812262487586,-0.012925812262487586,-0.012925812262487586,-0.012925812262487586,-0.012925812262487586,-0.012925812262487586,-0.012925812262487586,-0.012925812262487586,-0.012925812262487586,-0.012925812262487586,-0.012925812262487586,-0.012925812262487586,-0.012925812262487586,-0.012925812262487586,-0.012925812262487586,-0.012925812262487586,-0.012925812262487586,-0.012925812262487586,-0.012925812262487586,-0.012925812262487586,-0.013021394446996303,0.062374569950972014
Cells_EBV_transformed_lymphocytes,-0.022919268153631697,0.004400854901915663,0.067725471338358,0.04961853421510421,-1.0206017811431434,-0.024271157572263113,0.015261118579999969,0.015261118579999969,0.015261118579999969,0.015261118579999969,0.015261118579999969,0.015261118579999969,0.015261118579999969,0.015261118579999969,0.015261118579999969,0.015261118579999969,0.015261118579999969,0.015261118579999969,0.015261118579999969,0.015261118579999969,0.015261118579999969,0.015261118579999969,0.015261118579999969,0.015261118579999969,0.015261118579999969,0.015261118579999969,0.015261118579999969,0.015261118579999969,0.015261118579999969,0.015261118579999969,0.015261118579999969,0.015261118579999969,0.015261118579999969,0.015261118579999969,0.015261118579999969,0.015261118579999969,0.015261118579999969,0.015261118579999969,0.015261118579999969,0.015261118579999969,0.015261118579999969,0.015261118579999969,0.015261118579999969,0.015261118579999969,0.015261118579999969,0.015261118579999969,0.015261118579999969,0.015261118579999969,0.015261118579999969,0.015261118579999969,0.015261118579999969,0.015261118579999969,0.015261118579999969,0.015261118579999969,0.015261118579999969,0.015261118579999969,0.015261118579999969,0.015261118579999969,0.015261118579999969,0.015261118579999969,0.015261118579999969,0.015261118579999969,0.015261118579999969,0.015261118579999969,0.015261118579999969,0.015261118579999969,0.015261118579999969,0.015119113033662571,0.029026860484183237
Cells_Transformed_fibroblasts,0.023352136643768916,0.0023678953976446725,0.11762493408797191,0.3121183331451615,-0.9136995130629932,-0.3888644511148432,0.01366404519354081,0.01366404519354081,0.01366404519354081,0.01366404519354081,0.01366404519354081,0.01366404519354081,0.01366404519354081,0.01366404519354081,0.01366404519354081,0.01366404519354081,0.01366404519354081,0.01366404519354081,0.01366404519354081,0.01366404519354081,0.01366404519354081,0.01366404519354081,0.01366404519354081,0.01366404519354081,0.01366404519354081,0.01366404519354081,0.01366404519354081,0.01366404519354081,0.01366404519354081,0.01366404519354081,0.01366404519354081,0.01366404519354081,0.01366404519354081,0.01366404519354081,0.01366404519354081,0.01366404519354081,0.01366404519354081,0.01366404519354081,0.01366404519354081,0.01366404519354081,0.01366404519354081,0.01366404519354081,0.01366404519354081,0.01366404519354081,0.01366404519354081,0.01366404519354081,0.01366404519354081,0.01366404519354081,0.01366404519354081,0.01366404519354081,0.01366404519354081,0.01366404519354081,0.01366404519354081,0.01366404519354081,0.01366404519354081,0.01366404519354081,0.01366404519354081,0.01366404519354081,0.01366404519354081,0.01366404519354081,0.01366404519354081,0.01366404519354081,0.01366404519354081,0.01366404519354081,0.01366404519354081,0.01366404519354081,0.01366404519354081,0.013593908097299871,0.06347326716921431
Colon_Sigmoid,-0.003650663372772418,0.0023168588383958772,0.014218858869944725,0.027149057606945925,0.22212104162339183,-0.042819326611845246,-0.0035375282064478955,-0.0035375282064478955,-0.0035375282064478955,-0.0035375282064478955,-0.0035375282064478955,-0.0035375282064478955,-0.0035375282064478955,-0.0035375282064478955,-0.0035375282064478955,-0.0035375282064478955,-0.0035375282064478955,-0.0035375282064478955,-0.0035375282064478955,-0.0035375282064478955,-0.0035375282064478955,-0.0035375282064478955,-0.0035375282064478955,-0.0035375282064478955,-0.0035375282064478955,-0.0035375282064478955,-0.0035375282064478955,-0.0035375282064478955,-0.0035375282064478955,-0.0035375282064478955,-0.0035375282064478955,-0.0035375282064478955,-0.0035375282064478955,-0.0035375282064478955,-0.0035375282064478955,-0.0035375282064478955,-0.0035375282064478955,-0.0035375282064478955,-0.0035375282064478955,-0.0035375282064478955,-0.0035375282064478955,-0.0035375282064478955,-0.0035375282064478955,-0.0035375282064478955,-0.0035375282064478955,-0.0035375282064478955,-0.0035375282064478955,-0.0035375282064478955,-0.0035375282064478955,-0.0035375282064478955,-0.0035375282064478955,-0.0035375282064478955,-0.0035375282064478955,-0.0035375282064478955,-0.0035375282064478955,-0.0035375282064478955,-0.0035375282064478955,-0.0035375282064478955,-0.0035375282064478955,-0.0035375282064478955,-0.0035375282064478955,-0.0035375282064478955,-0.0035375282064478955,-0.0035375282064478955,-0.0035375282064478955,-0.0035375282064478955,-0.0035375282064478955,-0.0035466063607390596,0.002542303196734874
Colon_Transverse,-0.004068007800689095,-0.0006987437122984283,0.04542273790829198,-0.07621250585727764,0.10573655686339489,-0.09117619253157837,0.00033902593943328465,0.00033902593943328465,0.00033902593943328465,0.00033902593943328465,0.00033902593943328465,0.00033902593943328465,0.00033902593943328465,0.00033902593943328465,0.00033902593943328465,0.00033902593943328465,0.00033902593943328465,0.00033902593943328465,0.00033902593943328465,0.00033902593943328465,0.00033902593943328465,0.00033902593943328465,0.00033902593943328465,0.00033902593943328465,0.00033902593943328465,0.00033902593943328465,0.00033902593943328465,0.00033902593943328465,0.00033902593943328465,0.00033902593943328465,0.00033902593943328465,0.00033902593943328465,0.00033902593943328465,0.00033902593943328465,0.00033902593943328465,0.00033902593943328465,0.00033902593943328465,0.00033902593943328465,0.00033902593943328465,0.00033902593943328465,0.00033902593943328465,0.00033902593943328465,0.00033902593943328465,0.00033902593943328465,0.00033902593943328465,0.00033902593943328465,0.00033902593943328465,0.00033902593943328465,0.00033902593943328465,0.00033902593943328465,0.00033902593943328465,0.00033902593943328465,0.00033902593943328465,0.00033902593943328465,0.00033902593943328465,0.00033902593943328465,0.00033902593943328465,0.00033902593943328465,0.00033902593943328465,0.00033902593943328465,0.00033902593943328465,0.00033902593943328465,0.00033902593943328465,0.00033902593943328465,0.00033902593943328465,0.00033902593943328465,0.00033902593943328465,0.0003155728247263095,0.01348390397482313
Esophagus_Gastroesophageal_Junction,-0.006986903700048336,-0.004022312818581658,0.0323554998149452,0.07319457670110505,0.1330364720006536,0.0023299734441289788,-0.0037088851187514946,-0.0037088851187514946,-0.0037088851187514946,-0.0037088851187514946,-0.0037088851187514946,-0.0037088851187514946,-0.0037088851187514946,-0.0037088851187514946,-0.0037088851187514946,-0.0037088851187514946,-0.0037088851187514946,-0.0037088851187514946,-0.0037088851187514946,-0.0037088851187514946,-0.0037088851187514946,-0.0037088851187514946,-0.0037088851187514946,-0.0037088851187514946,-0.0037088851187514946,-0.0037088851187514946,-0.0037088851187514946,-0.0037088851187514946,-0.0037088851187514946,-0.0037088851187514946,-0.0037088851187514946,-0.0037088851187514946,-0.0037088851187514946,-0.0037088851187514946,-0.0037088851187514946,-0.0037088851187514946,-0.0037088851187514946,-0.0037088851187514946,-0.0037088851187514946,-0.0037088851187514946,-0.0037088851187514946,-0.0037088851187514946,-0.0037088851187514946,-0.0037088851187514946,-0.0037088851187514946,-0.0037088851187514946,-0.0037088851187514946,-0.0037088851187514946,-0.0037088851187514946,-0.0037088851187514946,-0.0037088851187514946,-0.0037088851187514946,-0.0037088851187514946,-0.0037088851187514946,-0.0037088851187514946,-0.0037088851187514946,-0.0037088851187514946,-0.0037088851187514946,-0.0037088851187514946,-0.0037088851187514946,-0.0037088851187514946,-0.0037088851187514946,-0.0037088851187514946,-0.0037088851187514946,-0.0037088851187514946,-0.0037088851187514946,-0.0037088851187514946,-0.0036653131983616486,0.010637636355152247
Esophagus_Mucosa,-0.024024315943937273,0.000581116722264575,0.019309893238143565,0.053781897260507215,-0.14409562128079598,0.0637900981860559,0.0004962991952292475,0.0004962991952292475,0.0004962991952292475,0.0004962991952292475,0.0004962991952292475,0.0004962991952292475,0.0004962991952292475,0.0004962991952292475,0.0004962991952292475,0.0004962991952292475,0.0004962991952292475,0.0004962991952292475,0.0004962991952292475,0.0004962991952292475,0.0004962991952292475,0.0004962991952292475,0.0004962991952292475,0.0004962991952292475,0.0004962991952292475,0.0004962991952292475,0.0004962991952292475,0.0004962991952292475,0.0004962991952292475,0.0004962991952292475,0.0004962991952292475,0.0004962991952292475,0.0004962991952292475,0.0004962991952292475,0.0004962991952292475,0.0004962991952292475,0.0004962991952292475,0.0004962991952292475,0.0004962991952292475,0.0004962991952292475,0.0004962991952292475,0.0004962991952292475,0.0004962991952292475,0.0004962991952292475,0.0004962991952292475,0.0004962991952292475,0.0004962991952292475,0.0004962991952292475,0.0004962991952292475,0.0004962991952292475,0.0004962991952292475,0.0004962991952292475,0.0004962991952292475,0.0004962991952292475,0.0004962991952292475,0.0004962991952292475,0.0004962991952292475,0.0004962991952292475,0.0004962991952292475,0.0004962991952292475,0.0004962991952292475,0.0004962991952292475,0.0004962991952292475,0.0004962991952292475,0.0004962991952292475,0.0004962991952292475,0.0004962991952292475,0.0003826809087779008,0.0043800892250244194
Esophagus_Muscularis,-0.0001942840949754215,-0.003276601763153853,0.04488901464378969,0.12294073856974021,-0.003977565005887559,-0.06669632785124399,-0.0015112019444673925,-0.0015112019444673925,-0.0015112019444673925,-0.0015112019444673925,-0.0015112019444673925,-0.0015112019444673925,-0.0015112019444673925,-0.0015112019444673925,-0.0015112019444673925,-0.0015112019444673925,-0.0015112019444673925,-0.0015112019444673925,-0.0015112019444673925,-0.0015112019444673925,-0.0015112019444673925,-0.0015112019444673925,-0.0015112019444673925,-0.0015112019444673925,-0.0015112019444673925,-0.0015112019444673925,-0.0015112019444673925,-0.0015112019444673925,-0.0015112019444673925,-0.0015112019444673925,-0.0015112019444673925,-0.0015112019444673925,-0.0015112019444673925,-0.0015112019444673925,-0.0015112019444673925,-0.0015112019444673925,-0.0015112019444673925,-0.0015112019444673925,-0.0015112019444673925,-0.0015112019444673925,-0.0015112019444673925,-0.0015112019444673925,-0.0015112019444673925,-0.0015112019444673925,-0.0015112019444673925,-0.0015112019444673925,-0.0015112019444673925,-0.0015112019444673925,-0.0015112019444673925,-0.0015112019444673925,-0.0015112019444673925,-0.0015112019444673925,-0.0015112019444673925,-0.0015112019444673925,-0.0015112019444673925,-0.0015112019444673925,-0.0015112019444673925,-0.0015112019444673925,-0.0015112019444673925,-0.0015112019444673925,-0.0015112019444673925,-0.0015112019444673925,-0.0015112019444673925,-0.0015112019444673925,-0.0015112019444673925,-0.0015112019444673925,-0.0015112019444673925,-0.0015016558857581213,0.015444523659357556
Heart_Atrial_Appendage,-0.05887063503573608,-0.012852084528342914,-0.06985425309940851,3.539103869817234e-05,0.07638906084658159,0.35961807156589737,-0.004748261291175432,-0.004748261291175432,-0.004748261291175432,-0.004748261291175432,-0.004748261291175432,-0.004748261291175432,-0.004748261291175432,-0.004748261291175432,-0.004748261291175432,-0.004748261291175432,-0.004748261291175432,-0.004748261291175432,-0.004748261291175432,-0.004748261291175432,-0.004748261291175432,-0.004748261291175432,-0.004748261291175432,-0.004748261291175432,-0.004748261291175432,-0.004748261291175432,-0.004748261291175432,-0.004748261291175432,-0.004748261291175432,-0.004748261291175432,-0.004748261291175432,-0.004748261291175432,-0.004748261291175432,-0.004748261291175432,-0.004748261291175432,-0.004748261291175432,-0.004748261291175432,-0.004748261291175432,-0.004748261291175432,-0.004748261291175432,-0.004748261291175432,-0.004748261291175432,-0.004748261291175432,-0.004748261291175432,-0.004748261291175432,-0.004748261291175432,-0.004748261291175432,-0.004748261291175432,-0.004748261291175432,-0.004748261291175432,-0.004748261291175432,-0.004748261291175432,-0.004748261291175432,-0.004748261291175432,-0.004748261291175432,-0.004748261291175432,-0.004748261291175432,-0.004748261291175432,-0.004748261291175432,-0.004748261291175432,-0.004748261291175432,-0.004748261291175432,-0.004748261291175432,-0.004748261291175432,-0.004748261291175432,-0.004748261291175432,-0.004748261291175432,-0.004821612025988256,0.05631608739125715
Heart_Left_Ventricle,-0.01998915912256524,-0.021445293208609034,7.615767248739941e-05,0.15961598850389738,-0.5619652249910937,0.1222156817610105,0.005185498660282535,0.005185498660282535,0.005185498660282535,0.005185498660282535,0.005185498660282535,0.005185498660282535,0.005185498660282535,0.005185498660282535,0.005185498660282535,0.005185498660282535,0.005185498660282535,0.005185498660282535,0.005185498660282535,0.005185498660282535,0.005185498660282535,0.005185498660282535,0.005185498660282535,0.005185498660282535,0.005185498660282535,0.005185498660282535,0.005185498660282535,0.005185498660282535,0.005185498660282535,0.005185498660282535,0.005185498660282535,0.005185498660282535,0.005185498660282535,0.005185498660282535,0.005185498660282535,0.005185498660282535,0.005185498660282535,0.005185498660282535,0.005185498660282535,0.005185498660282535,0.005185498660282535,0.005185498660282535,0.005185498660282535,0.005185498660282535,0.005185498660282535,0.005185498660282535,0.005185498660282535,0.005185498660282535,0.005185498660282535,0.005185498660282535,0.005185498660282535,0.005185498660282535,0.005185498660282535,0.005185498660282535,0.005185498660282535,0.005185498660282535,0.005185498660282535,0.005185498660282535,0.005185498660282535,0.005185498660282535,0.005185498660282535,0.005185498660282535,0.005185498660282535,0.005185498660282535,0.005185498660282535,0.005185498660282535,0.005185498660282535,0.0051764311076380005,0.007653526613841444
Kidney_Cortex,-0.022763357078935013,-0.004989663716141916,-0.028637590670280086,0.0640365241245415,-0.1309540510531096,0.1581992214664341,-0.0005617237549078558,-0.0005617237549078558,-0.0005617237549078558,-0.0005617237549078558,-0.0005617237549078558,-0.0005617237549078558,-0.0005617237549078558,-0.0005617237549078558,-0.0005617237549078558,-0.0005617237549078558,-0.0005617237549078558,-0.0005617237549078558,-0.0005617237549078558,-0.0005617237549078558,-0.0005617237549078558,-0.0005617237549078558,-0.0005617237549078558,-0.0005617237549078558,-0.0005617237549078558,-0.0005617237549078558,-0.0005617237549078558,-0.0005617237549078558,-0.0005617237549078558,-0.0005617237549078558,-0.0005617237549078558,-0.0005617237549078558,-0.0005617237549078558,-0.0005617237549078558,-0.0005617237549078558,-0.0005617237549078558,-0.0005617237549078558,-0.0005617237549078558,-0.0005617237549078558,-0.0005617237549078558,-0.0005617237549078558,-0.0005617237549078558,-0.0005617237549078558,-0.0005617237549078558,-0.0005617237549078558,-0.0005617237549078558,-0.0005617237549078558,-0.0005617237549078558,-0.0005617237549078558,-0.0005617237549078558,-0.0005617237549078558,-0.0005617237549078558,-0.0005617237549078558,-0.0005617237549078558,-0.0005617237549078558,-0.0005617237549078558,-0.0005617237549078558,-0.0005617237549078558,-0.0005617237549078558,-0.0005617237549078558,-0.0005617237549078558,-0.0005617237549078558,-0.0005617237549078558,-0.0005617237549078558,-0.0005617237549078558,-0.0005617237549078558,-0.0005617237549078558,-0.0006259340231297635,0.011283164154329062
Liver,-0.01810392911821155,-0.007090297360368621,-0.0022985171279884344,-0.0112052352460693,-0.05397753841464689,0.030973166212584564,0.000995585937257033,0.000995585937257033,0.000995585937257033,0.000995585937257033,0.000995585937257033,0.000995585937257033,0.000995585937257033,0.000995585937257033,0.000995585937257033,0.000995585937257033,0.000995585937257033,0.000995585937257033,0.000995585937257033,0.000995585937257033,0.000995585937257033,0.000995585937257033,0.000995585937257033,0.000995585937257033,0.000995585937257033,0.000995585937257033,0.000995585937257033,0.000995585937257033,0.000995585937257033,0.000995585937257033,0.000995585937257033,0.000995585937257033,0.000995585937257033,0.000995585937257033,0.000995585937257033,0.000995585937257033,0.000995585937257033,0.000995585937257033,0.000995585937257033,0.000995585937257033,0.000995585937257033,0.000995585937257033,0.000995585937257033,0.000995585937257033,0.000995585937257033,0.000995585937257033,0.000995585937257033,0.000995585937257033,0.000995585937257033,0.000995585937257033,0.000995585937257033,0.000995585937257033,0.000995585937257033,0.000995585937257033,0.000995585937257033,0.000995585937257033,0.000995585937257033,0.000995585937257033,0.000995585937257033,0.000995585937257033,0.000995585937257033,0.000995585937257033,0.000995585937257033,0.000995585937257033,0.000995585937257033,0.000995585937257033,0.000995585937257033,0.0009716088820212074,0.004157747680303414
Lung,-0.03139420367517218,0.003793232796786025,-0.003346030854957143,-0.24593197763474223,0.7234760117815292,0.12409715051991098,-0.009204057723013482,-0.009204057723013482,-0.009204057723013482,-0.009204057723013482,-0.009204057723013482,-0.009204057723013482,-0.009204057723013482,-0.009204057723013482,-0.009204057723013482,-0.009204057723013482,-0.009204057723013482,-0.009204057723013482,-0.009204057723013482,-0.009204057723013482,-0.009204057723013482,-0.009204057723013482,-0.009204057723013482,-0.009204057723013482,-0.009204057723013482,-0.009204057723013482,-0.009204057723013482,-0.009204057723013482,-0.009204057723013482,-0.009204057723013482,-0.009204057723013482,-0.009204057723013482,-0.009204057723013482,-0.009204057723013482,-0.009204057723013482,-0.009204057723013482,-0.009204057723013482,-0.009204057723013482,-0.009204057723013482,-0.009204057723013482,-0.009204057723013482,-0.009204057723013482,-0.009204057723013482,-0.009204057723013482,-0.009204057723013482,-0.009204057723013482,-0.009204057723013482,-0.009204057723013482,-0.009204057723013482,-0.009204057723013482,-0.009204057723013482,-0.009204057723013482,-0.009204057723013482,-0.009204057723013482,-0.009204057723013482,-0.009204057723013482,-0.009204057723013482,-0.009204057723013482,-0.009204057723013482,-0.009204057723013482,-0.009204057723013482,-0.009204057723013482,-0.009204057723013482,-0.009204057723013482,-0.009204057723013482,-0.009204057723013482,-0.009204057723013482,-0.009246661829532253,0.031582212012570055
Minor_Salivary_Gland,-0.05896515734759778,-0.007373291799716694,-0.015820001265719086,-0.16958766210485193,0.616890235300271,0.33357355079466916,-0.011267032180493353,-0.011267032180493353,-0.011267032180493353,-0.011267032180493353,-0.011267032180493353,-0.011267032180493353,-0.011267032180493353,-0.011267032180493353,-0.011267032180493353,-0.011267032180493353,-0.011267032180493353,-0.011267032180493353,-0.011267032180493353,-0.011267032180493353,-0.011267032180493353,-0.011267032180493353,-0.011267032180493353,-0.011267032180493353,-0.011267032180493353,-0.011267032180493353,-0.011267032180493353,-0.011267032180493353,-0.011267032180493353,-0.011267032180493353,-0.011267032180493353,-0.011267032180493353,-0.011267032180493353,-0.011267032180493353,-0.011267032180493353,-0.011267032180493353,-0.011267032180493353,-0.011267032180493353,-0.011267032180493353,-0.011267032180493353,-0.011267032180493353,-0.011267032180493353,-0.011267032180493353,-0.011267032180493353,-0.011267032180493353,-0.011267032180493353,-0.011267032180493353,-0.011267032180493353,-0.011267032180493353,-0.011267032180493353,-0.011267032180493353,-0.011267032180493353,-0.011267032180493353,-0.011267032180493353,-0.011267032180493353,-0.011267032180493353,-0.011267032180493353,-0.011267032180493353,-0.011267032180493353,-0.011267032180493353,-0.011267032180493353,-0.011267032180493353,-0.011267032180493353,-0.011267032180493353,-0.011267032180493353,-0.011267032180493353,-0.011267032180493353,-0.01142871056696016,0.06612873356511795
Muscle_Skeletal,-0.03279078820077775,-0.02875787807898425,0.020100758827807222,0.5087318859819682,-1.1318550722639518,-0.02852858196294915,0.01117923676146147,0.01117923676146147,0.01117923676146147,0.01117923676146147,0.01117923676146147,0.01117923676146147,0.01117923676146147,0.01117923676146147,0.01117923676146147,0.01117923676146147,0.01117923676146147,0.01117923676146147,0.01117923676146147,0.01117923676146147,0.01117923676146147,0.01117923676146147,0.01117923676146147,0.01117923676146147,0.01117923676146147,0.01117923676146147,0.01117923676146147,0.01117923676146147,0.01117923676146147,0.01117923676146147,0.01117923676146147,0.01117923676146147,0.01117923676146147,0.01117923676146147,0.01117923676146147,0.01117923676146147,0.01117923676146147,0.01117923676146147,0.01117923676146147,0.01117923676146147,0.01117923676146147,0.01117923676146147,0.01117923676146147,0.01117923676146147,0.01117923676146147,0.01117923676146147,0.01117923676146147,0.01117923676146147,0.01117923676146147,0.01117923676146147,0.01117923676146147,0.01117923676146147,0.01117923676146147,0.01117923676146147,0.01117923676146147,0.01117923676146147,0.01117923676146147,0.01117923676146147,0.01117923676146147,0.01117923676146147,0.01117923676146147,0.01117923676146147,0.01117923676146147,0.01117923676146147,0.01117923676146147,0.01117923676146147,0.01117923676146147,0.011166233247737831,0.01792994215460275
Nerve_Tibial,-0.05039855807140487,-0.011211085081148119,-0.03364155647906216,-0.15197899615098687,1.2435807151485272,0.33502625206936687,-0.021472988114890283,-0.021472988114890283,-0.021472988114890283,-0.021472988114890283,-0.021472988114890283,-0.021472988114890283,-0.021472988114890283,-0.021472988114890283,-0.021472988114890283,-0.021472988114890283,-0.021472988114890283,-0.021472988114890283,-0.021472988114890283,-0.021472988114890283,-0.021472988114890283,-0.021472988114890283,-0.021472988114890283,-0.021472988114890283,-0.021472988114890283,-0.021472988114890283,-0.021472988114890283,-0.021472988114890283,-0.021472988114890283,-0.021472988114890283,-0.021472988114890283,-0.021472988114890283,-0.021472988114890283,-0.021472988114890283,-0.021472988114890283,-0.021472988114890283,-0.021472988114890283,-0.021472988114890283,-0.021472988114890283,-0.021472988114890283,-0.021472988114890283,-0.021472988114890283,-0.021472988114890283,-0.021472988114890283,-0.021472988114890283,-0.021472988114890283,-0.021472988114890283,-0.021472988114890283,-0.021472988114890283,-0.021472988114890283,-0.021472988114890283,-0.021472988114890283,-0.021472988114890283,-0.021472988114890283,-0.021472988114890283,-0.021472988114890283,-0.021472988114890283,-0.021472988114890283,-0.021472988114890283,-0.021472988114890283,-0.021472988114890283,-0.021472988114890283,-0.021472988114890283,-0.021472988114890283,-0.021472988114890283,-0.021472988114890283,-0.021472988114890283,-0.021524496426984764,0.07727091523408147
Ovary,-0.05577333223830691,-0.0024074516280215546,0.027362893926197368,-0.34879015744972486,0.9573490054569022,0.4582799092882057,-0.016709058870022102,-0.016709058870022102,-0.016709058870022102,-0.016709058870022102,-0.016709058870022102,-0.016709058870022102,-0.016709058870022102,-0.016709058870022102,-0.016709058870022102,-0.016709058870022102,-0.016709058870022102,-0.016709058870022102,-0.016709058870022102,-0.016709058870022102,-0.016709058870022102,-0.016709058870022102,-0.016709058870022102,-0.016709058870022102,-0.016709058870022102,-0.016709058870022102,-0.016709058870022102,-0.016709058870022102,-0.016709058870022102,-0.016709058870022102,-0.016709058870022102,-0.016709058870022102,-0.016709058870022102,-0.016709058870022102,-0.016709058870022102,-0.016709058870022102,-0.016709058870022102,-0.016709058870022102,-0.016709058870022102,-0.016709058870022102,-0.016709058870022102,-0.016709058870022102,-0.016709058870022102,-0.016709058870022102,-0.016709058870022102,-0.016709058870022102,-0.016709058870022102,-0.016709058870022102,-0.016709058870022102,-0.016709058870022102,-0.016709058870022102,-0.016709058870022102,-0.016709058870022102,-0.016709058870022102,-0.016709058870022102,-0.016709058870022102,-0.016709058870022102,-0.016709058870022102,-0.016709058870022102,-0.016709058870022102,-0.016709058870022102,-0.016709058870022102,-0.016709058870022102,-0.016709058870022102,-0.016709058870022102,-0.016709058870022102,-0.016709058870022102,-0.016768276283903746,0.06639208869384106
Pancreas,-0.040764925188118084,-0.007375158065481096,0.04405299219747492,-0.14018431063398082,0.2566762492645953,0.05681616480594147,-0.0027296121439001867,-0.0027296121439001867,-0.0027296121439001867,-0.0027296121439001867,-0.0027296121439001867,-0.0027296121439001867,-0.0027296121439001867,-0.0027296121439001867,-0.0027296121439001867,-0.0027296121439001867,-0.0027296121439001867,-0.0027296121439001867,-0.0027296121439001867,-0.0027296121439001867,-0.0027296121439001867,-0.0027296121439001867,-0.0027296121439001867,-0.0027296121439001867,-0.0027296121439001867,-0.0027296121439001867,-0.0027296121439001867,-0.0027296121439001867,-0.0027296121439001867,-0.0027296121439001867,-0.0027296121439001867,-0.0027296121439001867,-0.0027296121439001867,-0.0027296121439001867,-0.0027296121439001867,-0.0027296121439001867,-0.0027296121439001867,-0.0027296121439001867,-0.0027296121439001867,-0.0027296121439001867,-0.0027296121439001867,-0.0027296121439001867,-0.0027296121439001867,-0.0027296121439001867,-0.0027296121439001867,-0.0027296121439001867,-0.0027296121439001867,-0.0027296121439001867,-0.0027296121439001867,-0.0027296121439001867,-0.0027296121439001867,-0.0027296121439001867,-0.0027296121439001867,-0.0027296121439001867,-0.0027296121439001867,-0.0027296121439001867,-0.0027296121439001867,-0.0027296121439001867,-0.0027296121439001867,-0.0027296121439001867,-0.0027296121439001867,-0.0027296121439001867,-0.0027296121439001867,-0.0027296121439001867,-0.0027296121439001867,-0.0027296121439001867,-0.0027296121439001867,-0.002714671602520262,0.031190878323427818
Pituitary,-0.020827159584222977,-0.00011435588018437939,-0.004500176353512112,-0.18307896343600122,0.15056879693562164,0.29706340272664794,-0.0038575956456349293,-0.0038575956456349293,-0.0038575956456349293,-0.0038575956456349293,-0.0038575956456349293,-0.0038575956456349293,-0.0038575956456349293,-0.0038575956456349293,-0.0038575956456349293,-0.0038575956456349293,-0.0038575956456349293,-0.0038575956456349293,-0.0038575956456349293,-0.0038575956456349293,-0.0038575956456349293,-0.0038575956456349293,-0.0038575956456349293,-0.0038575956456349293,-0.0038575956456349293,-0.0038575956456349293,-0.0038575956456349293,-0.0038575956456349293,-0.0038575956456349293,-0.0038575956456349293,-0.0038575956456349293,-0.0038575956456349293,-0.0038575956456349293,-0.0038575956456349293,-0.0038575956456349293,-0.0038575956456349293,-0.0038575956456349293,-0.0038575956456349293,-0.0038575956456349293,-0.0038575956456349293,-0.0038575956456349293,-0.0038575956456349293,-0.0038575956456349293,-0.0038575956456349293,-0.0038575956456349293,-0.0038575956456349293,-0.0038575956456349293,-0.0038575956456349293,-0.0038575956456349293,-0.0038575956456349293,-0.0038575956456349293,-0.0038575956456349293,-0.0038575956456349293,-0.0038575956456349293,-0.0038575956456349293,-0.0038575956456349293,-0.0038575956456349293,-0.0038575956456349293,-0.0038575956456349293,-0.0038575956456349293,-0.0038575956456349293,-0.0038575956456349293,-0.0038575956456349293,-0.0038575956456349293,-0.0038575956456349293,-0.0038575956456349293,-0.0038575956456349293,-0.00379821002461822,0.008190557198563875
Prostate,-0.027258249637501127,0.00033208127173731984,-0.022534321460757192,-0.12146891876584681,0.5887513368192253,0.1966646947812106,-0.009909655740816788,-0.009909655740816788,-0.009909655740816788,-0.009909655740816788,-0.009909655740816788,-0.009909655740816788,-0.009909655740816788,-0.009909655740816788,-0.009909655740816788,-0.009909655740816788,-0.009909655740816788,-0.009909655740816788,-0.009909655740816788,-0.009909655740816788,-0.009909655740816788,-0.009909655740816788,-0.009909655740816788,-0.009909655740816788,-0.009909655740816788,-0.009909655740816788,-0.009909655740816788,-0.009909655740816788,-0.009909655740816788,-0.009909655740816788,-0.009909655740816788,-0.009909655740816788,-0.009909655740816788,-0.009909655740816788,-0.009909655740816788,-0.009909655740816788,-0.009909655740816788,-0.009909655740816788,-0.009909655740816788,-0.009909655740816788,-0.009909655740816788,-0.009909655740816788,-0.009909655740816788,-0.009909655740816788,-0.009909655740816788,-0.009909655740816788,-0.009909655740816788,-0.009909655740816788,-0.009909655740816788,-0.009909655740816788,-0.009909655740816788,-0.009909655740816788,-0.009909655740816788,-0.009909655740816788,-0.009909655740816788,-0.009909655740816788,-0.009909655740816788,-0.009909655740816788,-0.009909655740816788,-0.009909655740816788,-0.009909655740816788,-0.009909655740816788,-0.009909655740816788,-0.009909655740816788,-0.009909655740816788,-0.009909655740816788,-0.009909655740816788,-0.009997622818244057,0.027384143952573936
Skin_Not_Sun_Exposed_Suprapubic,-0.07897789568602641,-0.01258491217461078,-0.03667074788497486,-0.15342603464931698,1.2451957099698656,0.5863000635997084,-0.02499517289224357,-0.02499517289224357,-0.02499517289224357,-0.02499517289224357,-0.02499517289224357,-0.02499517289224357,-0.02499517289224357,-0.02499517289224357,-0.02499517289224357,-0.02499517289224357,-0.02499517289224357,-0.02499517289224357,-0.02499517289224357,-0.02499517289224357,-0.02499517289224357,-0.02499517289224357,-0.02499517289224357,-0.02499517289224357,-0.02499517289224357,-0.02499517289224357,-0.02499517289224357,-0.02499517289224357,-0.02499517289224357,-0.02499517289224357,-0.02499517289224357,-0.02499517289224357,-0.02499517289224357,-0.02499517289224357,-0.02499517289224357,-0.02499517289224357,-0.02499517289224357,-0.02499517289224357,-0.02499517289224357,-0.02499517289224357,-0.02499517289224357,-0.02499517289224357,-0.02499517289224357,-0.02499517289224357,-0.02499517289224357,-0.02499517289224357,-0.02499517289224357,-0.02499517289224357,-0.02499517289224357,-0.02499517289224357,-0.02499517289224357,-0.02499517289224357,-0.02499517289224357,-0.02499517289224357,-0.02499517289224357,-0.02499517289224357,-0.02499517289224357,-0.02499517289224357,-0.02499517289224357,-0.02499517289224357,-0.02499517289224357,-0.02499517289224357,-0.02499517289224357,-0.02499517289224357,-0.02499517289224357,-0.02499517289224357,-0.02499517289224357,-0.025130636747787125,0.11513862692736765
Skin_Sun_Exposed_Lower_leg,-0.06918679964793159,-0.011285114796031063,-0.033388358446938625,-0.10899112338955709,1.3009223038836233,0.4557565134405646,-0.024737049026243366,-0.024737049026243366,-0.024737049026243366,-0.024737049026243366,-0.024737049026243366,-0.024737049026243366,-0.024737049026243366,-0.024737049026243366,-0.024737049026243366,-0.024737049026243366,-0.024737049026243366,-0.024737049026243366,-0.024737049026243366,-0.024737049026243366,-0.024737049026243366,-0.024737049026243366,-0.024737049026243366,-0.024737049026243366,-0.024737049026243366,-0.024737049026243366,-0.024737049026243366,-0.024737049026243366,-0.024737049026243366,-0.024737049026243366,-0.024737049026243366,-0.024737049026243366,-0.024737049026243366,-0.024737049026243366,-0.024737049026243366,-0.024737049026243366,-0.024737049026243366,-0.024737049026243366,-0.024737049026243366,-0.024737049026243366,-0.024737049026243366,-0.024737049026243366,-0.024737049026243366,-0.024737049026243366,-0.024737049026243366,-0.024737049026243366,-0.024737049026243366,-0.024737049026243366,-0.024737049026243366,-0.024737049026243366,-0.024737049026243366,-0.024737049026243366,-0.024737049026243366,-0.024737049026243366,-0.024737049026243366,-0.024737049026243366,-0.024737049026243366,-0.024737049026243366,-0.024737049026243366,-0.024737049026243366,-0.024737049026243366,-0.024737049026243366,-0.024737049026243366,-0.024737049026243366,-0.024737049026243366,-0.024737049026243366,-0.024737049026243366,-0.024867430442884017,0.0968592116635365
Small_Intestine_Terminal_Ileum,-0.011911460003552232,0.002832514031743576,0.05067615075597656,-0.2361305005034024,0.34651607556577796,-0.0036136144832997013,-0.0023928825909011065,-0.0023928825909011065,-0.0023928825909011065,-0.0023928825909011065,-0.0023928825909011065,-0.0023928825909011065,-0.0023928825909011065,-0.0023928825909011065,-0.0023928825909011065,-0.0023928825909011065,-0.0023928825909011065,-0.0023928825909011065,-0.0023928825909011065,-0.0023928825909011065,-0.0023928825909011065,-0.0023928825909011065,-0.0023928825909011065,-0.0023928825909011065,-0.0023928825909011065,-0.0023928825909011065,-0.0023928825909011065,-0.0023928825909011065,-0.0023928825909011065,-0.0023928825909011065,-0.0023928825909011065,-0.0023928825909011065,-0.0023928825909011065,-0.0023928825909011065,-0.0023928825909011065,-0.0023928825909011065,-0.0023928825909011065,-0.0023928825909011065,-0.0023928825909011065,-0.0023928825909011065,-0.0023928825909011065,-0.0023928825909011065,-0.0023928825909011065,-0.0023928825909011065,-0.0023928825909011065,-0.0023928825909011065,-0.0023928825909011065,-0.0023928825909011065,-0.0023928825909011065,-0.0023928825909011065,-0.0023928825909011065,-0.0023928825909011065,-0.0023928825909011065,-0.0023928825909011065,-0.0023928825909011065,-0.0023928825909011065,-0.0023928825909011065,-0.0023928825909011065,-0.0023928825909011065,-0.0023928825909011065,-0.0023928825909011065,-0.0023928825909011065,-0.0023928825909011065,-0.0023928825909011065,-0.0023928825909011065,-0.0023928825909011065,-0.0023928825909011065,-0.0024033273182762697,0.01409018527017425
Spleen,0.014838138994957149,0.01542156680832427,0.05797060846929692,-0.30917946350810255,0.0018155523828719813,-0.14685376960446492,0.005903164805664363,0.005903164805664363,0.005903164805664363,0.005903164805664363,0.005903164805664363,0.005903164805664363,0.005903164805664363,0.005903164805664363,0.005903164805664363,0.005903164805664363,0.005903164805664363,0.005903164805664363,0.005903164805664363,0.005903164805664363,0.005903164805664363,0.005903164805664363,0.005903164805664363,0.005903164805664363,0.005903164805664363,0.005903164805664363,0.005903164805664363,0.005903164805664363,0.005903164805664363,0.005903164805664363,0.005903164805664363,0.005903164805664363,0.005903164805664363,0.005903164805664363,0.005903164805664363,0.005903164805664363,0.005903164805664363,0.005903164805664363,0.005903164805664363,0.005903164805664363,0.005903164805664363,0.005903164805664363,0.005903164805664363,0.005903164805664363,0.005903164805664363,0.005903164805664363,0.005903164805664363,0.005903164805664363,0.005903164805664363,0.005903164805664363,0.005903164805664363,0.005903164805664363,0.005903164805664363,0.005903164805664363,0.005903164805664363,0.005903164805664363,0.005903164805664363,0.005903164805664363,0.005903164805664363,0.005903164805664363,0.005903164805664363,0.005903164805664363,0.005903164805664363,0.005903164805664363,0.005903164805664363,0.005903164805664363,0.005903164805664363,0.005894313311591033,0.017624584266221377
Stomach,-0.01510935929520479,-0.006817509540800984,0.038943176662872066,-0.04715944826481974,0.07820216890261976,-0.010886783171426388,-0.0005991623828508546,-0.0005991623828508546,-0.0005991623828508546,-0.0005991623828508546,-0.0005991623828508546,-0.0005991623828508546,-0.0005991623828508546,-0.0005991623828508546,-0.0005991623828508546,-0.0005991623828508546,-0.0005991623828508546,-0.0005991623828508546,-0.0005991623828508546,-0.0005991623828508546,-0.0005991623828508546,-0.0005991623828508546,-0.0005991623828508546,-0.0005991623828508546,-0.0005991623828508546,-0.0005991623828508546,-0.0005991623828508546,-0.0005991623828508546,-0.0005991623828508546,-0.0005991623828508546,-0.0005991623828508546,-0.0005991623828508546,-0.0005991623828508546,-0.0005991623828508546,-0.0005991623828508546,-0.0005991623828508546,-0.0005991623828508546,-0.0005991623828508546,-0.0005991623828508546,-0.0005991623828508546,-0.0005991623828508546,-0.0005991623828508546,-0.0005991623828508546,-0.0005991623828508546,-0.0005991623828508546,-0.0005991623828508546,-0.0005991623828508546,-0.0005991623828508546,-0.0005991623828508546,-0.0005991623828508546,-0.0005991623828508546,-0.0005991623828508546,-0.0005991623828508546,-0.0005991623828508546,-0.0005991623828508546,-0.0005991623828508546,-0.0005991623828508546,-0.0005991623828508546,-0.0005991623828508546,-0.0005991623828508546,-0.0005991623828508546,-0.0005991623828508546,-0.0005991623828508546,-0.0005991623828508546,-0.0005991623828508546,-0.0005991623828508546,-0.0005991623828508546,-0.0006233399393377816,0.01586167411491457
Testis,-0.07952964142961483,0.0021030073350097565,0.04659708080422905,0.10220904952209973,-1.047393582549557,0.28782257707779985,0.011106173344032633,0.011106173344032633,0.011106173344032633,0.011106173344032633,0.011106173344032633,0.011106173344032633,0.011106173344032633,0.011106173344032633,0.011106173344032633,0.011106173344032633,0.011106173344032633,0.011106173344032633,0.011106173344032633,0.011106173344032633,0.011106173344032633,0.011106173344032633,0.011106173344032633,0.011106173344032633,0.011106173344032633,0.011106173344032633,0.011106173344032633,0.011106173344032633,0.011106173344032633,0.011106173344032633,0.011106173344032633,0.011106173344032633,0.011106173344032633,0.011106173344032633,0.011106173344032633,0.011106173344032633,0.011106173344032633,0.011106173344032633,0.011106173344032633,0.011106173344032633,0.011106173344032633,0.011106173344032633,0.011106173344032633,0.011106173344032633,0.011106173344032633,0.011106173344032633,0.011106173344032633,0.011106173344032633,0.011106173344032633,0.011106173344032633,0.011106173344032633,0.011106173344032633,0.011106173344032633,0.011106173344032633,0.011106173344032633,0.011106173344032633,0.011106173344032633,0.011106173344032633,0.011106173344032633,0.011106173344032633,0.011106173344032633,0.011106173344032633,0.011106173344032633,0.011106173344032633,0.011106173344032633,0.011106173344032633,0.011106173344032633,0.010714935254043026,0.035139695547403926
Thyroid,-0.03124403875075591,0.0028798536910201733,0.0007295688285700111,-0.22581422363646472,0.7832918047257988,0.11262880178405203,-0.010361223686168776,-0.010361223686168776,-0.010361223686168776,-0.010361223686168776,-0.010361223686168776,-0.010361223686168776,-0.010361223686168776,-0.010361223686168776,-0.010361223686168776,-0.010361223686168776,-0.010361223686168776,-0.010361223686168776,-0.010361223686168776,-0.010361223686168776,-0.010361223686168776,-0.010361223686168776,-0.010361223686168776,-0.010361223686168776,-0.010361223686168776,-0.010361223686168776,-0.010361223686168776,-0.010361223686168776,-0.010361223686168776,-0.010361223686168776,-0.010361223686168776,-0.010361223686168776,-0.010361223686168776,-0.010361223686168776,-0.010361223686168776,-0.010361223686168776,-0.010361223686168776,-0.010361223686168776,-0.010361223686168776,-0.010361223686168776,-0.010361223686168776,-0.010361223686168776,-0.010361223686168776,-0.010361223686168776,-0.010361223686168776,-0.010361223686168776,-0.010361223686168776,-0.010361223686168776,-0.010361223686168776,-0.010361223686168776,-0.010361223686168776,-0.010361223686168776,-0.010361223686168776,-0.010361223686168776,-0.010361223686168776,-0.010361223686168776,-0.010361223686168776,-0.010361223686168776,-0.010361223686168776,-0.010361223686168776,-0.010361223686168776,-0.010361223686168776,-0.010361223686168776,-0.010361223686168776,-0.010361223686168776,-0.010361223686168776,-0.010361223686168776,-0.010437121785925025,0.02452251963481389
Uterus,-0.026620909124002112,0.0011420576868399063,0.031640427502491915,-0.22578974278679853,0.8947086688553579,0.18794718246215453,-0.013919585307125691,-0.013919585307125691,-0.013919585307125691,-0.013919585307125691,-0.013919585307125691,-0.013919585307125691,-0.013919585307125691,-0.013919585307125691,-0.013919585307125691,-0.013919585307125691,-0.013919585307125691,-0.013919585307125691,-0.013919585307125691,-0.013919585307125691,-0.013919585307125691,-0.013919585307125691,-0.013919585307125691,-0.013919585307125691,-0.013919585307125691,-0.013919585307125691,-0.013919585307125691,-0.013919585307125691,-0.013919585307125691,-0.013919585307125691,-0.013919585307125691,-0.013919585307125691,-0.013919585307125691,-0.013919585307125691,-0.013919585307125691,-0.013919585307125691,-0.013919585307125691,-0.013919585307125691,-0.013919585307125691,-0.013919585307125691,-0.013919585307125691,-0.013919585307125691,-0.013919585307125691,-0.013919585307125691,-0.013919585307125691,-0.013919585307125691,-0.013919585307125691,-0.013919585307125691,-0.013919585307125691,-0.013919585307125691,-0.013919585307125691,-0.013919585307125691,-0.013919585307125691,-0.013919585307125691,-0.013919585307125691,-0.013919585307125691,-0.013919585307125691,-0.013919585307125691,-0.013919585307125691,-0.013919585307125691,-0.013919585307125691,-0.013919585307125691,-0.013919585307125691,-0.013919585307125691,-0.013919585307125691,-0.013919585307125691,-0.013919585307125691,-0.013932980861376301,0.049844917505250885
Vagina,-0.05636937297261421,0.0035010319837330897,-0.031521581975447036,-0.17702158014764646,0.9005676284899572,0.29548036805534733,-0.015073213012318624,-0.015073213012318624,-0.015073213012318624,-0.015073213012318624,-0.015073213012318624,-0.015073213012318624,-0.015073213012318624,-0.015073213012318624,-0.015073213012318624,-0.015073213012318624,-0.015073213012318624,-0.015073213012318624,-0.015073213012318624,-0.015073213012318624,-0.015073213012318624,-0.015073213012318624,-0.015073213012318624,-0.015073213012318624,-0.015073213012318624,-0.015073213012318624,-0.015073213012318624,-0.015073213012318624,-0.015073213012318624,-0.015073213012318624,-0.015073213012318624,-0.015073213012318624,-0.015073213012318624,-0.015073213012318624,-0.015073213012318624,-0.015073213012318624,-0.015073213012318624,-0.015073213012318624,-0.015073213012318624,-0.015073213012318624,-0.015073213012318624,-0.015073213012318624,-0.015073213012318624,-0.015073213012318624,-0.015073213012318624,-0.015073213012318624,-0.015073213012318624,-0.015073213012318624,-0.015073213012318624,-0.015073213012318624,-0.015073213012318624,-0.015073213012318624,-0.015073213012318624,-0.015073213012318624,-0.015073213012318624,-0.015073213012318624,-0.015073213012318624,-0.015073213012318624,-0.015073213012318624,-0.015073213012318624,-0.015073213012318624,-0.015073213012318624,-0.015073213012318624,-0.015073213012318624,-0.015073213012318624,-0.015073213012318624,-0.015073213012318624,-0.015170499681893811,0.06531192791655027
Whole_Blood,-0.07342756715454181,0.006096534554612872,-0.0013400784650396038,-0.319595957452527,-0.24351148422151078,0.34288837391166294,0.004658326312719718,0.004658326312719718,0.004658326312719718,0.004658326312719718,0.004658326312719718,0.004658326312719718,0.004658326312719718,0.004658326312719718,0.004658326312719718,0.004658326312719718,0.004658326312719718,0.004658326312719718,0.004658326312719718,0.004658326312719718,0.004658326312719718,0.004658326312719718,0.004658326312719718,0.004658326312719718,0.004658326312719718,0.004658326312719718,0.004658326312719718,0.004658326312719718,0.004658326312719718,0.004658326312719718,0.004658326312719718,0.004658326312719718,0.004658326312719718,0.004658326312719718,0.004658326312719718,0.004658326312719718,0.004658326312719718,0.004658326312719718,0.004658326312719718,0.004658326312719718,0.004658326312719718,0.004658326312719718,0.004658326312719718,0.004658326312719718,0.004658326312719718,0.004658326312719718,0.004658326312719718,0.004658326312719718,0.004658326312719718,0.004658326312719718,0.004658326312719718,0.004658326312719718,0.004658326312719718,0.004658326312719718,0.004658326312719718,0.004658326312719718,0.004658326312719718,0.004658326312719718,0.004658326312719718,0.004658326312719718,0.004658326312719718,0.004658326312719718,0.004658326312719718,0.004658326312719718,0.004658326312719718,0.004658326312719718,0.004658326312719718,0.004732273751440632,0.02562674537005727
Mean,-0.01127044730258401,-0.022151466856249198,-0.25739472313414946,0.40518953433111415,2.5634796186065447,1.4653857657032336,-0.0668275592074057,-0.0668275592074057,-0.0668275592074057,-0.0668275592074057,-0.0668275592074057,-0.0668275592074057,-0.0668275592074057,-0.0668275592074057,-0.0668275592074057,-0.0668275592074057,-0.0668275592074057,-0.0668275592074057,-0.0668275592074057,-0.0668275592074057,-0.0668275592074057,-0.0668275592074057,-0.0668275592074057,-0.0668275592074057,-0.0668275592074057,-0.0668275592074057,-0.0668275592074057,-0.0668275592074057,-0.0668275592074057,-0.0668275592074057,-0.0668275592074057,-0.0668275592074057,-0.0668275592074057,-0.0668275592074057,-0.0668275592074057,-0.0668275592074057,-0.0668275592074057,-0.0668275592074057,-0.0668275592074057,-0.0668275592074057,-0.0668275592074057,-0.0668275592074057,-0.0668275592074057,-0.0668275592074057,-0.0668275592074057,-0.0668275592074057,-0.0668275592074057,-0.0668275592074057,-0.0668275592074057,-0.0668275592074057,-0.0668275592074057,-0.0668275592074057,-0.0668275592074057,-0.0668275592074057,-0.0668275592074057,-0.0668275592074057,-0.0668275592074057,-0.0668275592074057,-0.0668275592074057,-0.0668275592074057,-0.0668275592074057,-0.0668275592074057,-0.0668275592074057,-0.0668275592074057,-0.0668275592074057,-0.0668275592074057,-0.0668275592074057,-0.06675716969616158,0.059442601399046446
