,log_3_utr_length,log_5_utr_length,log_cds_length,gc_content_5_utr,gc_content_cds,gc_content_3_utr,AAA,AAC,AAG,AAT,ACA,ACC,ACG,ACT,AGA,AGC,AGG,AGT,ATA,ATC,ATG,ATT,CAA,CAC,CAG,CAT,CCA,CCC,CCG,CCT,CGA,CGC,CGG,CGT,CTA,CTC,CTG,CTT,GAA,GAC,GAG,GAT,GCA,GCC,GCG,GCT,GGA,GGC,GGG,GGT,GTA,GTC,GTG,GTT,TAC,TAT,TCA,TCC,TCG,TCT,TGC,TGG,TGT,TTA,TTC,TTG,TTT,exp_var_sc
Adipose_Subcutaneous,-0.012590837451359011,0.011228831685404967,0.0056730970077993985,-0.07355516588103483,0.6675325832318229,-0.04095634283174138,0.00759120927983537,0.00759120927983537,-0.5715210381936484,0.00759120927983537,0.00759120927983537,0.00759120927983537,0.00759120927983537,0.00759120927983537,0.04465079623679682,0.08551552195954186,-0.369937936507662,0.00759120927983537,0.00759120927983537,0.15425380164906508,0.00759120927983537,0.00759120927983537,0.33663238521938,0.3490543820650475,0.031402452451864835,0.00759120927983537,0.00759120927983537,0.00759120927983537,-0.04567426484779244,-0.015416158589857508,0.00759120927983537,0.00759120927983537,0.00759120927983537,0.00759120927983537,0.00759120927983537,0.3921504277012367,0.5707009025922304,0.00759120927983537,-0.3277032617162945,-0.01740480830481006,-0.18738144688472716,-1.452745936570305,-0.5515583476114879,0.04936422517729814,-0.11771612462867084,-0.5080049313368477,0.00759120927983537,0.03489237345189705,0.00759120927983537,-0.10465226977480643,0.00759120927983537,0.00759120927983537,0.00759120927983537,0.00759120927983537,0.00759120927983537,0.00759120927983537,0.03209993757828369,0.00759120927983537,0.00759120927983537,0.00759120927983537,0.10545510930070143,0.02992034971948574,0.6884570072497196,0.00759120927983537,0.5497335713390666,0.00759120927983537,0.00759120927983537,0.0430013958116271
Adipose_Visceral_Omentum,0.002681654085167594,0.019572894044807207,0.016423606684846326,-0.0008401343475134548,0.15440122502683457,-0.0166508674296288,0.019552243916413654,0.019552243916413654,-0.6890962713659072,0.019552243916413654,0.019552243916413654,0.019552243916413654,0.019552243916413654,0.019552243916413654,0.005757041019622574,0.15020231212204493,-0.09092510492809501,0.019552243916413654,0.019552243916413654,-0.10994634434651536,0.019552243916413654,0.019552243916413654,0.32910796626117494,0.04773599543089441,-0.04085114890692418,0.019552243916413654,0.019552243916413654,0.019552243916413654,-0.017191498469694314,0.04321160621973423,0.019552243916413654,0.019552243916413654,0.019552243916413654,0.019552243916413654,0.019552243916413654,0.45251723657168996,1.028941592428519,0.019552243916413654,-0.2549682701050396,-0.08905724089882809,-0.8350520586040648,-1.4613205478657247,-0.22593259163523288,-0.1150474937593844,-0.04933268854708263,-0.31305277220745215,0.019552243916413654,-0.12993714342656265,0.019552243916413654,-0.013608533239163233,0.019552243916413654,0.019552243916413654,0.019552243916413654,0.019552243916413654,0.019552243916413654,0.019552243916413654,0.0028301085699880685,0.019552243916413654,0.019552243916413654,0.019552243916413654,0.09075239456008129,0.11330554480210914,0.7211136721925797,0.019552243916413654,0.6094795669046552,0.019552243916413654,0.019552243916413654,0.025821795665813996
Adrenal_Gland,0.04647588386449372,0.03472509724118624,0.053821616189610434,0.1921741531197548,-0.9101509694101699,-0.14318792578639655,0.05443231401814111,0.05443231401814111,-0.7488863140034255,0.05443231401814111,0.05443231401814111,0.05443231401814111,0.05443231401814111,0.05443231401814111,-0.1436995041247912,-0.4987122518376659,-0.8781752872941002,0.05443231401814111,0.05443231401814111,0.2123460252460298,0.05443231401814111,0.05443231401814111,-0.6294364476449971,-0.35403398898081684,-0.13317127290208497,0.05443231401814111,0.05443231401814111,0.05443231401814111,0.09623987512269525,0.01681460313767722,0.05443231401814111,0.05443231401814111,0.05443231401814111,0.05443231401814111,0.05443231401814111,0.7351011327647745,0.6746672993019713,0.05443231401814111,-0.051296569052148966,-0.11263732386700587,-0.5185047453537324,0.09354580208332086,0.22371286714374683,0.31185294526649265,0.2314456549743858,0.4589422606336092,0.05443231401814111,0.269198527464899,0.05443231401814111,0.08376033504838104,0.05443231401814111,0.05443231401814111,0.05443231401814111,0.05443231401814111,0.05443231401814111,0.05443231401814111,-0.026584248554972087,0.05443231401814111,0.05443231401814111,0.05443231401814111,-0.018447881134185898,0.17948355706362198,-1.1664024719922292,0.05443231401814111,0.5683208896552746,0.05443231401814111,0.05443231401814111,0.02536417945082514
Artery_Aorta,-0.02862504320466642,-0.009499694406970308,-0.01042977028125911,-0.035515309167941815,0.5643287929008185,0.044066092460226906,-0.0142106230147744,-0.0142106230147744,0.21513623172655988,-0.0142106230147744,-0.0142106230147744,-0.0142106230147744,-0.0142106230147744,-0.0142106230147744,-0.08532157853288976,-0.20544652925004447,-0.8328673873026937,-0.0142106230147744,-0.0142106230147744,0.39248862395873885,-0.0142106230147744,-0.0142106230147744,-0.13923619521979622,0.1389666727177239,0.054008059430122456,-0.0142106230147744,-0.0142106230147744,-0.0142106230147744,-0.07142216794366524,0.10267422613804855,-0.0142106230147744,-0.0142106230147744,-0.0142106230147744,-0.0142106230147744,-0.0142106230147744,0.006687374200037186,-0.21752901598035257,-0.0142106230147744,-0.13728997043745095,0.19355866062044225,0.17448734692322843,0.9309085317592604,-0.34639635582632405,-0.2317324749692894,-0.12102953903406388,-0.5790593475564747,-0.0142106230147744,0.0891131138784637,-0.0142106230147744,-0.04645660926202527,-0.0142106230147744,-0.0142106230147744,-0.0142106230147744,-0.0142106230147744,-0.0142106230147744,-0.0142106230147744,-0.020428522355470418,-0.0142106230147744,-0.0142106230147744,-0.0142106230147744,-0.3248374061960156,0.04453304881540454,0.40249278106939196,-0.0142106230147744,0.5728345428312563,-0.0142106230147744,-0.0142106230147744,0.01068385226870916
Artery_Coronary,0.006212667088393948,0.006782041239253817,0.016632283959683972,0.02162754608786522,0.23197812402416262,-0.17002876831696315,0.003646110255910902,0.003646110255910902,0.21928392325862603,0.003646110255910902,0.003646110255910902,0.003646110255910902,0.003646110255910902,0.003646110255910902,-0.09080931937497531,-0.14791131826873577,-0.8285066325513618,0.003646110255910902,0.003646110255910902,0.3830373980411019,0.003646110255910902,0.003646110255910902,-0.09894077700265269,0.14106465793720527,0.10919815618425528,0.003646110255910902,0.003646110255910902,0.003646110255910902,0.04023582106047852,0.09736541592111972,0.003646110255910902,0.003646110255910902,0.003646110255910902,0.003646110255910902,0.003646110255910902,0.16184004772000068,-0.25557362097911807,0.003646110255910902,-0.09614721104932916,0.27939925521755055,-0.25694227110084666,0.5106147489230102,-0.2257112748335453,-0.1845496795179309,-0.08822545378467472,-0.3938461445263023,0.003646110255910902,0.07052655644581317,0.003646110255910902,-0.14660338338655785,0.003646110255910902,0.003646110255910902,0.003646110255910902,0.003646110255910902,0.003646110255910902,0.003646110255910902,-2.981429519099141e-05,0.003646110255910902,0.003646110255910902,0.003646110255910902,-0.05253248290718874,0.04173803657512846,-0.11985232279842997,0.003646110255910902,0.6947060463091832,0.003646110255910902,0.003646110255910902,0.006156262352575159
Artery_Tibial,-0.017693517392956295,-0.018667766643350518,-0.0057453530184314264,0.15893241118500642,0.6023039479968384,-0.22783447603265158,-0.01711511978903846,-0.01711511978903846,1.2364519798040041,-0.01711511978903846,-0.01711511978903846,-0.01711511978903846,-0.01711511978903846,-0.01711511978903846,-0.05928456388944063,-0.2635054079893394,-1.2101025305465907,-0.01711511978903846,-0.01711511978903846,0.032598074310718775,-0.01711511978903846,-0.01711511978903846,-0.2934222126931313,0.2983401795286464,0.33983217320298503,-0.01711511978903846,-0.01711511978903846,-0.01711511978903846,0.040686838552838236,0.08178632164999469,-0.01711511978903846,-0.01711511978903846,-0.01711511978903846,-0.01711511978903846,-0.01711511978903846,-0.29590065784194824,-1.0475588759012067,-0.01711511978903846,0.07791206791348998,0.33562057419952124,0.3433068023471586,1.4886851738462419,-0.22574633970804367,-0.05726906450947297,-0.046707747142599336,-0.16791798947298622,-0.01711511978903846,-0.0712548032769446,-0.01711511978903846,-0.12362437237205255,-0.01711511978903846,-0.01711511978903846,-0.01711511978903846,-0.01711511978903846,-0.01711511978903846,-0.01711511978903846,0.04061443725046819,-0.01711511978903846,-0.01711511978903846,-0.01711511978903846,-0.6822077904245738,-0.0840977424460475,0.10284916525756,-0.01711511978903846,0.30053513708360285,-0.01711511978903846,-0.01711511978903846,0.011232176857103648
Brain_Amygdala,0.0859400995382303,0.0035980461777717467,-0.05177683175533489,0.24897193797012035,-0.4088122656202981,-0.3725260396987116,0.010328696789166758,0.010328696789166758,1.1601100829729292,0.010328696789166758,0.010328696789166758,0.010328696789166758,0.010328696789166758,0.010328696789166758,-0.2578533569790696,-0.5703201824274646,-0.5656875820467204,0.010328696789166758,0.010328696789166758,1.0757218222914178,0.010328696789166758,0.010328696789166758,-0.89473177956782,-1.0260053626045913,-0.2328784509106937,0.010328696789166758,0.010328696789166758,0.010328696789166758,0.36067956603477513,-0.09252174750860244,0.010328696789166758,0.010328696789166758,0.010328696789166758,0.010328696789166758,0.010328696789166758,-1.1380538746151816,-0.8813746984340893,0.010328696789166758,0.48277389249277247,0.5679368540383705,0.7334424529930983,1.9473879399741598,0.8639029771109474,0.18176574224556172,0.29069210573099397,0.38460985975470596,0.010328696789166758,-0.20080151602057045,0.010328696789166758,0.05645755091158265,0.010328696789166758,0.010328696789166758,0.010328696789166758,0.010328696789166758,0.010328696789166758,0.010328696789166758,-0.019853518867094595,0.010328696789166758,0.010328696789166758,0.010328696789166758,-0.24268591625642882,-0.029674599773292287,-1.5243395360548275,0.010328696789166758,-0.2852693619283163,0.010328696789166758,0.010328696789166758,0.06897902831344171
Brain_Anterior_cingulate_cortex_BA24,0.09944476360350601,0.012748152573889247,-0.042354747043543806,0.28819268245679747,-0.554914287510472,-0.3929436707674568,0.017647660491879522,0.017647660491879522,1.1642820731661532,0.017647660491879522,0.017647660491879522,0.017647660491879522,0.017647660491879522,0.017647660491879522,-0.3908169375372399,-0.5973156661806202,-0.7997415295536731,0.017647660491879522,0.017647660491879522,1.2826413840184188,0.017647660491879522,0.017647660491879522,-1.0704545847613527,-0.923890176725407,-0.1698174806904511,0.017647660491879522,0.017647660491879522,0.017647660491879522,0.39412794715124294,-0.12806042185493366,0.017647660491879522,0.017647660491879522,0.017647660491879522,0.017647660491879522,0.017647660491879522,-1.312590324342424,-1.2340539927542773,0.017647660491879522,0.3801076198569132,0.6538037310709006,0.7879796684635089,2.1456485344406837,0.90736015260867,0.4871568321243637,0.3853225466774517,0.3363572458578493,0.017647660491879522,-0.09091803882085173,0.017647660491879522,0.07088781446655319,0.017647660491879522,0.017647660491879522,0.017647660491879522,0.017647660491879522,0.017647660491879522,0.017647660491879522,-0.03388474819740123,0.017647660491879522,0.017647660491879522,0.017647660491879522,-0.011934999221786025,-0.05141149847847938,-1.8049279525846573,0.017647660491879522,-0.3860505482357787,0.017647660491879522,0.017647660491879522,0.06535018342522003
Brain_Caudate_basal_ganglia,0.08806030604106665,0.017985867231998128,-0.019655729878920943,0.2004602272986961,-0.5945893364898505,-0.3335412412074587,0.022626503355795847,0.022626503355795847,0.2638361009278355,0.022626503355795847,0.022626503355795847,0.022626503355795847,0.022626503355795847,0.022626503355795847,-0.11278497557982499,-0.4424034249442865,-0.09911097735263678,0.022626503355795847,0.022626503355795847,0.6274542400428063,0.022626503355795847,0.022626503355795847,-0.8408070127058264,-0.8005287741839455,-0.126281775483296,0.022626503355795847,0.022626503355795847,0.022626503355795847,0.25251011819890823,-0.0964615143025947,0.022626503355795847,0.022626503355795847,0.022626503355795847,0.022626503355795847,0.022626503355795847,-1.1461580504624622,-0.7295692039587586,0.022626503355795847,0.2597737305298902,0.38717563176586245,0.7269377034253941,1.3924601265786036,0.7315261956008762,0.13858060642781223,0.3244490901825273,0.5150386794893743,0.022626503355795847,-0.1795366580761366,0.022626503355795847,0.05348446681611693,0.022626503355795847,0.022626503355795847,0.022626503355795847,0.022626503355795847,0.022626503355795847,0.022626503355795847,-0.02032305640834506,0.022626503355795847,0.022626503355795847,0.022626503355795847,0.21227888601793504,-0.01305786728502054,-1.0821302156717556,0.022626503355795847,-0.3243732766816428,0.022626503355795847,0.022626503355795847,0.06225640755627626
Brain_Cerebellar_Hemisphere,0.06029987894986048,-0.002201356649605286,0.03568412216979648,-0.31987626460034174,-0.29008294401084544,-0.6201689812214625,-0.015296911697691954,-0.015296911697691954,-0.1312748946119043,-0.015296911697691954,-0.015296911697691954,-0.015296911697691954,-0.015296911697691954,-0.015296911697691954,0.17580521470141164,0.6327833725268441,1.3064756669404534,-0.015296911697691954,-0.015296911697691954,-0.26175080089210334,-0.015296911697691954,-0.015296911697691954,-0.01957849948304018,0.470169717207752,0.008683937179104364,-0.015296911697691954,-0.015296911697691954,-0.015296911697691954,0.010928267562828465,-0.0663847809040693,-0.015296911697691954,-0.015296911697691954,-0.015296911697691954,-0.015296911697691954,-0.015296911697691954,-0.28481471616923437,-0.36348655757429327,-0.015296911697691954,0.25995247859772147,-0.1149350696331427,0.8227669868391077,-0.17072924137722625,0.3900423379106132,-0.07806189595141189,-0.04071802558750765,0.16399509871043552,-0.015296911697691954,-0.5820060546851443,-0.015296911697691954,0.01784144172025258,-0.015296911697691954,-0.015296911697691954,-0.015296911697691954,-0.015296911697691954,-0.015296911697691954,-0.015296911697691954,0.008817530764762998,-0.015296911697691954,-0.015296911697691954,-0.015296911697691954,-0.023475108656646933,-0.09110495231101569,0.45276543877746717,-0.015296911697691954,-0.8362663485178897,-0.015296911697691954,-0.015296911697691954,0.07635957241950009
Brain_Cerebellum,-0.01606720430772844,-0.0345425802927541,0.0017886250259164307,-0.38832262866873984,0.32201021770249866,-0.014395445698002364,-0.04759173605519044,-0.04759173605519044,-0.12420094943425758,-0.04759173605519044,-0.04759173605519044,-0.04759173605519044,-0.04759173605519044,-0.04759173605519044,0.17900975828769444,0.7048292504640445,1.348183442070086,-0.04759173605519044,-0.04759173605519044,-0.023411081201752067,-0.04759173605519044,-0.04759173605519044,0.21065263055099323,0.4790380149540355,0.007095063095569197,-0.04759173605519044,-0.04759173605519044,-0.04759173605519044,-0.06957879899675198,-0.0633871216621922,-0.04759173605519044,-0.04759173605519044,-0.04759173605519044,-0.04759173605519044,-0.04759173605519044,-0.005027944146223144,-0.040327012733283756,-0.04759173605519044,0.003220719391748679,-0.12923262618602768,0.7018220893564437,-1.1624411451282572,0.2031930724766476,0.026624586149351266,-0.2811842632873723,0.2905002752115903,-0.04759173605519044,-0.6239354738831331,-0.04759173605519044,-0.07585797898149005,-0.04759173605519044,-0.04759173605519044,-0.04759173605519044,-0.04759173605519044,-0.04759173605519044,-0.04759173605519044,-0.028727562236087353,-0.04759173605519044,-0.04759173605519044,-0.04759173605519044,0.057228843470141254,-0.115444255456878,0.6887081543710086,-0.04759173605519044,-0.4097016444003631,-0.04759173605519044,-0.04759173605519044,0.02360470605811693
Brain_Cortex,0.055921997980101924,-0.009038675656126023,-0.03480791211317401,0.14907180551635135,0.11270257310955156,0.04360701690359158,-0.010634913084947966,-0.010634913084947966,1.2378525471651085,-0.010634913084947966,-0.010634913084947966,-0.010634913084947966,-0.010634913084947966,-0.010634913084947966,-0.37899861232297066,-0.28703664872805695,-0.3260877600932893,-0.010634913084947966,-0.010634913084947966,1.3756949042359556,-0.010634913084947966,-0.010634913084947966,-0.9808866226506276,-0.5834961984601362,-0.03691701593174632,-0.010634913084947966,-0.010634913084947966,-0.010634913084947966,0.32394391415702484,-0.06843736493952775,-0.010634913084947966,-0.010634913084947966,-0.010634913084947966,-0.010634913084947966,-0.010634913084947966,-1.1408981890564172,-1.109792339345309,-0.010634913084947966,0.339311597028353,0.6319150774172769,0.8556924840906736,1.466791191710534,0.7411451819833976,0.3353429794025245,0.14699428832997488,0.34283776668049626,-0.010634913084947966,-0.25297125884042004,-0.010634913084947966,-0.04626146236651844,-0.010634913084947966,-0.010634913084947966,-0.010634913084947966,-0.010634913084947966,-0.010634913084947966,-0.010634913084947966,-0.04623020145043059,-0.010634913084947966,-0.010634913084947966,-0.010634913084947966,-0.5222694316523298,-0.11237175182462145,-1.5000820822960996,-0.010634913084947966,-0.36065475309488443,-0.010634913084947966,-0.010634913084947966,0.0313727159838757
Brain_Frontal_Cortex_BA9,0.11710013218794774,0.013661225827039488,-0.02945637982466546,0.3100010754262159,-0.6161337717202136,-0.5002061872668716,0.01418611050379368,0.01418611050379368,1.339094556890589,0.01418611050379368,0.01418611050379368,0.01418611050379368,0.01418611050379368,0.01418611050379368,-0.43569076668000234,-0.4992969930251586,-0.6611702664561541,0.01418611050379368,0.01418611050379368,1.3947109434645386,0.01418611050379368,0.01418611050379368,-1.1843174895764212,-1.0192918041698908,-0.14266752375806263,0.01418611050379368,0.01418611050379368,0.01418611050379368,0.38890878089983333,-0.11204725583073002,0.01418611050379368,0.01418611050379368,0.01418611050379368,0.01418611050379368,0.01418611050379368,-1.1974799458828627,-1.3060158602882874,0.01418611050379368,0.4693716802881303,0.7366848619832823,0.9720956855688021,2.325363992046152,0.9396840295532958,0.4838176444851078,0.39275152941043284,0.33794119767834463,0.01418611050379368,-0.10302453641407265,0.01418611050379368,0.09892944959716407,0.01418611050379368,0.01418611050379368,0.01418611050379368,0.01418611050379368,0.01418611050379368,0.01418611050379368,-0.03235609581660171,0.01418611050379368,0.01418611050379368,0.01418611050379368,-0.3587656571014666,-0.0692025941560101,-2.069532582594745,0.01418611050379368,-0.4657888318736448,0.01418611050379368,0.01418611050379368,0.08035234486426357
Brain_Hippocampus,0.08739478442789525,0.005936543811256116,-0.040929740845668486,0.2444202945409563,-0.30875362595528905,-0.3287938448812801,0.01196568968574827,0.01196568968574827,0.5013901128646027,0.01196568968574827,0.01196568968574827,0.01196568968574827,0.01196568968574827,0.01196568968574827,-0.2922661122605321,-0.4691644548295615,-0.40852132429202587,0.01196568968574827,0.01196568968574827,1.0705420501521916,0.01196568968574827,0.01196568968574827,-0.7104887953504746,-0.8597961343859852,-0.279538850460384,0.01196568968574827,0.01196568968574827,0.01196568968574827,0.39283361757542196,-0.07130718690743433,0.01196568968574827,0.01196568968574827,0.01196568968574827,0.01196568968574827,0.01196568968574827,-1.1385142031688127,-1.054233100203329,0.01196568968574827,0.4292999431105371,0.5915620127306741,0.7094582606106689,2.0735798179313245,0.8364140587427519,0.20382726451567035,0.3231222316782574,0.17612482643991137,0.01196568968574827,-0.2671624427706961,0.01196568968574827,0.014378453458039713,0.01196568968574827,0.01196568968574827,0.01196568968574827,0.01196568968574827,0.01196568968574827,0.01196568968574827,-0.01798340006152084,0.01196568968574827,0.01196568968574827,0.01196568968574827,0.019413280904046724,-0.034741509880790805,-1.5715017059715815,0.01196568968574827,-0.23283457058428095,0.01196568968574827,0.01196568968574827,0.06691334212713296
Brain_Hypothalamus,0.08625490200790634,0.01026778633417763,-0.05810892534458403,0.1830536422455557,-0.7127998013853326,-0.49842236841117377,0.013969096331025754,0.013969096331025754,0.262228054578074,0.013969096331025754,0.013969096331025754,0.013969096331025754,0.013969096331025754,0.013969096331025754,-0.24962027020524188,-0.6505079578894647,-0.38666719324338156,0.013969096331025754,0.013969096331025754,0.44132657611411374,0.013969096331025754,0.013969096331025754,-0.903996540286463,-1.0788270424581026,-0.19666209691703113,0.013969096331025754,0.013969096331025754,0.013969096331025754,0.25743577004647766,-0.14965916176943717,0.013969096331025754,0.013969096331025754,0.013969096331025754,0.013969096331025754,0.013969096331025754,-1.0648693114441057,-0.5041305079700914,0.013969096331025754,0.5063990634617165,0.33218490473751217,0.869832609919971,1.945248920052741,0.8709402732652194,0.33495717394868907,0.3319818557331135,0.5220105857573473,0.013969096331025754,0.06401638950171018,0.013969096331025754,0.04906707467157449,0.013969096331025754,0.013969096331025754,0.013969096331025754,0.013969096331025754,0.013969096331025754,0.013969096331025754,-0.04140903404515239,0.013969096331025754,0.013969096331025754,0.013969096331025754,0.5204670203468795,-0.020633520917259028,-1.3512240091953613,0.013969096331025754,-0.19508413649547268,0.013969096331025754,0.013969096331025754,0.07907163435437037
Brain_Nucleus_accumbens_basal_ganglia,0.09665238446050621,0.020655259906582315,-0.025666521520614792,0.17190100880520678,-0.5464340044325335,-0.3987993950976773,0.025492318468684882,0.025492318468684882,0.8774284359932414,0.025492318468684882,0.025492318468684882,0.025492318468684882,0.025492318468684882,0.025492318468684882,-0.18272402581918454,-0.5457613730817608,-0.08777587380540117,0.025492318468684882,0.025492318468684882,0.80308434714027,0.025492318468684882,0.025492318468684882,-0.9902717071204776,-0.942979869279831,-0.09679303582968735,0.025492318468684882,0.025492318468684882,0.025492318468684882,0.34456851641154057,-0.11869464509311023,0.025492318468684882,0.025492318468684882,0.025492318468684882,0.025492318468684882,0.025492318468684882,-1.2393139852127821,-0.7688959408830105,0.025492318468684882,0.33781305944125617,0.3609322996501659,0.6255529265238546,1.7705654433029343,0.7575129938778249,0.3301936532881474,0.3099589627848398,0.3919725075221958,0.025492318468684882,-0.10895158997587287,0.025492318468684882,0.060735529241263,0.025492318468684882,0.025492318468684882,0.025492318468684882,0.025492318468684882,0.025492318468684882,0.025492318468684882,-0.011589764464943447,0.025492318468684882,0.025492318468684882,0.025492318468684882,-0.1421286535669523,-0.019624667099497235,-1.3729109114722569,0.025492318468684882,-0.5269501925295219,0.025492318468684882,0.025492318468684882,0.06393061321974491
Brain_Putamen_basal_ganglia,0.08302400264739765,0.014372887320897483,-0.03147162702606024,0.3102626816200893,-0.5349435646761854,-0.24977014872641332,0.020822895281907974,0.020822895281907974,0.8315730411158027,0.020822895281907974,0.020822895281907974,0.020822895281907974,0.020822895281907974,0.020822895281907974,-0.2736547867197708,-0.6232090973082915,-0.3690645938332961,0.020822895281907974,0.020822895281907974,0.824674019087865,0.020822895281907974,0.020822895281907974,-0.9058604360805728,-0.9058564735856859,-0.16790212583185313,0.020822895281907974,0.020822895281907974,0.020822895281907974,0.27391836369137784,-0.08452694622186538,0.020822895281907974,0.020822895281907974,0.020822895281907974,0.020822895281907974,0.020822895281907974,-1.1850667189718669,-1.0418157488848874,0.020822895281907974,0.23955873672058528,0.40504461968861344,0.7602517522612864,1.628808543294271,0.6794896585330736,0.25491602168476574,0.3352551241975958,0.5575448866943014,0.020822895281907974,-0.1492617976719851,0.020822895281907974,0.09257426628103003,0.020822895281907974,0.020822895281907974,0.020822895281907974,0.020822895281907974,0.020822895281907974,0.020822895281907974,-0.03481807073051345,0.020822895281907974,0.020822895281907974,0.020822895281907974,0.13382021863181442,-0.004615959532579143,-1.442727801566834,0.020822895281907974,-0.12850136568697765,0.020822895281907974,0.020822895281907974,0.0490361446271641
Brain_Spinal_cord_cervical_c_1,0.04066564668276732,-0.006525462195494788,-0.0905610670993285,0.15188793376570317,-0.5876223208659148,-0.3280334479001486,-0.005837984028376971,-0.005837984028376971,-0.06420945847347842,-0.005837984028376971,-0.005837984028376971,-0.005837984028376971,-0.005837984028376971,-0.005837984028376971,-0.17723241345237656,-0.3237075084967632,-0.558287507292733,-0.005837984028376971,-0.005837984028376971,0.5302163892274576,-0.005837984028376971,-0.005837984028376971,-0.04624162176513083,-0.7823560552286638,-0.16561160916493706,-0.005837984028376971,-0.005837984028376971,-0.005837984028376971,-0.01768606729961495,-0.15171824651297366,-0.005837984028376971,-0.005837984028376971,-0.005837984028376971,-0.005837984028376971,-0.005837984028376971,-0.7243781201300139,0.02032383793426999,-0.005837984028376971,0.5098273691801587,0.13358501055353625,1.0319876837508235,1.2690533908379715,0.715121059965639,0.29130847955870404,0.06269506496980581,0.5678502538813376,-0.005837984028376971,-0.13991997666670392,-0.005837984028376971,-0.04821343908871526,-0.005837984028376971,-0.005837984028376971,-0.005837984028376971,-0.005837984028376971,-0.005837984028376971,-0.005837984028376971,-0.044355757568142896,-0.005837984028376971,-0.005837984028376971,-0.005837984028376971,-0.15994594853273728,0.036680685713827474,-0.8582942133357265,-0.005837984028376971,0.11218889201241312,-0.005837984028376971,-0.005837984028376971,0.04704561740563162
Brain_Substantia_nigra,0.07319449547585843,-0.006240528738098369,-0.06406291849606077,0.198273020433263,-0.5736658786300717,-0.47992272947890086,0.002289302753084352,0.002289302753084352,0.7939578600905686,0.002289302753084352,0.002289302753084352,0.002289302753084352,0.002289302753084352,0.002289302753084352,-0.3052169752852501,-0.5899582818642012,-0.5051925152865675,0.002289302753084352,0.002289302753084352,1.0821559281995419,0.002289302753084352,0.002289302753084352,-0.683878650031343,-0.7988319819975436,-0.28375488991507064,0.002289302753084352,0.002289302753084352,0.002289302753084352,0.3014866109915315,-0.14764725760076275,0.002289302753084352,0.002289302753084352,0.002289302753084352,0.002289302753084352,0.002289302753084352,-1.0093246989262041,-0.4818765361042189,0.002289302753084352,0.4547150141150795,0.3948216727999581,0.7740552883315346,1.830402114481778,0.7105589868383362,0.21369341918103557,0.23313827647308255,0.28094941118726036,0.002289302753084352,-0.057418897821311286,0.002289302753084352,-0.07918916209382174,0.002289302753084352,0.002289302753084352,0.002289302753084352,0.002289302753084352,0.002289302753084352,0.002289302753084352,-0.03733767465531489,0.002289302753084352,0.002289302753084352,0.002289302753084352,0.16975146110321293,0.013909773282657757,-1.483492167557379,0.002289302753084352,-0.015887882107445944,0.002289302753084352,0.002289302753084352,0.06769160437586963
Breast_Mammary_Tissue,-0.03006002929409116,0.011950544874882497,-0.018259207413984326,-0.1290248692264383,0.719061376119234,0.13538488322561346,0.00025019821672227444,0.00025019821672227444,-0.4085229471277702,0.00025019821672227444,0.00025019821672227444,0.00025019821672227444,0.00025019821672227444,0.00025019821672227444,0.12512074391064226,0.361940685742528,-0.1827389602759932,0.00025019821672227444,0.00025019821672227444,-0.46632772864002275,0.00025019821672227444,0.00025019821672227444,0.4385460416852161,0.27665495951926605,0.054096161656908115,0.00025019821672227444,0.00025019821672227444,0.00025019821672227444,-0.13624378478629942,-0.0057336113178251885,0.00025019821672227444,0.00025019821672227444,0.00025019821672227444,0.00025019821672227444,0.00025019821672227444,0.31852418448425873,0.6867261573958461,0.00025019821672227444,-0.36224042502002163,-0.14449772948680673,-0.5355803389844537,-1.6382774329124725,-0.5182585749637014,0.0075032741749267865,-0.12531857666632487,-0.5563293435688843,0.00025019821672227444,0.06870131653076472,0.00025019821672227444,-0.051634548727323294,0.00025019821672227444,0.00025019821672227444,0.00025019821672227444,0.00025019821672227444,0.00025019821672227444,0.00025019821672227444,0.021566962910736266,0.00025019821672227444,0.00025019821672227444,0.00025019821672227444,0.3865925843906124,0.014748839478833707,1.2672896019539062,0.00025019821672227444,0.40613305098967944,0.00025019821672227444,0.00025019821672227444,0.07407975549406842
Cells_EBV_transformed_lymphocytes,-0.027992576367178095,-8.353922631216225e-05,0.06278029214455555,0.06254637526427094,-0.8207894349027917,0.09102791436987608,0.011295990610611917,0.011295990610611917,0.9342364581745474,0.011295990610611917,0.011295990610611917,0.011295990610611917,0.011295990610611917,0.011295990610611917,0.11828477117456487,-0.15092040894112832,-0.5105595099363308,0.011295990610611917,0.011295990610611917,0.3260863831832088,0.011295990610611917,0.011295990610611917,0.3806689059560374,-0.09587854543714384,0.22903986713711366,0.011295990610611917,0.011295990610611917,0.011295990610611917,-0.08075438457390235,0.10898978693954497,0.011295990610611917,0.011295990610611917,0.011295990610611917,0.011295990610611917,0.011295990610611917,0.34697587663376245,-0.5700453870841399,0.011295990610611917,0.3184675706647781,-0.02834441531401868,-0.020993868781945788,1.3103868860623833,-0.0630912390599546,-0.2157978412675659,-0.03187783668069087,1.1099216359360002,0.011295990610611917,-0.5450807448950433,0.011295990610611917,0.09666693344723214,0.011295990610611917,0.011295990610611917,0.011295990610611917,0.011295990610611917,0.011295990610611917,0.011295990610611917,0.02334689338381501,0.011295990610611917,0.011295990610611917,0.011295990610611917,-0.8061726703026286,-0.10513526452368903,-1.1363576800093873,0.011295990610611917,-0.6936148839286451,0.011295990610611917,0.011295990610611917,0.03604831774989481
Cells_Transformed_fibroblasts,0.03538893028129343,0.01204576532237359,0.1341307647910635,0.3658934049339694,-0.8836427467666963,-0.4263299875915505,0.024904118918440223,0.024904118918440223,1.2336978171744215,0.024904118918440223,0.024904118918440223,0.024904118918440223,0.024904118918440223,0.024904118918440223,-0.23388889397973414,-1.0037006093780925,-0.9655659827411545,0.024904118918440223,0.024904118918440223,0.6436105418237181,0.024904118918440223,0.024904118918440223,-0.45758910818148635,-0.9031659756296089,0.008855919080725801,0.024904118918440223,0.024904118918440223,0.024904118918440223,0.09497799568926471,0.060044165170102116,0.024904118918440223,0.024904118918440223,0.024904118918440223,0.024904118918440223,0.024904118918440223,0.5446695978782975,-0.21582293702877167,0.024904118918440223,0.1341655869711458,0.3228388407132389,-0.815919683885186,1.583801292635092,-0.22298719777591314,-0.0209186899053233,0.17703231622428214,0.43375175999876836,0.024904118918440223,0.5605045891264835,0.024904118918440223,0.15326240318707984,0.024904118918440223,0.024904118918440223,0.024904118918440223,0.024904118918440223,0.024904118918440223,0.024904118918440223,-0.043158256173671396,0.024904118918440223,0.024904118918440223,0.024904118918440223,0.10519412974016046,0.053403040312254166,-1.9730819139414035,0.024904118918440223,0.6617630786978898,0.024904118918440223,0.024904118918440223,0.068714584082186
Colon_Sigmoid,-0.004034133488933611,0.0015369768856773169,0.012515308588792705,0.02673797322522383,0.4485668641371252,-0.09176553673699459,-0.004455261642389664,-0.004455261642389664,0.7650124378001624,-0.004455261642389664,-0.004455261642389664,-0.004455261642389664,-0.004455261642389664,-0.004455261642389664,0.05764337061407917,0.16086779975903015,-0.13069072504510204,-0.004455261642389664,-0.004455261642389664,-0.17786186612296076,-0.004455261642389664,-0.004455261642389664,0.14600859144566247,0.3528090057003281,0.18680240132983592,-0.004455261642389664,-0.004455261642389664,-0.004455261642389664,0.04663344907058355,0.077917294060623,-0.004455261642389664,-0.004455261642389664,-0.004455261642389664,-0.004455261642389664,-0.004455261642389664,-0.3561800507762093,-0.7140665140652923,-0.004455261642389664,0.03957517957932546,-0.010395136855887825,0.15073576337950345,0.2726638238890857,-0.2418563671833154,0.08830270245305016,0.003505427182093653,-0.44581915392182275,-0.004455261642389664,-0.11466941612799339,-0.004455261642389664,-0.028436081761189568,-0.004455261642389664,-0.004455261642389664,-0.004455261642389664,-0.004455261642389664,-0.004455261642389664,-0.004455261642389664,0.017588610345657084,-0.004455261642389664,-0.004455261642389664,-0.004455261642389664,-0.5397267438520655,-0.06444413047891993,0.05870173717664461,-0.004455261642389664,0.15730003563545156,-0.004455261642389664,-0.004455261642389664,0.008698925283985748
Colon_Transverse,0.0006650749041829324,0.00405570128412854,0.05271354009771587,-0.07804987203460076,0.05849543422298369,-0.12014421270655225,0.005227535107236154,0.005227535107236154,-0.29397998592250685,0.005227535107236154,0.005227535107236154,0.005227535107236154,0.005227535107236154,0.005227535107236154,0.07226648026382235,0.1930951555392526,0.35168774239679623,0.005227535107236154,0.005227535107236154,0.1017026971320662,0.005227535107236154,0.005227535107236154,0.17748219635846868,0.30174160330576066,-0.020735386385276305,0.005227535107236154,0.005227535107236154,0.005227535107236154,-0.2000853821371311,0.03826612129423198,0.005227535107236154,0.005227535107236154,0.005227535107236154,0.005227535107236154,0.005227535107236154,0.5459024154570782,0.4104254619846447,0.005227535107236154,0.01806311017384686,-0.23591024383908554,-0.7809802004353803,-0.6496287740399874,-0.25891114654901254,-0.0252046055203431,-0.015950523906539345,-0.3890967528989226,0.005227535107236154,0.07220969594204521,0.005227535107236154,0.017273318414909998,0.005227535107236154,0.005227535107236154,0.005227535107236154,0.005227535107236154,0.005227535107236154,0.005227535107236154,-0.03054498903898166,0.005227535107236154,0.005227535107236154,0.005227535107236154,0.06452116890075434,0.04134274823614319,0.12060694151661318,0.005227535107236154,0.2789692743428453,0.005227535107236154,0.005227535107236154,0.020360518343374268
Esophagus_Gastroesophageal_Junction,-0.008930048783728908,-0.006435911482740896,0.029511151089675825,0.07558547210722076,0.32346893949665345,-0.030622700846518497,-0.0060277469099416945,-0.0060277469099416945,0.7067212316331819,-0.0060277469099416945,-0.0060277469099416945,-0.0060277469099416945,-0.0060277469099416945,-0.0060277469099416945,0.07717839714939088,-0.06988438345120886,-0.2848328532362897,-0.0060277469099416945,-0.0060277469099416945,-0.06812456140330159,-0.0060277469099416945,-0.0060277469099416945,0.05647189322508798,0.3497840144282534,0.18633898941986785,-0.0060277469099416945,-0.0060277469099416945,-0.0060277469099416945,0.0693068288028161,0.08066629235986808,-0.0060277469099416945,-0.0060277469099416945,-0.0060277469099416945,-0.0060277469099416945,-0.0060277469099416945,-0.3312734003889468,-0.5466193242425123,-0.0060277469099416945,0.25384133087288224,0.18911601823462987,0.1235814278995425,0.36950835998035164,-0.2484423703527,0.015360996881058468,0.0854310221746664,-0.48193629341421124,-0.0060277469099416945,-0.09181381418194573,-0.0060277469099416945,-0.05534904683457222,-0.0060277469099416945,-0.0060277469099416945,-0.0060277469099416945,-0.0060277469099416945,-0.0060277469099416945,-0.0060277469099416945,-0.008925496003902807,-0.0060277469099416945,-0.0060277469099416945,-0.0060277469099416945,-0.4507974434508033,-0.05502037123289821,-0.19052644494319254,-0.0060277469099416945,0.14260549343234405,-0.0060277469099416945,-0.0060277469099416945,0.015663591290310253
Esophagus_Mucosa,-0.012042928037019559,0.01276598250681668,0.03242138644185971,0.07213932009678507,-0.3197636967235065,0.09589554142340283,0.013242225821156101,0.013242225821156101,0.08461806685642886,0.013242225821156101,0.013242225821156101,0.013242225821156101,0.013242225821156101,0.013242225821156101,-0.06500924085234991,0.4777712498993545,-0.5379656382217284,0.013242225821156101,0.013242225821156101,0.23465129605895327,0.013242225821156101,0.013242225821156101,-0.024210439974981738,-0.038850235646793796,0.13107253959474835,0.013242225821156101,0.013242225821156101,0.013242225821156101,-0.07541146748889664,-0.02648738686953177,0.013242225821156101,0.013242225821156101,0.013242225821156101,0.013242225821156101,0.013242225821156101,0.15569403539731652,0.2722437590386386,0.013242225821156101,-0.10144000471773751,-0.19870235562980057,-0.5676605846099942,-0.11273526215814801,-0.20923018017299863,0.0812939415959208,-0.048615878826445316,-0.31830454364309213,0.013242225821156101,0.6866775067997036,0.013242225821156101,0.1974230985669633,0.013242225821156101,0.013242225821156101,0.013242225821156101,0.013242225821156101,0.013242225821156101,0.013242225821156101,-0.008356928157082968,0.013242225821156101,0.013242225821156101,0.013242225821156101,-0.44893575797399543,-0.021983113346222046,-0.054787621158000746,0.013242225821156101,0.20558986201212637,0.013242225821156101,0.013242225821156101,-0.0010647349280226148
Esophagus_Muscularis,-0.004058410338755477,-0.008208569242010851,0.039730240664428984,0.1302883928477654,0.21274397597250747,-0.10776964307551715,-0.006092059892000907,-0.006092059892000907,0.8713485237954295,-0.006092059892000907,-0.006092059892000907,-0.006092059892000907,-0.006092059892000907,-0.006092059892000907,0.0529237422882807,-0.2442704424588891,-0.4982143032206942,-0.006092059892000907,-0.006092059892000907,0.10878913839534683,-0.006092059892000907,-0.006092059892000907,-0.09262971996558264,0.43663981598461904,0.22095331042672026,-0.006092059892000907,-0.006092059892000907,-0.006092059892000907,0.12982472886248017,0.10248667776838136,-0.006092059892000907,-0.006092059892000907,-0.006092059892000907,-0.006092059892000907,-0.006092059892000907,-0.3146278519060888,-0.5411226626733133,-0.006092059892000907,0.2739286117096216,0.12762923874371288,0.0359958446192472,0.7981120861513918,-0.07293830430284606,0.09451314183702675,0.06505797447738827,-0.22383261137580063,-0.006092059892000907,-0.11991019901987815,-0.006092059892000907,-0.019679811362175344,-0.006092059892000907,-0.006092059892000907,-0.006092059892000907,-0.006092059892000907,-0.006092059892000907,-0.006092059892000907,-0.014998541270603755,-0.006092059892000907,-0.006092059892000907,-0.006092059892000907,-0.6701524650633115,-0.06641054282026551,-0.5557824002167342,-0.006092059892000907,0.060771070096149175,-0.006092059892000907,-0.006092059892000907,0.023275022050801564
Heart_Atrial_Appendage,-0.059579045280721846,-0.01317911538466267,-0.07053731188436171,-0.005057234074544971,-0.02021050543247731,0.44178676571413794,-0.004852143851922862,-0.004852143851922862,0.0776016337951608,-0.004852143851922862,-0.004852143851922862,-0.004852143851922862,-0.004852143851922862,-0.004852143851922862,-0.1273836630899349,-0.40558410932262573,-0.3320209280556256,-0.004852143851922862,-0.004852143851922862,-0.20385902108244322,-0.004852143851922862,-0.004852143851922862,0.2470726788339088,0.2999283415572886,-0.12708174005681186,-0.004852143851922862,-0.004852143851922862,-0.004852143851922862,-0.11743919645257414,0.007302675717822119,-0.004852143851922862,-0.004852143851922862,-0.004852143851922862,-0.004852143851922862,-0.004852143851922862,0.43117817752801496,-0.08607306789657024,-0.004852143851922862,-0.08055993637995668,-0.35313616493507743,0.11509109679608898,-0.0654342779233903,-0.022084086749092593,0.09986088802220847,-0.09000327672983216,-0.1338012927906019,-0.004852143851922862,0.4530453907393259,-0.004852143851922862,0.06918011764083806,-0.004852143851922862,-0.004852143851922862,-0.004852143851922862,-0.004852143851922862,-0.004852143851922862,-0.004852143851922862,-0.014831092995929551,-0.004852143851922862,-0.004852143851922862,-0.004852143851922862,-0.49374937293497684,0.08254686660875377,0.19859216352154016,-0.004852143851922862,0.46339053394250046,-0.004852143851922862,-0.004852143851922862,0.05802368034994021
Heart_Left_Ventricle,-0.007455738025452553,-0.009206061848914041,0.01319427068418792,0.19180895388259955,-0.5580349247687786,0.23484001933726042,0.018561504488071208,0.018561504488071208,0.43725277867141743,0.018561504488071208,0.018561504488071208,0.018561504488071208,0.018561504488071208,0.018561504488071208,-0.1894866114660062,-0.6287292138713959,-0.6483085818935259,0.018561504488071208,0.018561504488071208,0.5281851330175569,0.018561504488071208,0.018561504488071208,-0.30787801668556536,0.22056186741650904,-0.013418045744088135,0.018561504488071208,0.018561504488071208,0.018561504488071208,0.11892187940986287,0.0018208768238898408,0.018561504488071208,0.018561504488071208,0.018561504488071208,0.018561504488071208,0.018561504488071208,-0.12401657600700669,-0.3749892845009249,0.018561504488071208,0.30077070033606595,-0.14079664292119495,-0.20782986153703117,1.163980316859826,0.2165258531385373,0.21857751423659316,0.11571124913208283,0.1499458370337816,0.018561504488071208,0.2636814062877679,0.018561504488071208,0.15703642281227434,0.018561504488071208,0.018561504488071208,0.018561504488071208,0.018561504488071208,0.018561504488071208,0.018561504488071208,-0.015393825799830091,0.018561504488071208,0.018561504488071208,0.018561504488071208,-0.5797586961186807,0.06561494407594182,-1.3226833263208895,0.018561504488071208,0.09846423175870889,0.018561504488071208,0.018561504488071208,0.012599945085407627
Kidney_Cortex,-0.004132994768000713,0.013896453888482254,-0.008098255725405588,0.09746217627731595,-0.3731703056690075,0.2672264658526069,0.01901075220395933,0.01901075220395933,-0.43865248708803184,0.01901075220395933,0.01901075220395933,0.01901075220395933,0.01901075220395933,0.01901075220395933,-0.15190480538340664,0.009374086507379335,-0.39192656567250883,0.01901075220395933,0.01901075220395933,-0.46641972617522637,0.01901075220395933,0.01901075220395933,-0.42832841086220225,-0.22880390624716473,0.03726311476189053,0.01901075220395933,0.01901075220395933,0.01901075220395933,-0.1350592107127035,-0.004122562091232827,0.01901075220395933,0.01901075220395933,0.01901075220395933,0.01901075220395933,0.01901075220395933,0.18153544603579036,0.913655575177295,0.01901075220395933,-0.21012764016041316,-0.3099296962128295,-0.7110338561605306,0.3172196435294948,0.22341962850577152,-0.02251539592261091,-0.012906487068414314,0.20884295379956214,0.01901075220395933,0.355545677754495,0.01901075220395933,0.0922091829614107,0.01901075220395933,0.01901075220395933,0.01901075220395933,0.01901075220395933,0.01901075220395933,0.01901075220395933,-0.029122858069843122,0.01901075220395933,0.01901075220395933,0.01901075220395933,0.8300884003840181,0.10349998881895155,-0.26119606803586665,0.01901075220395933,-0.11015313716368243,0.01901075220395933,0.01901075220395933,0.019087514460982336
Liver,8.265195701769729e-05,0.010760724785614557,0.019305267443833478,0.025968027148354823,-0.5831361792851708,0.07868855975865657,0.02006758839094454,0.02006758839094454,-1.4921973315832844,0.02006758839094454,0.02006758839094454,0.02006758839094454,0.02006758839094454,0.02006758839094454,-0.07240890178239731,0.03425682347253191,0.31448160684592863,0.02006758839094454,0.02006758839094454,-0.8088781568921269,0.02006758839094454,0.02006758839094454,-0.09040110041677941,-0.1524541764494672,-0.06226566033365441,0.02006758839094454,0.02006758839094454,0.02006758839094454,-0.1941682085606165,-0.08404953930997762,0.02006758839094454,0.02006758839094454,0.02006758839094454,0.02006758839094454,0.02006758839094454,1.2548471834138775,1.4979950018625727,0.02006758839094454,-0.26145029689479365,-0.4469908883923798,-0.5737314060478785,-1.783460391225248,0.014266253033371038,0.3414734772515202,0.029118433717504628,0.5018106914359101,0.02006758839094454,0.029570527926103256,0.02006758839094454,0.006803756645379138,0.02006758839094454,0.02006758839094454,0.02006758839094454,0.02006758839094454,0.02006758839094454,0.02006758839094454,0.01569034149986693,0.02006758839094454,0.02006758839094454,0.02006758839094454,0.6001289134986378,0.24187198454253184,0.49885284820450787,0.02006758839094454,0.4073211574379387,0.02006758839094454,0.02006758839094454,0.02323800892761585
Lung,-0.0355819981998116,0.0004281281565553432,-0.005667461460758954,-0.28379929712429236,0.48629408208056035,0.07534705652063454,-0.013449785453673287,-0.013449785453673287,-1.1231318212611805,-0.013449785453673287,-0.013449785453673287,-0.013449785453673287,-0.013449785453673287,-0.013449785453673287,0.03143328758356207,0.3994103797166027,0.10264873274212648,-0.013449785453673287,-0.013449785453673287,-0.19390905186226143,-0.013449785453673287,-0.013449785453673287,0.8423980190574758,0.19714502233544734,-0.06033900571575909,-0.013449785453673287,-0.013449785453673287,-0.013449785453673287,-0.3498236799845272,0.042686570260789744,-0.013449785453673287,-0.013449785453673287,-0.013449785453673287,-0.013449785453673287,-0.013449785453673287,1.2205808718764535,1.2177865142455213,-0.013449785453673287,-0.4291673844517786,-0.27948438402039333,-0.7336875101183229,-1.7180613264530251,-0.3694929923904122,-0.10959452391234006,-0.2278183628744117,-0.35317144139144624,-0.013449785453673287,0.17811915357419,-0.013449785453673287,-0.15986080071989828,-0.013449785453673287,-0.013449785453673287,-0.013449785453673287,-0.013449785453673287,-0.013449785453673287,-0.013449785453673287,0.007973482598769894,-0.013449785453673287,-0.013449785453673287,-0.013449785453673287,0.6160230638211897,0.059190774119823486,1.3451359980220199,-0.013449785453673287,0.06728261065378914,-0.013449785453673287,-0.013449785453673287,0.05117368333846928
Minor_Salivary_Gland,-0.07381397940336261,-0.021930444312483467,-0.026800167860578067,-0.21373168091330227,0.3494702832153965,0.3039668775048076,-0.02624458077740823,-0.02624458077740823,0.09297015477917209,-0.02624458077740823,-0.02624458077740823,-0.02624458077740823,-0.02624458077740823,-0.02624458077740823,0.09934894613840722,0.359475151407407,0.2511742699928241,-0.02624458077740823,-0.02624458077740823,-0.21133569197319335,-0.02624458077740823,-0.02624458077740823,0.3434609749199424,0.3853870311885867,-0.14622506710727204,-0.02624458077740823,-0.02624458077740823,-0.02624458077740823,-0.39100406343436417,-0.04797462617840971,-0.02624458077740823,-0.02624458077740823,-0.02624458077740823,-0.02624458077740823,-0.02624458077740823,0.5502362403443756,0.7995079765442835,-0.02624458077740823,-0.5044706687841221,-0.34854551465935807,-0.6592274611082488,-1.8671713225319617,-0.48696787525621543,-0.02773914319740782,-0.15407224675853293,-0.07507632371810216,-0.02624458077740823,0.36676924162718444,-0.02624458077740823,0.03419534634798645,-0.02624458077740823,-0.02624458077740823,-0.02624458077740823,-0.02624458077740823,-0.02624458077740823,-0.02624458077740823,0.004101186504462374,-0.02624458077740823,-0.02624458077740823,-0.02624458077740823,0.16130070798661295,0.03450663419331634,1.3250832260974317,-0.02624458077740823,0.6874477748365977,-0.02624458077740823,-0.02624458077740823,0.07286337554228905
Muscle_Skeletal,-0.03203977869059101,-0.029988712015401243,0.016496806083666216,0.5990606571117161,-0.8610120999392169,0.12471110516044018,0.013193143511069693,0.013193143511069693,1.2323972857782974,0.013193143511069693,0.013193143511069693,0.013193143511069693,0.013193143511069693,0.013193143511069693,-0.10870080938908383,-0.7413927006315291,-1.3229755536694596,0.013193143511069693,0.013193143511069693,0.16643161968315875,0.013193143511069693,0.013193143511069693,-0.8811281467394898,0.3423941381813348,0.5461239907121304,0.013193143511069693,0.013193143511069693,0.013193143511069693,0.29853755105417706,0.11031078124196704,0.013193143511069693,0.013193143511069693,0.013193143511069693,0.013193143511069693,0.013193143511069693,-0.8751092250326414,-1.6726851084819072,0.013193143511069693,0.5480523649623956,0.10180912414701139,0.5906627310943148,2.9838413828489645,0.46749280354182104,0.5329846294256596,0.10450893714639942,1.1087230945797817,0.013193143511069693,0.08275768852692243,0.013193143511069693,0.23564803231513398,0.013193143511069693,0.013193143511069693,0.013193143511069693,0.013193143511069693,0.013193143511069693,0.013193143511069693,0.07382666916854008,0.013193143511069693,0.013193143511069693,0.013193143511069693,-1.6257555763771316,-0.15614313245943984,-1.4936838780178414,0.013193143511069693,-0.9147235506964689,0.013193143511069693,0.013193143511069693,0.036167259852928235
Nerve_Tibial,-0.06774772786769898,-0.02901789848986125,-0.051089615544265186,-0.19887959150841344,1.184051205264139,0.22935543990513324,-0.040005526240951224,-0.040005526240951224,-0.09963923525443963,-0.040005526240951224,-0.040005526240951224,-0.040005526240951224,-0.040005526240951224,-0.040005526240951224,0.145926346859712,0.3985132763824678,-0.0037023003521915523,-0.040005526240951224,-0.040005526240951224,-0.6239086008610782,-0.040005526240951224,-0.040005526240951224,0.4832710200699516,0.5087481520107499,0.07267534531153469,-0.040005526240951224,-0.040005526240951224,-0.040005526240951224,-0.2742948478553296,-0.037624780692928905,-0.040005526240951224,-0.040005526240951224,-0.040005526240951224,-0.040005526240951224,-0.040005526240951224,0.26246741479677155,0.4855702942176774,-0.040005526240951224,-0.3629047460297991,-0.2369138354104427,0.18641587920773015,-1.9745489781215615,-0.36153501302832547,-0.0864630198576152,-0.30950730391161096,-0.3535859042931975,-0.040005526240951224,-0.011016363246419476,-0.040005526240951224,-0.18561706679318016,-0.040005526240951224,-0.040005526240951224,-0.040005526240951224,-0.040005526240951224,-0.040005526240951224,-0.040005526240951224,-0.010295788932270525,-0.040005526240951224,-0.040005526240951224,-0.040005526240951224,0.25062291392768005,-0.01903505697626432,1.869490059403475,-0.040005526240951224,0.5804082198622129,-0.040005526240951224,-0.040005526240951224,0.08597132917029193
Ovary,-0.06963717163376074,-0.014309982030491619,0.014086523974273318,-0.42099120938945117,0.9928722383764447,0.46463281221362035,-0.03078043577190364,-0.03078043577190364,0.1628904483785297,-0.03078043577190364,-0.03078043577190364,-0.03078043577190364,-0.03078043577190364,-0.03078043577190364,0.37736994350847625,0.2870174018524156,0.9237143815110735,-0.03078043577190364,-0.03078043577190364,-1.0280706138316342,-0.03078043577190364,-0.03078043577190364,0.6971641750971002,0.6766076822056623,-0.004201111501750725,-0.03078043577190364,-0.03078043577190364,-0.03078043577190364,-0.22518232664823884,0.057753940706439334,-0.03078043577190364,-0.03078043577190364,-0.03078043577190364,-0.03078043577190364,-0.03078043577190364,0.48282964036070436,0.31108199776697026,-0.03078043577190364,-0.20480211668520068,-0.09578897732884661,0.12073719492070717,-1.6564127889140485,-0.8072210350945135,-0.29521829546167144,-0.23107006548533549,-0.29472716174319,-0.03078043577190364,-0.13994326639731156,-0.03078043577190364,-0.09172376949238056,-0.03078043577190364,-0.03078043577190364,-0.03078043577190364,-0.03078043577190364,-0.03078043577190364,-0.03078043577190364,6.473199693799239e-05,-0.03078043577190364,-0.03078043577190364,-0.03078043577190364,-0.33943051652310874,-0.03810283190370182,1.758033241300265,-0.03078043577190364,-0.3234882978602597,-0.03078043577190364,-0.03078043577190364,0.07743791670871947
Pancreas,-0.05510037179022331,-0.020672848565238194,0.03699876750536736,-0.16497494331074797,-0.006868556212802461,0.03882247674870597,-0.016007917602037295,-0.016007917602037295,-0.24424375055470243,-0.016007917602037295,-0.016007917602037295,-0.016007917602037295,-0.016007917602037295,-0.016007917602037295,0.1829919974534302,0.626207705326598,1.3870941308351628,-0.016007917602037295,-0.016007917602037295,0.11188699359801257,-0.016007917602037295,-0.016007917602037295,-0.14712794948745997,0.03324231024713016,-0.1689659450058529,-0.016007917602037295,-0.016007917602037295,-0.016007917602037295,-0.12560330186945654,-0.10098526502258992,-0.016007917602037295,-0.016007917602037295,-0.016007917602037295,-0.016007917602037295,-0.016007917602037295,0.7263154986979555,0.7734154931652962,-0.016007917602037295,-0.12230678233593664,-0.02820397761768862,-1.3335482666948504,-1.7661753913140874,-0.47711424696223104,-0.17930192574687623,-0.06842405324330272,-0.23488466749332912,-0.016007917602037295,0.18477626911364964,-0.016007917602037295,-0.09775505397159509,-0.016007917602037295,-0.016007917602037295,-0.016007917602037295,-0.016007917602037295,-0.016007917602037295,-0.016007917602037295,-0.004957538372667698,-0.016007917602037295,-0.016007917602037295,-0.016007917602037295,1.0451322425903717,0.05402568498064381,0.7951075698673838,-0.016007917602037295,-0.10453310608880173,-0.016007917602037295,-0.016007917602037295,0.045191396862321764
Pituitary,-0.0045326318872569975,0.01897322315315987,0.01399885938930763,-0.17872354566860474,0.07265734346729373,0.4505785680905134,0.01445340483492035,0.01445340483492035,-0.8432786849668469,0.01445340483492035,0.01445340483492035,0.01445340483492035,0.01445340483492035,0.01445340483492035,0.16153469855489103,0.2224791948679698,0.8671924958595224,0.01445340483492035,0.01445340483492035,-1.1018611839274735,0.01445340483492035,0.01445340483492035,0.5091490359833558,-0.1967922816422967,0.03094846189891358,0.01445340483492035,0.01445340483492035,0.01445340483492035,0.03728216485410047,0.08072935863993318,0.01445340483492035,0.01445340483492035,0.01445340483492035,0.01445340483492035,0.01445340483492035,0.650561117838581,0.4390706026450657,0.01445340483492035,-0.11705036949160129,-0.3034377331735381,-0.2597431816392806,-0.8758285938826545,-0.13141186683407396,-0.33327373713897135,-0.03168480967233158,-0.10823838723036995,0.01445340483492035,-0.2569811751925163,0.01445340483492035,0.0075587328371233675,0.01445340483492035,0.01445340483492035,0.01445340483492035,0.01445340483492035,0.01445340483492035,0.01445340483492035,0.038856443151128586,0.01445340483492035,0.01445340483492035,0.01445340483492035,0.35846329995724285,0.034654467490384526,0.6120939579331346,0.01445340483492035,-0.35535960865109745,0.01445340483492035,0.01445340483492035,0.01531882492497505
Prostate,-0.01344296455313794,0.015362944525642382,-0.008164690027876365,-0.1120843280862262,0.6011011585892722,0.25328827361761025,0.004850969214573505,0.004850969214573505,-0.4293947056749015,0.004850969214573505,0.004850969214573505,0.004850969214573505,0.004850969214573505,0.004850969214573505,0.17242559411567174,0.3376744937677152,0.11849072721714128,0.004850969214573505,0.004850969214573505,-1.3740137258418657,0.004850969214573505,0.004850969214573505,0.498119444519186,0.48029637256055474,0.05615827821649326,0.004850969214573505,0.004850969214573505,0.004850969214573505,-0.2235475343091479,0.06658392925439957,0.004850969214573505,0.004850969214573505,0.004850969214573505,0.004850969214573505,0.004850969214573505,0.1262107137492953,0.1962915910259215,0.004850969214573505,-0.14817015083038146,-0.383401427917311,-0.1298541250203029,-1.2678428709280685,-0.3967265461226961,-0.24770991831668143,-0.06180581347954062,-0.33090852049212377,0.004850969214573505,0.20828093279597262,0.004850969214573505,0.08803116986369316,0.004850969214573505,0.004850969214573505,0.004850969214573505,0.004850969214573505,0.004850969214573505,0.004850969214573505,0.061024100613822505,0.004850969214573505,0.004850969214573505,0.004850969214573505,0.44950763620767376,-0.004337233193035207,1.4372488407957487,0.004850969214573505,-0.19962459993801643,0.004850969214573505,0.004850969214573505,0.04000235535600938
Skin_Not_Sun_Exposed_Suprapubic,-0.09329954354052691,-0.026575539601937447,-0.05015863048042819,-0.20331630300555517,0.9884870675477505,0.5454440548168926,-0.04006737632639512,-0.04006737632639512,-0.2590603109077283,-0.04006737632639512,-0.04006737632639512,-0.04006737632639512,-0.04006737632639512,-0.04006737632639512,0.15178810947629506,0.31959555771340953,0.5197404739618239,-0.04006737632639512,-0.04006737632639512,-0.23591639238037926,-0.04006737632639512,-0.04006737632639512,0.4806193309455735,0.5688073683133972,0.08242860951278148,-0.04006737632639512,-0.04006737632639512,-0.04006737632639512,-0.2634346666089019,-0.042743548089773875,-0.04006737632639512,-0.04006737632639512,-0.04006737632639512,-0.04006737632639512,-0.04006737632639512,0.6231631192316024,0.902449741527302,-0.04006737632639512,-0.4781384568482002,-0.40019593500686546,0.029271367516269298,-2.0587617380101997,-0.7068854912565661,-0.250839766176555,-0.27038605059550663,-0.3185824303411008,-0.04006737632639512,0.30413584787181963,-0.04006737632639512,0.029810993440181427,-0.04006737632639512,-0.04006737632639512,-0.04006737632639512,-0.04006737632639512,-0.04006737632639512,-0.04006737632639512,0.010726585367720635,-0.04006737632639512,-0.04006737632639512,-0.04006737632639512,0.09575553490794589,-0.0713754084301082,1.1416732742866365,-0.04006737632639512,0.29806396994036555,-0.04006737632639512,-0.04006737632639512,0.12684991481786023
Skin_Sun_Exposed_Lower_leg,-0.0782273622878999,-0.020517646683151376,-0.04279265394933234,-0.14864592532955873,1.1516028665066196,0.3883622586348086,-0.03495208484698127,-0.03495208484698127,-0.1540067811331619,-0.03495208484698127,-0.03495208484698127,-0.03495208484698127,-0.03495208484698127,-0.03495208484698127,0.07975749679501758,0.27815627212728333,0.12051304842605108,-0.03495208484698127,-0.03495208484698127,-0.3341385881387125,-0.03495208484698127,-0.03495208484698127,0.25225820505355934,0.5942454097468498,0.12297039872245479,-0.03495208484698127,-0.03495208484698127,-0.03495208484698127,-0.26218385311772235,-0.002728684093055829,-0.03495208484698127,-0.03495208484698127,-0.03495208484698127,-0.03495208484698127,-0.03495208484698127,0.25217830544036707,0.7064788837975678,-0.03495208484698127,-0.6870295190652376,-0.2581221767135756,-0.06266315819791639,-1.3178977412630595,-0.623220397496187,-0.2057077708124504,-0.23228737632775193,-0.31555437822378524,-0.03495208484698127,0.43619346413708837,-0.03495208484698127,0.039045312071355476,-0.03495208484698127,-0.03495208484698127,-0.03495208484698127,-0.03495208484698127,-0.03495208484698127,-0.03495208484698127,0.030953365802948885,-0.03495208484698127,-0.03495208484698127,-0.03495208484698127,0.06162854235854125,-0.13121637882756762,1.2776961193092213,-0.03495208484698127,0.2732713275277547,-0.03495208484698127,-0.03495208484698127,0.10515649370014613
Small_Intestine_Terminal_Ileum,-0.017129605874951586,-0.0014467234488404418,0.04871221357281109,-0.269819394127505,0.0954669650333692,-0.042928341508792246,-0.007304528625986719,-0.007304528625986719,-0.865636090477632,-0.007304528625986719,-0.007304528625986719,-0.007304528625986719,-0.007304528625986719,-0.007304528625986719,0.16294851872301488,0.4961898763044942,0.7985921085262729,-0.007304528625986719,-0.007304528625986719,-0.05724938928980365,-0.007304528625986719,-0.007304528625986719,0.515229990669079,0.4669485120000911,-0.10279244864218219,-0.007304528625986719,-0.007304528625986719,-0.007304528625986719,-0.31395092616158937,0.015590182308370022,-0.007304528625986719,-0.007304528625986719,-0.007304528625986719,-0.007304528625986719,-0.007304528625986719,0.8482979568788511,0.8515238849233919,-0.007304528625986719,-0.28110815371472087,-0.3027402695561427,-0.6881520752201284,-1.5612090543467467,-0.35885286284706297,-0.07872327241724582,-0.1115270359872093,-0.33474676763245953,-0.007304528625986719,0.13039904684781772,-0.007304528625986719,-0.04183150087716841,-0.007304528625986719,-0.007304528625986719,-0.007304528625986719,-0.007304528625986719,-0.007304528625986719,-0.007304528625986719,-0.023519769706633248,-0.007304528625986719,-0.007304528625986719,-0.007304528625986719,0.627976668119813,0.04494272006216902,0.4620800306576228,-0.007304528625986719,0.13681898049319496,-0.007304528625986719,-0.007304528625986719,0.02551963633080434
Spleen,0.029587506264533145,0.032142211279748575,0.07429741965901622,-0.31056289530443615,-0.16486475667753586,-0.11065879005777796,0.022114949421636353,0.022114949421636353,-1.6370278646434775,0.022114949421636353,0.022114949421636353,0.022114949421636353,0.022114949421636353,0.022114949421636353,0.2158539947843491,0.5737781183412696,1.289143004591407,0.022114949421636353,0.022114949421636353,-0.7338378421252624,0.022114949421636353,0.022114949421636353,0.9032135771327396,0.6165832146482165,-0.07486964836663426,0.022114949421636353,0.022114949421636353,0.022114949421636353,-0.1622575470914938,0.1659450565592017,0.022114949421636353,0.022114949421636353,0.022114949421636353,0.022114949421636353,0.022114949421636353,1.1431844240932694,0.905490857995657,0.022114949421636353,-0.6012101921659035,-0.24830293868393286,-0.5688346001123271,-1.2943416677553505,-0.4679381671414527,-0.607093677670978,-0.20413214387593795,-0.2128212395092749,0.022114949421636353,-0.31178129718551767,0.022114949421636353,-0.04513630212423533,0.022114949421636353,0.022114949421636353,0.022114949421636353,0.022114949421636353,0.022114949421636353,0.022114949421636353,0.08921686321521513,0.022114949421636353,0.022114949421636353,0.022114949421636353,0.42514348821928316,0.09158421041946313,0.8941192778200597,0.022114949421636353,-0.4455199348675368,0.022114949421636353,0.022114949421636353,0.027847942513958723
Stomach,-0.006661399419243513,0.002237870025617981,0.052116340845382664,-0.03597593243802499,0.01717463152375625,0.003708258985025052,0.00884648670083597,0.00884648670083597,-0.2070650199398854,0.00884648670083597,0.00884648670083597,0.00884648670083597,0.00884648670083597,0.00884648670083597,0.09354208101564743,0.2257804602534174,0.3691943255151293,0.00884648670083597,0.00884648670083597,0.0474737335207322,0.00884648670083597,0.00884648670083597,0.21364695922226054,0.1345074848841946,-0.05762426063103436,0.00884648670083597,0.00884648670083597,0.00884648670083597,-0.03543496011428572,-0.01289497948144942,0.00884648670083597,0.00884648670083597,0.00884648670083597,0.00884648670083597,0.00884648670083597,0.5762326353964122,0.3062438497976741,0.00884648670083597,-0.08663613658954109,-0.07457622509712615,-1.0385879786616397,-0.8248787523411046,-0.2996053562980671,-0.09350343977039986,0.025867168002531426,-0.37343350459355407,0.00884648670083597,-0.0741652098627022,0.00884648670083597,-0.007143573242953186,0.00884648670083597,0.00884648670083597,0.00884648670083597,0.00884648670083597,0.00884648670083597,0.00884648670083597,-0.012013574794810487,0.00884648670083597,0.00884648670083597,0.00884648670083597,0.46425505262374833,0.07027066691076557,0.23078535488099586,0.00884648670083597,0.1063828820441079,0.00884648670083597,0.00884648670083597,0.026265717140401157
Testis,-0.08640704545268947,0.0008742263620382801,0.03997575617000808,0.2049069815202892,-1.0148487456585575,0.7418839456240517,0.01253217405574078,0.01253217405574078,-2.9564413568252985,0.01253217405574078,0.01253217405574078,0.01253217405574078,0.01253217405574078,0.01253217405574078,1.0549487423223822,0.7289321561413904,3.457026205142865,0.01253217405574078,0.01253217405574078,-2.707209619613484,0.01253217405574078,0.01253217405574078,2.1659390797035205,0.43266408631600783,0.5339242554938592,0.01253217405574078,0.01253217405574078,0.01253217405574078,0.4643445367629554,0.22115813810443485,0.01253217405574078,0.01253217405574078,0.01253217405574078,0.01253217405574078,0.01253217405574078,-0.2348418609906365,-0.3182582404650237,0.01253217405574078,0.71723154932134,-0.535723539275338,0.660655065681329,-0.4649780534537883,0.1876069774755618,-0.899761238755093,-0.031558935612381885,0.136786324161972,0.01253217405574078,-0.8003177678471621,0.01253217405574078,-0.10679934586803938,0.01253217405574078,0.01253217405574078,0.01253217405574078,0.01253217405574078,0.01253217405574078,0.01253217405574078,0.12513271752244598,0.01253217405574078,0.01253217405574078,0.01253217405574078,-0.5632077559283817,-0.1190036074922077,0.3041726051677345,0.01253217405574078,-1.7649001536512918,0.01253217405574078,0.01253217405574078,0.05827487269877096
Thyroid,-0.04163631210383116,-0.006706751099602408,-0.006435980193705355,-0.2660101836785592,0.6224624282493022,0.06547616725373613,-0.020945112763920887,-0.020945112763920887,-0.32206345567833117,-0.020945112763920887,-0.020945112763920887,-0.020945112763920887,-0.020945112763920887,-0.020945112763920887,0.21554945037362908,0.37594821377755516,0.6899851217668781,-0.020945112763920887,-0.020945112763920887,-0.9338032888700224,-0.020945112763920887,-0.020945112763920887,0.5656372428854889,0.4328419441468371,-0.013536530133690813,-0.020945112763920887,-0.020945112763920887,-0.020945112763920887,-0.10041568572217967,-0.06800073675241618,-0.020945112763920887,-0.020945112763920887,-0.020945112763920887,-0.020945112763920887,-0.020945112763920887,0.6803376005401253,1.0183865620719867,-0.020945112763920887,-0.40828377229263035,-0.3769164406246417,-0.9083759605954677,-1.600254211012522,-0.5493764567622393,-0.2108472704597538,-0.0682697137903338,-0.42827148761872513,-0.020945112763920887,0.31566207566867455,-0.020945112763920887,-0.07651430127596962,-0.020945112763920887,-0.020945112763920887,-0.020945112763920887,-0.020945112763920887,-0.020945112763920887,-0.020945112763920887,-0.017622187069410964,-0.020945112763920887,-0.020945112763920887,-0.020945112763920887,0.66380028936548,0.034338389248766546,1.4299101185682528,-0.020945112763920887,0.0051389557906303535,-0.020945112763920887,-0.020945112763920887,0.038765480975608835
Uterus,-0.015111627959287806,0.014060771047002,0.04212574354331702,-0.2528570471834593,1.06157731647126,0.16616896065265294,-0.002475040768033392,-0.002475040768033392,-0.21607561576323256,-0.002475040768033392,-0.002475040768033392,-0.002475040768033392,-0.002475040768033392,-0.002475040768033392,0.20439406099023075,0.2756223436431652,0.22817648219840617,-0.002475040768033392,-0.002475040768033392,-0.7329955021421691,-0.002475040768033392,-0.002475040768033392,0.26342609667841105,0.6916708431648168,0.12817417522324157,-0.002475040768033392,-0.002475040768033392,-0.002475040768033392,-0.10725750645963061,0.10583120224990435,-0.002475040768033392,-0.002475040768033392,-0.002475040768033392,-0.002475040768033392,-0.002475040768033392,-0.05373247256799498,-0.392146264504811,-0.002475040768033392,-0.22604810080305518,0.07394557225037512,0.26014771204749787,-0.9315882505971699,-0.6021971035600525,-0.16089282817473222,-0.1767446541023812,-0.6121162222976421,-0.002475040768033392,-0.006020150410629602,-0.002475040768033392,-0.09635756650553381,-0.002475040768033392,-0.002475040768033392,-0.002475040768033392,-0.002475040768033392,-0.002475040768033392,-0.002475040768033392,0.0020700417956684143,-0.002475040768033392,-0.002475040768033392,-0.002475040768033392,-0.1989749550235229,-0.030809292521298475,1.3883584086961767,-0.002475040768033392,-0.009673183962386924,-0.002475040768033392,-0.002475040768033392,0.05740771976729542
Vagina,-0.05972685472851612,0.0013569455881555642,-0.034794104340712215,-0.2148015705374974,0.8548269358778661,0.26957165795232657,-0.018358007013370373,-0.018358007013370373,-0.19876257806230874,-0.018358007013370373,-0.018358007013370373,-0.018358007013370373,-0.018358007013370373,-0.018358007013370373,0.047419092263194365,0.41534208097820174,-0.23590339513558875,-0.018358007013370373,-0.018358007013370373,-0.5477317444435341,-0.018358007013370373,-0.018358007013370373,0.37963458033638114,0.470990742491409,-0.008423761440535929,-0.018358007013370373,-0.018358007013370373,-0.018358007013370373,-0.1083212219460747,0.008399650916212555,-0.018358007013370373,-0.018358007013370373,-0.018358007013370373,-0.018358007013370373,-0.018358007013370373,0.08480445183003857,0.09532795423652801,-0.018358007013370373,-0.3871066943400506,-0.18146602588968355,-0.0389934100857482,-1.2474398529334298,-0.5507813395205078,-0.11433402147373746,-0.16791281684040657,-0.508828814946972,-0.018358007013370373,0.5018441814899991,-0.018358007013370373,0.06778778036514693,-0.018358007013370373,-0.018358007013370373,-0.018358007013370373,-0.018358007013370373,-0.018358007013370373,-0.018358007013370373,0.0025723828206427046,-0.018358007013370373,-0.018358007013370373,-0.018358007013370373,-0.07009253775774993,-0.046674160990625886,1.7286515428834133,-0.018358007013370373,0.41773716383875625,-0.018358007013370373,-0.018358007013370373,0.07288516907623599
Whole_Blood,-0.11168888031474501,-0.028987295066112244,-0.037308400597861384,-0.3762128292803038,-0.650393853400344,0.4925599205503107,-0.030396296470369576,-0.030396296470369576,-2.1830028884435047,-0.030396296470369576,-0.030396296470369576,-0.030396296470369576,-0.030396296470369576,-0.030396296470369576,0.07888444810226117,0.827980023582368,0.5797133333026184,-0.030396296470369576,-0.030396296470369576,-0.5492035415356646,-0.030396296470369576,-0.030396296470369576,1.3860312424437193,0.49626944091844805,-0.24471977227635275,-0.030396296470369576,-0.030396296470369576,-0.030396296470369576,-0.6349065883706332,0.10528065615459305,-0.030396296470369576,-0.030396296470369576,-0.030396296470369576,-0.030396296470369576,-0.030396296470369576,1.4171490511791291,1.3837560112609504,-0.030396296470369576,-0.42647614675841167,-0.4337742171108531,-0.7296857747277745,-0.6944144601600388,-0.05744423401132287,-0.2711711486676411,-0.5572514547522148,0.3894912757941306,-0.030396296470369576,-0.2978213807852733,-0.030396296470369576,-0.14174300300730733,-0.030396296470369576,-0.030396296470369576,-0.030396296470369576,-0.030396296470369576,-0.030396296470369576,-0.030396296470369576,0.040578923230937675,-0.030396296470369576,-0.030396296470369576,-0.030396296470369576,0.810683915622105,0.08955848888675791,1.135448168754685,-0.030396296470369576,0.22629504947591061,-0.030396296470369576,-0.030396296470369576,0.0272011232500059
Mean,0.018602321518215746,-0.002603751442379801,-0.2447876384432098,0.2806788463948052,3.231373305590595,1.2087698450046247,-0.05305266135630796,-0.05305266135630796,8.435071876102052,-0.05305266135630796,-0.05305266135630796,-0.05305266135630796,-0.05305266135630796,-0.05305266135630796,-1.5022006204757987,-2.928820595187776,-10.07708618684693,-0.05305266135630796,-0.05305266135630796,1.6701774012391506,-0.05305266135630796,-0.05305266135630796,-4.454060626535135,-2.9023832718567277,-0.23526300309060755,-0.05305266135630796,-0.05305266135630796,-0.05305266135630796,-2.1646301710026767,0.5200213406209551,-0.05305266135630796,-0.05305266135630796,-0.05305266135630796,-0.05305266135630796,-0.05305266135630796,-3.576188023533247,-2.191185329236549,-0.05305266135630796,-1.5440811766493079,0.0702449207296445,2.9519156448832122,5.936682288525654,-0.42879566197657754,2.5759507244047617,-0.7168832747264551,4.853221719362445,-0.05305266135630796,3.2931420008262813,-0.05305266135630796,1.6457442619926956,-0.05305266135630796,-0.05305266135630796,-0.05305266135630796,-0.05305266135630796,-0.05305266135630796,-0.05305266135630796,-0.5587107296524078,-0.05305266135630796,-0.05305266135630796,-0.05305266135630796,-2.367359517785049,-0.3635940202210302,-1.2102187174486931,-0.05305266135630796,2.581046305029934,-0.05305266135630796,-0.05305266135630796,0.09110527434321536
